Revisi:,,,,,,,,,,,,
Atribut:,,,,,,,,,,,,
Nomor,Variabel,Ket. Lojik nol,Ket. Lojik Satu,Arsip,Arsip Aktif,Alarm,Alarm Aktif,Kelompok,Stasiun,,,
1,SLO-AA-BZ-DO,,,,,,,,SLO,18,0,0
2,SLO-THB-PBE-DO,,,,,,,,SLO,18,1,1
3,SLO-TPR-BANTU-PBE-DO,,,,,,,,SLO,18,2,2
4,SLO-SYSTEM-FE-DO,,,,,,,,SLO,18,3,3
5,SLO-WARNING-FE-DO,,,,,,,,SLO,18,4,4
6,SLO-COMM-FE-DO,,,,,,,,SLO,18,5,5
7,SLO-LOGGER-FE-DO,,,,,,,,SLO,18,6,6
8,SLO-SWITCH-FE-DO,,,,,,,,SLO,18,7,7
9,SLO-SIGNAL-FE-DO,,,,,,,,SLO,18,8,8
10,SLO-DIR-FE-DO,,,,,,,,SLO,18,9,9
11,SLO-PB-FE-DO,,,,,,,,SLO,18,10,10
12,SLO-SUPPLY-PLN-DO,,,,,,,,SLO,18,11,11
13,SLO-SUPPLY-UPS-DO,,,,,,,,SLO,18,12,12
14,SLO-SUPPLY-GENSET-DO,,,,,,,,SLO,18,13,13
15,SLO-PS-NORM-DO,,,,,,,,SLO,18,14,14
16,SLO-PS-FE-DO,,,,,,,,SLO,18,15,15
17,SLO-GENSET-START-DO,,,,,,,,SLO,19,0,16
18,SLO-GENSET-EMPTY-DO,,,,,,,,SLO,19,1,17
19,SLO-UPS-INVERTER-DO,,,,,,,,SLO,19,2,18
20,SLO-UPS-LOWBATT-DO,,,,,,,,SLO,19,3,19
21,SLO-TERPUSAT-DO,,,,,,,,SLO,19,4,20
22,SLO-SETEMPAT-DO,,,,,,,,SLO,19,5,21
23,SLO-TPR-COUNT-DO,,Penghitung PPR Bertambah Satu,1,1,,,perintah,SLO,19,6,22
24,SLO-TSD-COUNT-DO,,Penghitung PSD Bertambah Satu,1,1,,,perintah,SLO,19,7,23
25,SLO-TBMS-COUNT-DO,,Penghitung PPMS Bertambah Satu,1,1,,,perintah,SLO,19,8,24
26,SLO-TWT-COUNT-DO,,Penghitung PPW Bertambah Satu,1,1,,,perintah,SLO,19,9,25
27,SLO-TBW-COUNT-DO,,Penghitung PWD Bertambah Satu,1,1,,,perintah,SLO,19,10,26
28,SLO-J10-PBE-DO,,,,,,,,SLO,19,11,27
29,SLO-J10-RGE-DO,,,,,,,,SLO,19,12,28
30,SLO-J10-CGE-DO,,,,,,,,SLO,19,13,29
31,SLO-J10-EGE-DO,,,,,,,,SLO,19,14,30
32,SLO-J114-PBE-DO,,,,,,,,SLO,19,15,31
33,SLO-J114-RGE-DO,,,,,,,,SLO,20,0,32
34,SLO-J114-CGE-DO,,,,,,,,SLO,20,1,33
35,SLO-J114-EGE-DO,,,,,,,,SLO,20,2,34
36,SLO-J130-PBE-DO,,,,,,,,SLO,20,3,35
37,SLO-J130-RGE-DO,,,,,,,,SLO,20,4,36
38,SLO-J130-CGE-DO,,,,,,,,SLO,20,5,37
39,SLO-J130-EGE-DO,,,,,,,,SLO,20,6,38
40,SLO-J134-PBE-DO,,,,,,,,SLO,20,7,39
41,SLO-J134-RGE-DO,,,,,,,,SLO,20,8,40
42,SLO-J134-EGE-DO,,,,,,,,SLO,20,9,41
43,SLO-J20-PBE-DO,,,,,,,,SLO,20,10,42
44,SLO-J20-RGE-DO,,,,,,,,SLO,20,11,43
45,SLO-J20-EGE-DO,,,,,,,,SLO,20,12,44
46,SLO-JL112A-PBE-DO,,,,,,,,SLO,20,13,45
47,SLO-JL112A-RGE-DO,,,,,,,,SLO,20,14,46
48,SLO-JL112A-CGE-DO,,,,,,,,SLO,20,15,47
49,SLO-JL112A-EGE-DO,,,,,,,,SLO,21,0,48
50,SLO-JL112A-CFGE-DO,,,,,,,,SLO,21,1,49
51,SLO-JL112A-WGE-DO,,,,,,,,SLO,21,2,50
52,SLO-JL112B-PBE-DO,,,,,,,,SLO,21,3,51
53,SLO-JL112B-RGE-DO,,,,,,,,SLO,21,4,52
54,SLO-JL112B-CGE-DO,,,,,,,,SLO,21,5,53
55,SLO-JL112B-EGE-DO,,,,,,,,SLO,21,6,54
56,SLO-JL112B-CFGE-DO,,,,,,,,SLO,21,7,55
57,SLO-JL112B-WGE-DO,,,,,,,,SLO,21,8,56
58,SLO-JL12A-PBE-DO,,,,,,,,SLO,21,9,57
59,SLO-JL12A-RGE-DO,,,,,,,,SLO,21,10,58
60,SLO-JL12A-CGE-DO,,,,,,,,SLO,21,11,59
61,SLO-JL12A-EGE-DO,,,,,,,,SLO,21,12,60
62,SLO-JL12A-CFGE-DO,,,,,,,,SLO,21,13,61
63,SLO-JL12A-WGE-DO,,,,,,,,SLO,21,14,62
64,SLO-JL12B-PBE-DO,,,,,,,,SLO,21,15,63
65,SLO-JL12B-RGE-DO,,,,,,,,SLO,22,0,64
66,SLO-JL12B-CGE-DO,,,,,,,,SLO,22,1,65
67,SLO-JL12B-EGE-DO,,,,,,,,SLO,22,2,66
68,SLO-JL12B-WGE-DO,,,,,,,,SLO,22,3,67
69,SLO-JL132A-PBE-DO,,,,,,,,SLO,22,4,68
70,SLO-JL132A-RGE-DO,,,,,,,,SLO,22,5,69
71,SLO-JL132A-CGE-DO,,,,,,,,SLO,22,6,70
72,SLO-JL132A-EGE-DO,,,,,,,,SLO,22,7,71
73,SLO-JL132A-WGE-DO,,,,,,,,SLO,22,8,72
74,SLO-JL132B-PBE-DO,,,,,,,,SLO,22,9,73
75,SLO-JL132B-RGE-DO,,,,,,,,SLO,22,10,74
76,SLO-JL132B-CGE-DO,,,,,,,,SLO,22,11,75
77,SLO-JL132B-EGE-DO,,,,,,,,SLO,22,12,76
78,SLO-JL132B-WGE-DO,,,,,,,,SLO,22,13,77
79,SLO-JL152A-PBE-DO,,,,,,,,SLO,22,14,78
80,SLO-JL152A-RGE-DO,,,,,,,,SLO,22,15,79
81,SLO-JL152A-CGE-DO,,,,,,,,SLO,23,0,80
82,SLO-JL152A-EGE-DO,,,,,,,,SLO,23,1,81
83,SLO-JL152A-CFGE-DO,,,,,,,,SLO,23,2,82
84,SLO-JL152A-WGE-DO,,,,,,,,SLO,23,3,83
85,SLO-JL152B-PBE-DO,,,,,,,,SLO,23,4,84
86,SLO-JL152B-RGE-DO,,,,,,,,SLO,23,5,85
87,SLO-JL152B-CGE-DO,,,,,,,,SLO,23,6,86
88,SLO-JL152B-EGE-DO,,,,,,,,SLO,23,7,87
89,SLO-JL152B-CFGE-DO,,,,,,,,SLO,23,8,88
90,SLO-JL152B-WGE-DO,,,,,,,,SLO,23,9,89
91,SLO-JL172A-PBE-DO,,,,,,,,SLO,23,10,90
92,SLO-JL172A-RGE-DO,,,,,,,,SLO,23,11,91
93,SLO-JL172A-CGE-DO,,,,,,,,SLO,23,12,92
94,SLO-JL172A-EGE-DO,,,,,,,,SLO,23,13,93
95,SLO-JL172A-CFGE-DO,,,,,,,,SLO,23,14,94
96,SLO-JL172A-WGE-DO,,,,,,,,SLO,23,15,95
97,SLO-JL172B-PBE-DO,,,,,,,,SLO,24,0,96
98,SLO-JL172B-RGE-DO,,,,,,,,SLO,24,1,97
99,SLO-JL172B-CGE-DO,,,,,,,,SLO,24,2,98
100,SLO-JL172B-EGE-DO,,,,,,,,SLO,24,3,99
101,SLO-JL172B-CFGE-DO,,,,,,,,SLO,24,4,100
102,SLO-JL172B-WGE-DO,,,,,,,,SLO,24,5,101
103,SLO-JL192A-PBE-DO,,,,,,,,SLO,24,6,102
104,SLO-JL192A-RGE-DO,,,,,,,,SLO,24,7,103
105,SLO-JL192A-CGE-DO,,,,,,,,SLO,24,8,104
106,SLO-JL192A-EGE-DO,,,,,,,,SLO,24,9,105
107,SLO-JL192A-CFGE-DO,,,,,,,,SLO,24,10,106
108,SLO-JL192A-WGE-DO,,,,,,,,SLO,24,11,107
109,SLO-JL192B-PBE-DO,,,,,,,,SLO,24,12,108
110,SLO-JL192B-RGE-DO,,,,,,,,SLO,24,13,109
111,SLO-JL192B-CGE-DO,,,,,,,,SLO,24,14,110
112,SLO-JL192B-EGE-DO,,,,,,,,SLO,24,15,111
113,SLO-JL192B-CFGE-DO,,,,,,,,SLO,25,0,112
114,SLO-JL192B-WGE-DO,,,,,,,,SLO,25,1,113
115,SLO-JL22A-PBE-DO,,,,,,,,SLO,25,2,114
116,SLO-JL22A-RGE-DO,,,,,,,,SLO,25,3,115
117,SLO-JL22A-CGE-DO,,,,,,,,SLO,25,4,116
118,SLO-JL22A-EGE-DO,,,,,,,,SLO,25,5,117
119,SLO-JL22A-WGE-DO,,,,,,,,SLO,25,6,118
120,SLO-JL22B-PBE-DO,,,,,,,,SLO,25,7,119
121,SLO-JL22B-RGE-DO,,,,,,,,SLO,25,8,120
122,SLO-JL22B-CGE-DO,,,,,,,,SLO,25,9,121
123,SLO-JL22B-EGE-DO,,,,,,,,SLO,25,10,122
124,SLO-JL22B-CFGE-DO,,,,,,,,SLO,25,11,123
125,SLO-JL22B-WGE-DO,,,,,,,,SLO,25,12,124
126,SLO-JL42A-PBE-DO,,,,,,,,SLO,25,13,125
127,SLO-JL42A-RGE-DO,,,,,,,,SLO,25,14,126
128,SLO-JL42A-CGE-DO,,,,,,,,SLO,25,15,127
129,SLO-JL42A-EGE-DO,,,,,,,,SLO,26,0,128
130,SLO-JL42A-CFGE-DO,,,,,,,,SLO,26,1,129
131,SLO-JL42A-WGE-DO,,,,,,,,SLO,26,2,130
132,SLO-JL42B-PBE-DO,,,,,,,,SLO,26,3,131
133,SLO-JL42B-RGE-DO,,,,,,,,SLO,26,4,132
134,SLO-JL42B-CGE-DO,,,,,,,,SLO,26,5,133
135,SLO-JL42B-EGE-DO,,,,,,,,SLO,26,6,134
136,SLO-JL42B-CFGE-DO,,,,,,,,SLO,26,7,135
137,SLO-JL42B-WGE-DO,,,,,,,,SLO,26,8,136
138,SLO-JL62A-PBE-DO,,,,,,,,SLO,26,9,137
139,SLO-JL62A-RGE-DO,,,,,,,,SLO,26,10,138
140,SLO-JL62A-CGE-DO,,,,,,,,SLO,26,11,139
141,SLO-JL62A-EGE-DO,,,,,,,,SLO,26,12,140
142,SLO-JL62A-CFGE-DO,,,,,,,,SLO,26,13,141
143,SLO-JL62A-WGE-DO,,,,,,,,SLO,26,14,142
144,SLO-JL62B-PBE-DO,,,,,,,,SLO,26,15,143
145,SLO-JL62B-RGE-DO,,,,,,,,SLO,27,0,144
146,SLO-JL62B-CGE-DO,,,,,,,,SLO,27,1,145
147,SLO-JL62B-EGE-DO,,,,,,,,SLO,27,2,146
148,SLO-JL62B-CFGE-DO,,,,,,,,SLO,27,3,147
149,SLO-JL62B-WGE-DO,,,,,,,,SLO,27,4,148
150,SLO-JL92A-PBE-DO,,,,,,,,SLO,27,5,149
151,SLO-JL92A-RGE-DO,,,,,,,,SLO,27,6,150
152,SLO-JL92A-CGE-DO,,,,,,,,SLO,27,7,151
153,SLO-JL92A-EGE-DO,,,,,,,,SLO,27,8,152
154,SLO-JL92A-CFGE-DO,,,,,,,,SLO,27,9,153
155,SLO-JL92A-WGE-DO,,,,,,,,SLO,27,10,154
156,SLO-JL92B-PBE-DO,,,,,,,,SLO,27,11,155
157,SLO-JL92B-RGE-DO,,,,,,,,SLO,27,12,156
158,SLO-JL92B-CGE-DO,,,,,,,,SLO,27,13,157
159,SLO-JL92B-EGE-DO,,,,,,,,SLO,27,14,158
160,SLO-JL92B-CFGE-DO,,,,,,,,SLO,27,15,159
161,SLO-JL92B-WGE-DO,,,,,,,,SLO,28,0,160
162,SLO-L11A-PBE-DO,,,,,,,,SLO,28,1,161
163,SLO-L11A-RGE-DO,,,,,,,,SLO,28,2,162
164,SLO-L11A-WGE-DO,,,,,,,,SLO,28,3,163
165,SLO-L11B-PBE-DO,,,,,,,,SLO,28,4,164
166,SLO-L11B-RGE-DO,,,,,,,,SLO,28,5,165
167,SLO-L11B-WGE-DO,,,,,,,,SLO,28,6,166
168,SLO-L130-PBE-DO,,,,,,,,SLO,28,7,167
169,SLO-L130-RGE-DO,,,,,,,,SLO,28,8,168
170,SLO-L130-WGE-DO,,,,,,,,SLO,28,9,169
171,SLO-L133A-PBE-DO,,,,,,,,SLO,28,10,170
172,SLO-L133A-RGE-DO,,,,,,,,SLO,28,11,171
173,SLO-L133A-WGE-DO,,,,,,,,SLO,28,12,172
174,SLO-L133B-PBE-DO,,,,,,,,SLO,28,13,173
175,SLO-L133B-RGE-DO,,,,,,,,SLO,28,14,174
176,SLO-L133B-WGE-DO,,,,,,,,SLO,28,15,175
177,SLO-L134-PBE-DO,,,,,,,,SLO,29,0,176
178,SLO-L134-RGE-DO,,,,,,,,SLO,29,1,177
179,SLO-L134-WGE-DO,,,,,,,,SLO,29,2,178
180,SLO-L154-PBE-DO,,,,,,,,SLO,29,3,179
181,SLO-L154-RGE-DO,,,,,,,,SLO,29,4,180
182,SLO-L154-WGE-DO,,,,,,,,SLO,29,5,181
183,SLO-L174A-PBE-DO,,,,,,,,SLO,29,6,182
184,SLO-L174A-RGE-DO,,,,,,,,SLO,29,7,183
185,SLO-L174A-WGE-DO,,,,,,,,SLO,29,8,184
186,SLO-L174B-PBE-DO,,,,,,,,SLO,29,9,185
187,SLO-L174B-RGE-DO,,,,,,,,SLO,29,10,186
188,SLO-L174B-WGE-DO,,,,,,,,SLO,29,11,187
189,SLO-L20-PBE-DO,,,,,,,,SLO,29,12,188
190,SLO-L20-RGE-DO,,,,,,,,SLO,29,13,189
191,SLO-L20-WGE-DO,,,,,,,,SLO,29,14,190
192,SLO-L212-PBE-DO,,,,,,,,SLO,29,15,191
193,SLO-L212-RGE-DO,,,,,,,,SLO,30,0,192
194,SLO-L212-WGE-DO,,,,,,,,SLO,30,1,193
195,SLO-L23-PBE-DO,,,,,,,,SLO,30,2,194
196,SLO-L23-RGE-DO,,,,,,,,SLO,30,3,195
197,SLO-L23-WGE-DO,,,,,,,,SLO,30,4,196
198,SLO-L232-PBE-DO,,,,,,,,SLO,30,5,197
199,SLO-L232-RGE-DO,,,,,,,,SLO,30,6,198
200,SLO-L232-WGE-DO,,,,,,,,SLO,30,7,199
201,SLO-L31A1-PBE-DO,,,,,,,,SLO,30,8,200
202,SLO-L31A1-RGE-DO,,,,,,,,SLO,30,9,201
203,SLO-L31A1-WGE-DO,,,,,,,,SLO,30,10,202
204,SLO-L31A2-PBE-DO,,,,,,,,SLO,30,11,203
205,SLO-L31A2-RGE-DO,,,,,,,,SLO,30,12,204
206,SLO-L31A2-WGE-DO,,,,,,,,SLO,30,13,205
207,SLO-L31B1-PBE-DO,,,,,,,,SLO,30,14,206
208,SLO-L31B1-RGE-DO,,,,,,,,SLO,30,15,207
209,SLO-L31B1-WGE-DO,,,,,,,,SLO,31,0,208
210,SLO-L31B2-PBE-DO,,,,,,,,SLO,31,1,209
211,SLO-L31B2-RGE-DO,,,,,,,,SLO,31,2,210
212,SLO-L31B2-WGE-DO,,,,,,,,SLO,31,3,211
213,SLO-L34-PBE-DO,,,,,,,,SLO,31,4,212
214,SLO-L34-RGE-DO,,,,,,,,SLO,31,5,213
215,SLO-L34-WGE-DO,,,,,,,,SLO,31,6,214
216,SLO-L44-PBE-DO,,,,,,,,SLO,31,7,215
217,SLO-L44-RGE-DO,,,,,,,,SLO,31,8,216
218,SLO-L44-WGE-DO,,,,,,,,SLO,31,9,217
219,SLO-L54-PBE-DO,,,,,,,,SLO,31,10,218
220,SLO-L54-RGE-DO,,,,,,,,SLO,31,11,219
221,SLO-L54-WGE-DO,,,,,,,,SLO,31,12,220
222,SLO-L74-PBE-DO,,,,,,,,SLO,31,13,221
223,SLO-L74-RGE-DO,,,,,,,,SLO,31,14,222
224,SLO-L74-WGE-DO,,,,,,,,SLO,31,15,223
225,SLO-L94-PBE-DO,,,,,,,,SLO,32,0,224
226,SLO-L94-RGE-DO,,,,,,,,SLO,32,1,225
227,SLO-L94-WGE-DO,,,,,,,,SLO,32,2,226
228,SLO-MJ114-CGE-DO,,,,,,,,SLO,32,3,227
229,SLO-MJ130-CGE-DO,,,,,,,,SLO,32,4,228
230,SLO-X130-PBE-DO,,,,,,,,SLO,32,5,229
231,SLO-X134-PBE-DO,,,,,,,,SLO,32,6,230
232,SLO-X154-PBE-DO,,,,,,,,SLO,32,7,231
233,SLO-X174A-PBE-DO,,,,,,,,SLO,32,8,232
234,SLO-X174B-PBE-DO,,,,,,,,SLO,32,9,233
235,SLO-X20-PBE-DO,,,,,,,,SLO,32,10,234
236,SLO-X212-PBE-DO,,,,,,,,SLO,32,11,235
237,SLO-X23-PBE-DO,,,,,,,,SLO,32,12,236
238,SLO-X232-PBE-DO,,,,,,,,SLO,32,13,237
239,SLO-X34-PBE-DO,,,,,,,,SLO,32,14,238
240,SLO-X44-PBE-DO,,,,,,,,SLO,32,15,239
241,SLO-X54-PBE-DO,,,,,,,,SLO,33,0,240
242,SLO-X74-PBE-DO,,,,,,,,SLO,33,1,241
243,SLO-X94-PBE-DO,,,,,,,,SLO,33,2,242
244,SLO-L110-PBE-DO,,,,,,,,SLO,33,3,243
245,SLO-L110-RGE-DO,,,,,,,,SLO,33,4,244
246,SLO-L110-WGE-DO,,,,,,,,SLO,33,5,245
247,SLO-X110-PBE-DO,,,,,,,,SLO,33,6,246
248,SLO-W11A-BE-DO,,,,,,,,SLO,33,7,247
249,SLO-W11A-LE-DO,,,,,,,,SLO,33,8,248
250,SLO-W11A-NWE-DO,,,,,,,,SLO,33,9,249
251,SLO-W11A-NWTE-DO,,,,,,,,SLO,33,10,250
252,SLO-W11A-NTE-DO,,,,,,,,SLO,33,11,251
253,SLO-W11A-NRE-DO,,,,,,,,SLO,33,12,252
254,SLO-W11A-RWE-DO,,,,,,,,SLO,33,13,253
255,SLO-W11A-RWTE-DO,,,,,,,,SLO,33,14,254
256,SLO-W11A-RTE-DO,,,,,,,,SLO,33,15,255
257,SLO-W11A-RRE-DO,,,,,,,,SLO,34,0,256
258,SLO-W21A-BE-DO,,,,,,,,SLO,34,1,257
259,SLO-W21A-LE-DO,,,,,,,,SLO,34,2,258
260,SLO-W21A-NWE-DO,,,,,,,,SLO,34,3,259
261,SLO-W21A-NWTE-DO,,,,,,,,SLO,34,4,260
262,SLO-W21A-NTE-DO,,,,,,,,SLO,34,5,261
263,SLO-W21A-NRE-DO,,,,,,,,SLO,34,6,262
264,SLO-W21A-RWE-DO,,,,,,,,SLO,34,7,263
265,SLO-W21A-RWTE-DO,,,,,,,,SLO,34,8,264
266,SLO-W21A-RTE-DO,,,,,,,,SLO,34,9,265
267,SLO-W21A-RRE-DO,,,,,,,,SLO,34,10,266
268,SLO-W111A-BE-DO,,,,,,,,SLO,34,11,267
269,SLO-W111A-LE-DO,,,,,,,,SLO,34,12,268
270,SLO-W111A-NWE-DO,,,,,,,,SLO,34,13,269
271,SLO-W111A-NWTE-DO,,,,,,,,SLO,34,14,270
272,SLO-W111A-NTE-DO,,,,,,,,SLO,34,15,271
273,SLO-W111A-NRE-DO,,,,,,,,SLO,35,0,272
274,SLO-W111A-RWE-DO,,,,,,,,SLO,35,1,273
275,SLO-W111A-RWTE-DO,,,,,,,,SLO,35,2,274
276,SLO-W111A-RTE-DO,,,,,,,,SLO,35,3,275
277,SLO-W111A-RRE-DO,,,,,,,,SLO,35,4,276
278,SLO-W131D-BE-DO,,,,,,,,SLO,35,5,277
279,SLO-W131D-LE-DO,,,,,,,,SLO,35,6,278
280,SLO-W131D-NWE-DO,,,,,,,,SLO,35,7,279
281,SLO-W131D-NWTE-DO,,,,,,,,SLO,35,8,280
282,SLO-W131D-NTE-DO,,,,,,,,SLO,35,9,281
283,SLO-W131D-NRE-DO,,,,,,,,SLO,35,10,282
284,SLO-W131D-RWE-DO,,,,,,,,SLO,35,11,283
285,SLO-W131D-RWTE-DO,,,,,,,,SLO,35,12,284
286,SLO-W131D-RTE-DO,,,,,,,,SLO,35,13,285
287,SLO-W131D-RRE-DO,,,,,,,,SLO,35,14,286
288,SLO-W111B-BE-DO,,,,,,,,SLO,35,15,287
289,SLO-W111B-LE-DO,,,,,,,,SLO,36,0,288
290,SLO-W111B-NWE-DO,,,,,,,,SLO,36,1,289
291,SLO-W111B-NWTE-DO,,,,,,,,SLO,36,2,290
292,SLO-W111B-NTE-DO,,,,,,,,SLO,36,3,291
293,SLO-W111B-NRE-DO,,,,,,,,SLO,36,4,292
294,SLO-W111B-RWE-DO,,,,,,,,SLO,36,5,293
295,SLO-W111B-RWTE-DO,,,,,,,,SLO,36,6,294
296,SLO-W111B-RTE-DO,,,,,,,,SLO,36,7,295
297,SLO-W111B-RRE-DO,,,,,,,,SLO,36,8,296
298,SLO-W113A-BE-DO,,,,,,,,SLO,36,9,297
299,SLO-W113A-LE-DO,,,,,,,,SLO,36,10,298
300,SLO-W113A-NWE-DO,,,,,,,,SLO,36,11,299
301,SLO-W113A-NWTE-DO,,,,,,,,SLO,36,12,300
302,SLO-W113A-NTE-DO,,,,,,,,SLO,36,13,301
303,SLO-W113A-NRE-DO,,,,,,,,SLO,36,14,302
304,SLO-W113A-RWE-DO,,,,,,,,SLO,36,15,303
305,SLO-W113A-RWTE-DO,,,,,,,,SLO,37,0,304
306,SLO-W113A-RTE-DO,,,,,,,,SLO,37,1,305
307,SLO-W113A-RRE-DO,,,,,,,,SLO,37,2,306
308,SLO-W113B-BE-DO,,,,,,,,SLO,37,3,307
309,SLO-W113B-LE-DO,,,,,,,,SLO,37,4,308
310,SLO-W113B-NWE-DO,,,,,,,,SLO,37,5,309
311,SLO-W113B-NWTE-DO,,,,,,,,SLO,37,6,310
312,SLO-W113B-NTE-DO,,,,,,,,SLO,37,7,311
313,SLO-W113B-NRE-DO,,,,,,,,SLO,37,8,312
314,SLO-W113B-RWE-DO,,,,,,,,SLO,37,9,313
315,SLO-W113B-RWTE-DO,,,,,,,,SLO,37,10,314
316,SLO-W113B-RTE-DO,,,,,,,,SLO,37,11,315
317,SLO-W113B-RRE-DO,,,,,,,,SLO,37,12,316
318,SLO-W113C-BE-DO,,,,,,,,SLO,37,13,317
319,SLO-W113C-LE-DO,,,,,,,,SLO,37,14,318
320,SLO-W113C-NWE-DO,,,,,,,,SLO,37,15,319
321,SLO-W113C-NWTE-DO,,,,,,,,SLO,38,0,320
322,SLO-W113C-NTE-DO,,,,,,,,SLO,38,1,321
323,SLO-W113C-NRE-DO,,,,,,,,SLO,38,2,322
324,SLO-W113C-RWE-DO,,,,,,,,SLO,38,3,323
325,SLO-W113C-RWTE-DO,,,,,,,,SLO,38,4,324
326,SLO-W113C-RTE-DO,,,,,,,,SLO,38,5,325
327,SLO-W113C-RRE-DO,,,,,,,,SLO,38,6,326
328,SLO-W133A-BE-DO,,,,,,,,SLO,38,7,327
329,SLO-W133A-LE-DO,,,,,,,,SLO,38,8,328
330,SLO-W133A-NWE-DO,,,,,,,,SLO,38,9,329
331,SLO-W133A-NWTE-DO,,,,,,,,SLO,38,10,330
332,SLO-W133A-NTE-DO,,,,,,,,SLO,38,11,331
333,SLO-W133A-NRE-DO,,,,,,,,SLO,38,12,332
334,SLO-W133A-RWE-DO,,,,,,,,SLO,38,13,333
335,SLO-W133A-RWTE-DO,,,,,,,,SLO,38,14,334
336,SLO-W133A-RTE-DO,,,,,,,,SLO,38,15,335
337,SLO-W133A-RRE-DO,,,,,,,,SLO,39,0,336
338,SLO-W113D-BE-DO,,,,,,,,SLO,39,1,337
339,SLO-W113D-LE-DO,,,,,,,,SLO,39,2,338
340,SLO-W113D-NWE-DO,,,,,,,,SLO,39,3,339
341,SLO-W113D-NWTE-DO,,,,,,,,SLO,39,4,340
342,SLO-W113D-NTE-DO,,,,,,,,SLO,39,5,341
343,SLO-W113D-NRE-DO,,,,,,,,SLO,39,6,342
344,SLO-W113D-RWE-DO,,,,,,,,SLO,39,7,343
345,SLO-W113D-RWTE-DO,,,,,,,,SLO,39,8,344
346,SLO-W113D-RTE-DO,,,,,,,,SLO,39,9,345
347,SLO-W113D-RRE-DO,,,,,,,,SLO,39,10,346
348,SLO-W133D-BE-DO,,,,,,,,SLO,39,11,347
349,SLO-W133D-LE-DO,,,,,,,,SLO,39,12,348
350,SLO-W133D-NWE-DO,,,,,,,,SLO,39,13,349
351,SLO-W133D-NWTE-DO,,,,,,,,SLO,39,14,350
352,SLO-W133D-NTE-DO,,,,,,,,SLO,39,15,351
353,SLO-W133D-NRE-DO,,,,,,,,SLO,40,0,352
354,SLO-W133D-RWE-DO,,,,,,,,SLO,40,1,353
355,SLO-W133D-RWTE-DO,,,,,,,,SLO,40,2,354
356,SLO-W133D-RTE-DO,,,,,,,,SLO,40,3,355
357,SLO-W133D-RRE-DO,,,,,,,,SLO,40,4,356
358,SLO-W113E-BE-DO,,,,,,,,SLO,40,5,357
359,SLO-W113E-LE-DO,,,,,,,,SLO,40,6,358
360,SLO-W113E-NWE-DO,,,,,,,,SLO,40,7,359
361,SLO-W113E-NWTE-DO,,,,,,,,SLO,40,8,360
362,SLO-W113E-NTE-DO,,,,,,,,SLO,40,9,361
363,SLO-W113E-NRE-DO,,,,,,,,SLO,40,10,362
364,SLO-W113E-RWE-DO,,,,,,,,SLO,40,11,363
365,SLO-W113E-RWTE-DO,,,,,,,,SLO,40,12,364
366,SLO-W113E-RTE-DO,,,,,,,,SLO,40,13,365
367,SLO-W113E-RRE-DO,,,,,,,,SLO,40,14,366
368,SLO-W113F-BE-DO,,,,,,,,SLO,40,15,367
369,SLO-W113F-LE-DO,,,,,,,,SLO,41,0,368
370,SLO-W113F-NWE-DO,,,,,,,,SLO,41,1,369
371,SLO-W113F-NWTE-DO,,,,,,,,SLO,41,2,370
372,SLO-W113F-NTE-DO,,,,,,,,SLO,41,3,371
373,SLO-W113F-NRE-DO,,,,,,,,SLO,41,4,372
374,SLO-W113F-RWE-DO,,,,,,,,SLO,41,5,373
375,SLO-W113F-RWTE-DO,,,,,,,,SLO,41,6,374
376,SLO-W113F-RTE-DO,,,,,,,,SLO,41,7,375
377,SLO-W113F-RRE-DO,,,,,,,,SLO,41,8,376
378,SLO-W133E-BE-DO,,,,,,,,SLO,41,9,377
379,SLO-W133E-LE-DO,,,,,,,,SLO,41,10,378
380,SLO-W133E-NWE-DO,,,,,,,,SLO,41,11,379
381,SLO-W133E-NWTE-DO,,,,,,,,SLO,41,12,380
382,SLO-W133E-NTE-DO,,,,,,,,SLO,41,13,381
383,SLO-W133E-NRE-DO,,,,,,,,SLO,41,14,382
384,SLO-W133E-RWE-DO,,,,,,,,SLO,41,15,383
385,SLO-W133E-RWTE-DO,,,,,,,,SLO,42,0,384
386,SLO-W133E-RTE-DO,,,,,,,,SLO,42,1,385
387,SLO-W133E-RRE-DO,,,,,,,,SLO,42,2,386
388,SLO-W113G-BE-DO,,,,,,,,SLO,42,3,387
389,SLO-W113G-LE-DO,,,,,,,,SLO,42,4,388
390,SLO-W113G-NWE-DO,,,,,,,,SLO,42,5,389
391,SLO-W113G-NWTE-DO,,,,,,,,SLO,42,6,390
392,SLO-W113G-NTE-DO,,,,,,,,SLO,42,7,391
393,SLO-W113G-NRE-DO,,,,,,,,SLO,42,8,392
394,SLO-W113G-RWE-DO,,,,,,,,SLO,42,9,393
395,SLO-W113G-RWTE-DO,,,,,,,,SLO,42,10,394
396,SLO-W113G-RTE-DO,,,,,,,,SLO,42,11,395
397,SLO-W113G-RRE-DO,,,,,,,,SLO,42,12,396
398,SLO-W11B-BE-DO,,,,,,,,SLO,42,13,397
399,SLO-W11B-LE-DO,,,,,,,,SLO,42,14,398
400,SLO-W11B-NWE-DO,,,,,,,,SLO,42,15,399
401,SLO-W11B-NWTE-DO,,,,,,,,SLO,43,0,400
402,SLO-W11B-NTE-DO,,,,,,,,SLO,43,1,401
403,SLO-W11B-NRE-DO,,,,,,,,SLO,43,2,402
404,SLO-W11B-RWE-DO,,,,,,,,SLO,43,3,403
405,SLO-W11B-RWTE-DO,,,,,,,,SLO,43,4,404
406,SLO-W11B-RTE-DO,,,,,,,,SLO,43,5,405
407,SLO-W11B-RRE-DO,,,,,,,,SLO,43,6,406
408,SLO-W21B-BE-DO,,,,,,,,SLO,43,7,407
409,SLO-W21B-LE-DO,,,,,,,,SLO,43,8,408
410,SLO-W21B-NWE-DO,,,,,,,,SLO,43,9,409
411,SLO-W21B-NWTE-DO,,,,,,,,SLO,43,10,410
412,SLO-W21B-NTE-DO,,,,,,,,SLO,43,11,411
413,SLO-W21B-NRE-DO,,,,,,,,SLO,43,12,412
414,SLO-W21B-RWE-DO,,,,,,,,SLO,43,13,413
415,SLO-W21B-RWTE-DO,,,,,,,,SLO,43,14,414
416,SLO-W21B-RTE-DO,,,,,,,,SLO,43,15,415
417,SLO-W21B-RRE-DO,,,,,,,,SLO,44,0,416
418,SLO-W11C-BE-DO,,,,,,,,SLO,44,1,417
419,SLO-W11C-LE-DO,,,,,,,,SLO,44,2,418
420,SLO-W11C-NWE-DO,,,,,,,,SLO,44,3,419
421,SLO-W11C-NWTE-DO,,,,,,,,SLO,44,4,420
422,SLO-W11C-NTE-DO,,,,,,,,SLO,44,5,421
423,SLO-W11C-NRE-DO,,,,,,,,SLO,44,6,422
424,SLO-W11C-RWE-DO,,,,,,,,SLO,44,7,423
425,SLO-W11C-RWTE-DO,,,,,,,,SLO,44,8,424
426,SLO-W11C-RTE-DO,,,,,,,,SLO,44,9,425
427,SLO-W11C-RRE-DO,,,,,,,,SLO,44,10,426
428,SLO-W11D-BE-DO,,,,,,,,SLO,44,11,427
429,SLO-W11D-LE-DO,,,,,,,,SLO,44,12,428
430,SLO-W11D-NWE-DO,,,,,,,,SLO,44,13,429
431,SLO-W11D-NWTE-DO,,,,,,,,SLO,44,14,430
432,SLO-W11D-NTE-DO,,,,,,,,SLO,44,15,431
433,SLO-W11D-NRE-DO,,,,,,,,SLO,45,0,432
434,SLO-W11D-RWE-DO,,,,,,,,SLO,45,1,433
435,SLO-W11D-RWTE-DO,,,,,,,,SLO,45,2,434
436,SLO-W11D-RTE-DO,,,,,,,,SLO,45,3,435
437,SLO-W11D-RRE-DO,,,,,,,,SLO,45,4,436
438,SLO-W11E-BE-DO,,,,,,,,SLO,45,5,437
439,SLO-W11E-LE-DO,,,,,,,,SLO,45,6,438
440,SLO-W11E-NWE-DO,,,,,,,,SLO,45,7,439
441,SLO-W11E-NWTE-DO,,,,,,,,SLO,45,8,440
442,SLO-W11E-NTE-DO,,,,,,,,SLO,45,9,441
443,SLO-W11E-NRE-DO,,,,,,,,SLO,45,10,442
444,SLO-W11E-RWE-DO,,,,,,,,SLO,45,11,443
445,SLO-W11E-RWTE-DO,,,,,,,,SLO,45,12,444
446,SLO-W11E-RTE-DO,,,,,,,,SLO,45,13,445
447,SLO-W11E-RRE-DO,,,,,,,,SLO,45,14,446
448,SLO-W11F-BE-DO,,,,,,,,SLO,45,15,447
449,SLO-W11F-LE-DO,,,,,,,,SLO,46,0,448
450,SLO-W11F-NWE-DO,,,,,,,,SLO,46,1,449
451,SLO-W11F-NWTE-DO,,,,,,,,SLO,46,2,450
452,SLO-W11F-NTE-DO,,,,,,,,SLO,46,3,451
453,SLO-W11F-NRE-DO,,,,,,,,SLO,46,4,452
454,SLO-W11F-RWE-DO,,,,,,,,SLO,46,5,453
455,SLO-W11F-RWTE-DO,,,,,,,,SLO,46,6,454
456,SLO-W11F-RTE-DO,,,,,,,,SLO,46,7,455
457,SLO-W11F-RRE-DO,,,,,,,,SLO,46,8,456
458,SLO-W21C-BE-DO,,,,,,,,SLO,46,9,457
459,SLO-W21C-LE-DO,,,,,,,,SLO,46,10,458
460,SLO-W21C-NWE-DO,,,,,,,,SLO,46,11,459
461,SLO-W21C-NWTE-DO,,,,,,,,SLO,46,12,460
462,SLO-W21C-NTE-DO,,,,,,,,SLO,46,13,461
463,SLO-W21C-NRE-DO,,,,,,,,SLO,46,14,462
464,SLO-W21C-RWE-DO,,,,,,,,SLO,46,15,463
465,SLO-W21C-RWTE-DO,,,,,,,,SLO,47,0,464
466,SLO-W21C-RTE-DO,,,,,,,,SLO,47,1,465
467,SLO-W21C-RRE-DO,,,,,,,,SLO,47,2,466
468,SLO-W131A-BE-DO,,,,,,,,SLO,47,3,467
469,SLO-W131A-LE-DO,,,,,,,,SLO,47,4,468
470,SLO-W131A-NWE-DO,,,,,,,,SLO,47,5,469
471,SLO-W131A-NWTE-DO,,,,,,,,SLO,47,6,470
472,SLO-W131A-NTE-DO,,,,,,,,SLO,47,7,471
473,SLO-W131A-NRE-DO,,,,,,,,SLO,47,8,472
474,SLO-W131A-RWE-DO,,,,,,,,SLO,47,9,473
475,SLO-W131A-RWTE-DO,,,,,,,,SLO,47,10,474
476,SLO-W131A-RTE-DO,,,,,,,,SLO,47,11,475
477,SLO-W131A-RRE-DO,,,,,,,,SLO,47,12,476
478,SLO-W131B-BE-DO,,,,,,,,SLO,47,13,477
479,SLO-W131B-LE-DO,,,,,,,,SLO,47,14,478
480,SLO-W131B-NWE-DO,,,,,,,,SLO,47,15,479
481,SLO-W131B-NWTE-DO,,,,,,,,SLO,48,0,480
482,SLO-W131B-NTE-DO,,,,,,,,SLO,48,1,481
483,SLO-W131B-NRE-DO,,,,,,,,SLO,48,2,482
484,SLO-W131B-RWE-DO,,,,,,,,SLO,48,3,483
485,SLO-W131B-RWTE-DO,,,,,,,,SLO,48,4,484
486,SLO-W131B-RTE-DO,,,,,,,,SLO,48,5,485
487,SLO-W131B-RRE-DO,,,,,,,,SLO,48,6,486
488,SLO-W131C-BE-DO,,,,,,,,SLO,48,7,487
489,SLO-W131C-LE-DO,,,,,,,,SLO,48,8,488
490,SLO-W131C-NWE-DO,,,,,,,,SLO,48,9,489
491,SLO-W131C-NWTE-DO,,,,,,,,SLO,48,10,490
492,SLO-W131C-NTE-DO,,,,,,,,SLO,48,11,491
493,SLO-W131C-NRE-DO,,,,,,,,SLO,48,12,492
494,SLO-W131C-RWE-DO,,,,,,,,SLO,48,13,493
495,SLO-W131C-RWTE-DO,,,,,,,,SLO,48,14,494
496,SLO-W131C-RTE-DO,,,,,,,,SLO,48,15,495
497,SLO-W131C-RRE-DO,,,,,,,,SLO,49,0,496
498,SLO-W131E-BE-DO,,,,,,,,SLO,49,1,497
499,SLO-W131E-LE-DO,,,,,,,,SLO,49,2,498
500,SLO-W131E-NWE-DO,,,,,,,,SLO,49,3,499
501,SLO-W131E-NWTE-DO,,,,,,,,SLO,49,4,500
502,SLO-W131E-NTE-DO,,,,,,,,SLO,49,5,501
503,SLO-W131E-NRE-DO,,,,,,,,SLO,49,6,502
504,SLO-W131E-RWE-DO,,,,,,,,SLO,49,7,503
505,SLO-W131E-RWTE-DO,,,,,,,,SLO,49,8,504
506,SLO-W131E-RTE-DO,,,,,,,,SLO,49,9,505
507,SLO-W131E-RRE-DO,,,,,,,,SLO,49,10,506
508,SLO-W133B-BE-DO,,,,,,,,SLO,49,11,507
509,SLO-W133B-LE-DO,,,,,,,,SLO,49,12,508
510,SLO-W133B-NWE-DO,,,,,,,,SLO,49,13,509
511,SLO-W133B-NWTE-DO,,,,,,,,SLO,49,14,510
512,SLO-W133B-NTE-DO,,,,,,,,SLO,49,15,511
513,SLO-W133B-NRE-DO,,,,,,,,SLO,50,0,512
514,SLO-W133B-RWE-DO,,,,,,,,SLO,50,1,513
515,SLO-W133B-RWTE-DO,,,,,,,,SLO,50,2,514
516,SLO-W133B-RTE-DO,,,,,,,,SLO,50,3,515
517,SLO-W133B-RRE-DO,,,,,,,,SLO,50,4,516
518,SLO-W153B-BE-DO,,,,,,,,SLO,50,5,517
519,SLO-W153B-LE-DO,,,,,,,,SLO,50,6,518
520,SLO-W153B-NWE-DO,,,,,,,,SLO,50,7,519
521,SLO-W153B-NWTE-DO,,,,,,,,SLO,50,8,520
522,SLO-W153B-NTE-DO,,,,,,,,SLO,50,9,521
523,SLO-W153B-NRE-DO,,,,,,,,SLO,50,10,522
524,SLO-W153B-RWE-DO,,,,,,,,SLO,50,11,523
525,SLO-W153B-RWTE-DO,,,,,,,,SLO,50,12,524
526,SLO-W153B-RTE-DO,,,,,,,,SLO,50,13,525
527,SLO-W153B-RRE-DO,,,,,,,,SLO,50,14,526
528,SLO-W133C-BE-DO,,,,,,,,SLO,50,15,527
529,SLO-W133C-LE-DO,,,,,,,,SLO,51,0,528
530,SLO-W133C-NWE-DO,,,,,,,,SLO,51,1,529
531,SLO-W133C-NWTE-DO,,,,,,,,SLO,51,2,530
532,SLO-W133C-NTE-DO,,,,,,,,SLO,51,3,531
533,SLO-W133C-NRE-DO,,,,,,,,SLO,51,4,532
534,SLO-W133C-RWE-DO,,,,,,,,SLO,51,5,533
535,SLO-W133C-RWTE-DO,,,,,,,,SLO,51,6,534
536,SLO-W133C-RTE-DO,,,,,,,,SLO,51,7,535
537,SLO-W133C-RRE-DO,,,,,,,,SLO,51,8,536
538,SLO-W153D-BE-DO,,,,,,,,SLO,51,9,537
539,SLO-W153D-LE-DO,,,,,,,,SLO,51,10,538
540,SLO-W153D-NWE-DO,,,,,,,,SLO,51,11,539
541,SLO-W153D-NWTE-DO,,,,,,,,SLO,51,12,540
542,SLO-W153D-NTE-DO,,,,,,,,SLO,51,13,541
543,SLO-W153D-NRE-DO,,,,,,,,SLO,51,14,542
544,SLO-W153D-RWE-DO,,,,,,,,SLO,51,15,543
545,SLO-W153D-RWTE-DO,,,,,,,,SLO,52,0,544
546,SLO-W153D-RTE-DO,,,,,,,,SLO,52,1,545
547,SLO-W153D-RRE-DO,,,,,,,,SLO,52,2,546
548,SLO-W13A-BE-DO,,,,,,,,SLO,52,3,547
549,SLO-W13A-LE-DO,,,,,,,,SLO,52,4,548
550,SLO-W13A-NWE-DO,,,,,,,,SLO,52,5,549
551,SLO-W13A-NWTE-DO,,,,,,,,SLO,52,6,550
552,SLO-W13A-NTE-DO,,,,,,,,SLO,52,7,551
553,SLO-W13A-NRE-DO,,,,,,,,SLO,52,8,552
554,SLO-W13A-RWE-DO,,,,,,,,SLO,52,9,553
555,SLO-W13A-RWTE-DO,,,,,,,,SLO,52,10,554
556,SLO-W13A-RTE-DO,,,,,,,,SLO,52,11,555
557,SLO-W13A-RRE-DO,,,,,,,,SLO,52,12,556
558,SLO-W13B-BE-DO,,,,,,,,SLO,52,13,557
559,SLO-W13B-LE-DO,,,,,,,,SLO,52,14,558
560,SLO-W13B-NWE-DO,,,,,,,,SLO,52,15,559
561,SLO-W13B-NWTE-DO,,,,,,,,SLO,53,0,560
562,SLO-W13B-NTE-DO,,,,,,,,SLO,53,1,561
563,SLO-W13B-NRE-DO,,,,,,,,SLO,53,2,562
564,SLO-W13B-RWE-DO,,,,,,,,SLO,53,3,563
565,SLO-W13B-RWTE-DO,,,,,,,,SLO,53,4,564
566,SLO-W13B-RTE-DO,,,,,,,,SLO,53,5,565
567,SLO-W13B-RRE-DO,,,,,,,,SLO,53,6,566
568,SLO-W23A-BE-DO,,,,,,,,SLO,53,7,567
569,SLO-W23A-LE-DO,,,,,,,,SLO,53,8,568
570,SLO-W23A-NWE-DO,,,,,,,,SLO,53,9,569
571,SLO-W23A-NWTE-DO,,,,,,,,SLO,53,10,570
572,SLO-W23A-NTE-DO,,,,,,,,SLO,53,11,571
573,SLO-W23A-NRE-DO,,,,,,,,SLO,53,12,572
574,SLO-W23A-RWE-DO,,,,,,,,SLO,53,13,573
575,SLO-W23A-RWTE-DO,,,,,,,,SLO,53,14,574
576,SLO-W23A-RTE-DO,,,,,,,,SLO,53,15,575
577,SLO-W23A-RRE-DO,,,,,,,,SLO,54,0,576
578,SLO-W13C-BE-DO,,,,,,,,SLO,54,1,577
579,SLO-W13C-LE-DO,,,,,,,,SLO,54,2,578
580,SLO-W13C-NWE-DO,,,,,,,,SLO,54,3,579
581,SLO-W13C-NWTE-DO,,,,,,,,SLO,54,4,580
582,SLO-W13C-NTE-DO,,,,,,,,SLO,54,5,581
583,SLO-W13C-NRE-DO,,,,,,,,SLO,54,6,582
584,SLO-W13C-RWE-DO,,,,,,,,SLO,54,7,583
585,SLO-W13C-RWTE-DO,,,,,,,,SLO,54,8,584
586,SLO-W13C-RTE-DO,,,,,,,,SLO,54,9,585
587,SLO-W13C-RRE-DO,,,,,,,,SLO,54,10,586
588,SLO-W23C-BE-DO,,,,,,,,SLO,54,11,587
589,SLO-W23C-LE-DO,,,,,,,,SLO,54,12,588
590,SLO-W23C-NWE-DO,,,,,,,,SLO,54,13,589
591,SLO-W23C-NWTE-DO,,,,,,,,SLO,54,14,590
592,SLO-W23C-NTE-DO,,,,,,,,SLO,54,15,591
593,SLO-W23C-NRE-DO,,,,,,,,SLO,55,0,592
594,SLO-W23C-RWE-DO,,,,,,,,SLO,55,1,593
595,SLO-W23C-RWTE-DO,,,,,,,,SLO,55,2,594
596,SLO-W23C-RTE-DO,,,,,,,,SLO,55,3,595
597,SLO-W23C-RRE-DO,,,,,,,,SLO,55,4,596
598,SLO-W151A-BE-DO,,,,,,,,SLO,55,5,597
599,SLO-W151A-LE-DO,,,,,,,,SLO,55,6,598
600,SLO-W151A-NWE-DO,,,,,,,,SLO,55,7,599
601,SLO-W151A-NWTE-DO,,,,,,,,SLO,55,8,600
602,SLO-W151A-NTE-DO,,,,,,,,SLO,55,9,601
603,SLO-W151A-NRE-DO,,,,,,,,SLO,55,10,602
604,SLO-W151A-RWE-DO,,,,,,,,SLO,55,11,603
605,SLO-W151A-RWTE-DO,,,,,,,,SLO,55,12,604
606,SLO-W151A-RTE-DO,,,,,,,,SLO,55,13,605
607,SLO-W151A-RRE-DO,,,,,,,,SLO,55,14,606
608,SLO-W151B-BE-DO,,,,,,,,SLO,55,15,607
609,SLO-W151B-LE-DO,,,,,,,,SLO,56,0,608
610,SLO-W151B-NWE-DO,,,,,,,,SLO,56,1,609
611,SLO-W151B-NWTE-DO,,,,,,,,SLO,56,2,610
612,SLO-W151B-NTE-DO,,,,,,,,SLO,56,3,611
613,SLO-W151B-NRE-DO,,,,,,,,SLO,56,4,612
614,SLO-W151B-RWE-DO,,,,,,,,SLO,56,5,613
615,SLO-W151B-RWTE-DO,,,,,,,,SLO,56,6,614
616,SLO-W151B-RTE-DO,,,,,,,,SLO,56,7,615
617,SLO-W151B-RRE-DO,,,,,,,,SLO,56,8,616
618,SLO-W153A-BE-DO,,,,,,,,SLO,56,9,617
619,SLO-W153A-LE-DO,,,,,,,,SLO,56,10,618
620,SLO-W153A-NWE-DO,,,,,,,,SLO,56,11,619
621,SLO-W153A-NWTE-DO,,,,,,,,SLO,56,12,620
622,SLO-W153A-NTE-DO,,,,,,,,SLO,56,13,621
623,SLO-W153A-NRE-DO,,,,,,,,SLO,56,14,622
624,SLO-W153A-RWE-DO,,,,,,,,SLO,56,15,623
625,SLO-W153A-RWTE-DO,,,,,,,,SLO,57,0,624
626,SLO-W153A-RTE-DO,,,,,,,,SLO,57,1,625
627,SLO-W153A-RRE-DO,,,,,,,,SLO,57,2,626
628,SLO-W153C-BE-DO,,,,,,,,SLO,57,3,627
629,SLO-W153C-LE-DO,,,,,,,,SLO,57,4,628
630,SLO-W153C-NWE-DO,,,,,,,,SLO,57,5,629
631,SLO-W153C-NWTE-DO,,,,,,,,SLO,57,6,630
632,SLO-W153C-NTE-DO,,,,,,,,SLO,57,7,631
633,SLO-W153C-NRE-DO,,,,,,,,SLO,57,8,632
634,SLO-W153C-RWE-DO,,,,,,,,SLO,57,9,633
635,SLO-W153C-RWTE-DO,,,,,,,,SLO,57,10,634
636,SLO-W153C-RTE-DO,,,,,,,,SLO,57,11,635
637,SLO-W153C-RRE-DO,,,,,,,,SLO,57,12,636
638,SLO-W173-BE-DO,,,,,,,,SLO,57,13,637
639,SLO-W173-LE-DO,,,,,,,,SLO,57,14,638
640,SLO-W173-NWE-DO,,,,,,,,SLO,57,15,639
641,SLO-W173-NWTE-DO,,,,,,,,SLO,58,0,640
642,SLO-W173-NTE-DO,,,,,,,,SLO,58,1,641
643,SLO-W173-NRE-DO,,,,,,,,SLO,58,2,642
644,SLO-W173-RWE-DO,,,,,,,,SLO,58,3,643
645,SLO-W173-RWTE-DO,,,,,,,,SLO,58,4,644
646,SLO-W173-RTE-DO,,,,,,,,SLO,58,5,645
647,SLO-W173-RRE-DO,,,,,,,,SLO,58,6,646
648,SLO-W175-BE-DO,,,,,,,,SLO,58,7,647
649,SLO-W175-LE-DO,,,,,,,,SLO,58,8,648
650,SLO-W175-NWE-DO,,,,,,,,SLO,58,9,649
651,SLO-W175-NWTE-DO,,,,,,,,SLO,58,10,650
652,SLO-W175-NTE-DO,,,,,,,,SLO,58,11,651
653,SLO-W175-NRE-DO,,,,,,,,SLO,58,12,652
654,SLO-W175-RWE-DO,,,,,,,,SLO,58,13,653
655,SLO-W175-RWTE-DO,,,,,,,,SLO,58,14,654
656,SLO-W175-RTE-DO,,,,,,,,SLO,58,15,655
657,SLO-W175-RRE-DO,,,,,,,,SLO,59,0,656
658,SLO-W193-BE-DO,,,,,,,,SLO,59,1,657
659,SLO-W193-LE-DO,,,,,,,,SLO,59,2,658
660,SLO-W193-NWE-DO,,,,,,,,SLO,59,3,659
661,SLO-W193-NWTE-DO,,,,,,,,SLO,59,4,660
662,SLO-W193-NTE-DO,,,,,,,,SLO,59,5,661
663,SLO-W193-NRE-DO,,,,,,,,SLO,59,6,662
664,SLO-W193-RWE-DO,,,,,,,,SLO,59,7,663
665,SLO-W193-RWTE-DO,,,,,,,,SLO,59,8,664
666,SLO-W193-RTE-DO,,,,,,,,SLO,59,9,665
667,SLO-W193-RRE-DO,,,,,,,,SLO,59,10,666
668,SLO-W213-BE-DO,,,,,,,,SLO,59,11,667
669,SLO-W213-LE-DO,,,,,,,,SLO,59,12,668
670,SLO-W213-NWE-DO,,,,,,,,SLO,59,13,669
671,SLO-W213-NWTE-DO,,,,,,,,SLO,59,14,670
672,SLO-W213-NTE-DO,,,,,,,,SLO,59,15,671
673,SLO-W213-NRE-DO,,,,,,,,SLO,60,0,672
674,SLO-W213-RWE-DO,,,,,,,,SLO,60,1,673
675,SLO-W213-RWTE-DO,,,,,,,,SLO,60,2,674
676,SLO-W213-RTE-DO,,,,,,,,SLO,60,3,675
677,SLO-W213-RRE-DO,,,,,,,,SLO,60,4,676
678,SLO-W21D-BE-DO,,,,,,,,SLO,60,5,677
679,SLO-W21D-LE-DO,,,,,,,,SLO,60,6,678
680,SLO-W21D-NWE-DO,,,,,,,,SLO,60,7,679
681,SLO-W21D-NWTE-DO,,,,,,,,SLO,60,8,680
682,SLO-W21D-NTE-DO,,,,,,,,SLO,60,9,681
683,SLO-W21D-NRE-DO,,,,,,,,SLO,60,10,682
684,SLO-W21D-RWE-DO,,,,,,,,SLO,60,11,683
685,SLO-W21D-RWTE-DO,,,,,,,,SLO,60,12,684
686,SLO-W21D-RTE-DO,,,,,,,,SLO,60,13,685
687,SLO-W21D-RRE-DO,,,,,,,,SLO,60,14,686
688,SLO-W23B-BE-DO,,,,,,,,SLO,60,15,687
689,SLO-W23B-LE-DO,,,,,,,,SLO,61,0,688
690,SLO-W23B-NWE-DO,,,,,,,,SLO,61,1,689
691,SLO-W23B-NWTE-DO,,,,,,,,SLO,61,2,690
692,SLO-W23B-NTE-DO,,,,,,,,SLO,61,3,691
693,SLO-W23B-NRE-DO,,,,,,,,SLO,61,4,692
694,SLO-W23B-RWE-DO,,,,,,,,SLO,61,5,693
695,SLO-W23B-RWTE-DO,,,,,,,,SLO,61,6,694
696,SLO-W23B-RTE-DO,,,,,,,,SLO,61,7,695
697,SLO-W23B-RRE-DO,,,,,,,,SLO,61,8,696
698,SLO-W43B-BE-DO,,,,,,,,SLO,61,9,697
699,SLO-W43B-LE-DO,,,,,,,,SLO,61,10,698
700,SLO-W43B-NWE-DO,,,,,,,,SLO,61,11,699
701,SLO-W43B-NWTE-DO,,,,,,,,SLO,61,12,700
702,SLO-W43B-NTE-DO,,,,,,,,SLO,61,13,701
703,SLO-W43B-NRE-DO,,,,,,,,SLO,61,14,702
704,SLO-W43B-RWE-DO,,,,,,,,SLO,61,15,703
705,SLO-W43B-RWTE-DO,,,,,,,,SLO,62,0,704
706,SLO-W43B-RTE-DO,,,,,,,,SLO,62,1,705
707,SLO-W43B-RRE-DO,,,,,,,,SLO,62,2,706
708,SLO-W33A-BE-DO,,,,,,,,SLO,62,3,707
709,SLO-W33A-LE-DO,,,,,,,,SLO,62,4,708
710,SLO-W33A-NWE-DO,,,,,,,,SLO,62,5,709
711,SLO-W33A-NWTE-DO,,,,,,,,SLO,62,6,710
712,SLO-W33A-NTE-DO,,,,,,,,SLO,62,7,711
713,SLO-W33A-NRE-DO,,,,,,,,SLO,62,8,712
714,SLO-W33A-RWE-DO,,,,,,,,SLO,62,9,713
715,SLO-W33A-RWTE-DO,,,,,,,,SLO,62,10,714
716,SLO-W33A-RTE-DO,,,,,,,,SLO,62,11,715
717,SLO-W33A-RRE-DO,,,,,,,,SLO,62,12,716
718,SLO-W33B-BE-DO,,,,,,,,SLO,62,13,717
719,SLO-W33B-LE-DO,,,,,,,,SLO,62,14,718
720,SLO-W33B-NWE-DO,,,,,,,,SLO,62,15,719
721,SLO-W33B-NWTE-DO,,,,,,,,SLO,63,0,720
722,SLO-W33B-NTE-DO,,,,,,,,SLO,63,1,721
723,SLO-W33B-NRE-DO,,,,,,,,SLO,63,2,722
724,SLO-W33B-RWE-DO,,,,,,,,SLO,63,3,723
725,SLO-W33B-RWTE-DO,,,,,,,,SLO,63,4,724
726,SLO-W33B-RTE-DO,,,,,,,,SLO,63,5,725
727,SLO-W33B-RRE-DO,,,,,,,,SLO,63,6,726
728,SLO-W43A-BE-DO,,,,,,,,SLO,63,7,727
729,SLO-W43A-LE-DO,,,,,,,,SLO,63,8,728
730,SLO-W43A-NWE-DO,,,,,,,,SLO,63,9,729
731,SLO-W43A-NWTE-DO,,,,,,,,SLO,63,10,730
732,SLO-W43A-NTE-DO,,,,,,,,SLO,63,11,731
733,SLO-W43A-NRE-DO,,,,,,,,SLO,63,12,732
734,SLO-W43A-RWE-DO,,,,,,,,SLO,63,13,733
735,SLO-W43A-RWTE-DO,,,,,,,,SLO,63,14,734
736,SLO-W43A-RTE-DO,,,,,,,,SLO,63,15,735
737,SLO-W43A-RRE-DO,,,,,,,,SLO,64,0,736
738,SLO-W53-BE-DO,,,,,,,,SLO,64,1,737
739,SLO-W53-LE-DO,,,,,,,,SLO,64,2,738
740,SLO-W53-NWE-DO,,,,,,,,SLO,64,3,739
741,SLO-W53-NWTE-DO,,,,,,,,SLO,64,4,740
742,SLO-W53-NTE-DO,,,,,,,,SLO,64,5,741
743,SLO-W53-NRE-DO,,,,,,,,SLO,64,6,742
744,SLO-W53-RWE-DO,,,,,,,,SLO,64,7,743
745,SLO-W53-RWTE-DO,,,,,,,,SLO,64,8,744
746,SLO-W53-RTE-DO,,,,,,,,SLO,64,9,745
747,SLO-W53-RRE-DO,,,,,,,,SLO,64,10,746
748,SLO-W41-BE-DO,,,,,,,,SLO,64,11,747
749,SLO-W41-LE-DO,,,,,,,,SLO,64,12,748
750,SLO-W41-NWE-DO,,,,,,,,SLO,64,13,749
751,SLO-W41-NWTE-DO,,,,,,,,SLO,64,14,750
752,SLO-W41-NTE-DO,,,,,,,,SLO,64,15,751
753,SLO-W41-NRE-DO,,,,,,,,SLO,65,0,752
754,SLO-W41-RWE-DO,,,,,,,,SLO,65,1,753
755,SLO-W41-RWTE-DO,,,,,,,,SLO,65,2,754
756,SLO-W41-RTE-DO,,,,,,,,SLO,65,3,755
757,SLO-W41-RRE-DO,,,,,,,,SLO,65,4,756
758,SLO-W73-BE-DO,,,,,,,,SLO,65,5,757
759,SLO-W73-LE-DO,,,,,,,,SLO,65,6,758
760,SLO-W73-NWE-DO,,,,,,,,SLO,65,7,759
761,SLO-W73-NWTE-DO,,,,,,,,SLO,65,8,760
762,SLO-W73-NTE-DO,,,,,,,,SLO,65,9,761
763,SLO-W73-NRE-DO,,,,,,,,SLO,65,10,762
764,SLO-W73-RWE-DO,,,,,,,,SLO,65,11,763
765,SLO-W73-RWTE-DO,,,,,,,,SLO,65,12,764
766,SLO-W73-RTE-DO,,,,,,,,SLO,65,13,765
767,SLO-W73-RRE-DO,,,,,,,,SLO,65,14,766
768,SLO-12-TE-DO,,,,,,,,SLO,65,15,767
769,SLO-12-RE-DO,,,,,,,,SLO,66,0,768
770,SLO-22-TE-DO,,,,,,,,SLO,66,1,769
771,SLO-22-RE-DO,,,,,,,,SLO,66,2,770
772,SLO-33-TE-DO,,,,,,,,SLO,66,3,771
773,SLO-33-RE-DO,,,,,,,,SLO,66,4,772
774,SLO-34-TE-DO,,,,,,,,SLO,66,5,773
775,SLO-34-RE-DO,,,,,,,,SLO,66,6,774
776,SLO-43-TE-DO,,,,,,,,SLO,66,7,775
777,SLO-43-RE-DO,,,,,,,,SLO,66,8,776
778,SLO-44-TE-DO,,,,,,,,SLO,66,9,777
779,SLO-44-RE-DO,,,,,,,,SLO,66,10,778
780,SLO-54-TE-DO,,,,,,,,SLO,66,11,779
781,SLO-54-RE-DO,,,,,,,,SLO,66,12,780
782,SLO-42-TE-DO,,,,,,,,SLO,66,13,781
783,SLO-42-RE-DO,,,,,,,,SLO,66,14,782
784,SLO-74-TE-DO,,,,,,,,SLO,66,15,783
785,SLO-74-RE-DO,,,,,,,,SLO,67,0,784
786,SLO-62-TE-DO,,,,,,,,SLO,67,1,785
787,SLO-62-RE-DO,,,,,,,,SLO,67,2,786
788,SLO-92-TE-DO,,,,,,,,SLO,67,3,787
789,SLO-92-RE-DO,,,,,,,,SLO,67,4,788
790,SLO-94-TE-DO,,,,,,,,SLO,67,5,789
791,SLO-94-RE-DO,,,,,,,,SLO,67,6,790
792,SLO-111-TE-DO,,,,,,,,SLO,67,7,791
793,SLO-111-RE-DO,,,,,,,,SLO,67,8,792
794,SLO-112-TE-DO,,,,,,,,SLO,67,9,793
795,SLO-112-RE-DO,,,,,,,,SLO,67,10,794
796,SLO-130-TE-DO,,,,,,,,SLO,67,11,795
797,SLO-130-RE-DO,,,,,,,,SLO,67,12,796
798,SLO-132-TE-DO,,,,,,,,SLO,67,13,797
799,SLO-132-RE-DO,,,,,,,,SLO,67,14,798
800,SLO-152-TE-DO,,,,,,,,SLO,67,15,799
801,SLO-152-RE-DO,,,,,,,,SLO,68,0,800
802,SLO-154-TE-DO,,,,,,,,SLO,68,1,801
803,SLO-154-RE-DO,,,,,,,,SLO,68,2,802
804,SLO-172-TE-DO,,,,,,,,SLO,68,3,803
805,SLO-172-RE-DO,,,,,,,,SLO,68,4,804
806,SLO-192-TE-DO,,,,,,,,SLO,68,5,805
807,SLO-192-RE-DO,,,,,,,,SLO,68,6,806
808,SLO-212-TE-DO,,,,,,,,SLO,68,7,807
809,SLO-212-RE-DO,,,,,,,,SLO,68,8,808
810,SLO-232-TE-DO,,,,,,,,SLO,68,9,809
811,SLO-232-RE-DO,,,,,,,,SLO,68,10,810
812,SLO-10A-TE-DO,,,,,,,,SLO,68,11,811
813,SLO-10A-RE-DO,,,,,,,,SLO,68,12,812
814,SLO-113A-TE-DO,,,,,,,,SLO,68,13,813
815,SLO-113A-RE-DO,,,,,,,,SLO,68,14,814
816,SLO-113B-TE-DO,,,,,,,,SLO,68,15,815
817,SLO-113B-RE-DO,,,,,,,,SLO,69,0,816
818,SLO-113C-TE-DO,,,,,,,,SLO,69,1,817
819,SLO-113C-RE-DO,,,,,,,,SLO,69,2,818
820,SLO-113D-TE-DO,,,,,,,,SLO,69,3,819
821,SLO-113D-RE-DO,,,,,,,,SLO,69,4,820
822,SLO-113E-TE-DO,,,,,,,,SLO,69,5,821
823,SLO-113E-RE-DO,,,,,,,,SLO,69,6,822
824,SLO-114A-TE-DO,,,,,,,,SLO,69,7,823
825,SLO-114A-RE-DO,,,,,,,,SLO,69,8,824
826,SLO-114B-TE-DO,,,,,,,,SLO,69,9,825
827,SLO-114B-RE-DO,,,,,,,,SLO,69,10,826
828,SLO-11A-TE-DO,,,,,,,,SLO,69,11,827
829,SLO-11A-RE-DO,,,,,,,,SLO,69,12,828
830,SLO-11B-TE-DO,,,,,,,,SLO,69,13,829
831,SLO-11B-RE-DO,,,,,,,,SLO,69,14,830
832,SLO-11C-TE-DO,,,,,,,,SLO,69,15,831
833,SLO-11C-RE-DO,,,,,,,,SLO,70,0,832
834,SLO-11D-TE-DO,,,,,,,,SLO,70,1,833
835,SLO-11D-RE-DO,,,,,,,,SLO,70,2,834
836,SLO-130A-TE-DO,,,,,,,,SLO,70,3,835
837,SLO-130A-RE-DO,,,,,,,,SLO,70,4,836
838,SLO-130B-TE-DO,,,,,,,,SLO,70,5,837
839,SLO-130B-RE-DO,,,,,,,,SLO,70,6,838
840,SLO-130C-TE-DO,,,,,,,,SLO,70,7,839
841,SLO-130C-RE-DO,,,,,,,,SLO,70,8,840
842,SLO-131A-TE-DO,,,,,,,,SLO,70,9,841
843,SLO-131A-RE-DO,,,,,,,,SLO,70,10,842
844,SLO-131B-TE-DO,,,,,,,,SLO,70,11,843
845,SLO-131B-RE-DO,,,,,,,,SLO,70,12,844
846,SLO-131C-TE-DO,,,,,,,,SLO,70,13,845
847,SLO-131C-RE-DO,,,,,,,,SLO,70,14,846
848,SLO-131D-TE-DO,,,,,,,,SLO,70,15,847
849,SLO-131D-RE-DO,,,,,,,,SLO,71,0,848
850,SLO-133A-TE-DO,,,,,,,,SLO,71,1,849
851,SLO-133A-RE-DO,,,,,,,,SLO,71,2,850
852,SLO-133B-TE-DO,,,,,,,,SLO,71,3,851
853,SLO-133B-RE-DO,,,,,,,,SLO,71,4,852
854,SLO-133C-TE-DO,,,,,,,,SLO,71,5,853
855,SLO-133C-RE-DO,,,,,,,,SLO,71,6,854
856,SLO-133D-TE-DO,,,,,,,,SLO,71,7,855
857,SLO-133D-RE-DO,,,,,,,,SLO,71,8,856
858,SLO-134A-TE-DO,,,,,,,,SLO,71,9,857
859,SLO-134A-RE-DO,,,,,,,,SLO,71,10,858
860,SLO-134B-TE-DO,,,,,,,,SLO,71,11,859
861,SLO-134B-RE-DO,,,,,,,,SLO,71,12,860
862,SLO-134C-TE-DO,,,,,,,,SLO,71,13,861
863,SLO-134C-RE-DO,,,,,,,,SLO,71,14,862
864,SLO-13A-TE-DO,,,,,,,,SLO,71,15,863
865,SLO-13A-RE-DO,,,,,,,,SLO,72,0,864
866,SLO-13B-TE-DO,,,,,,,,SLO,72,1,865
867,SLO-13B-RE-DO,,,,,,,,SLO,72,2,866
868,SLO-13C-TE-DO,,,,,,,,SLO,72,3,867
869,SLO-13C-RE-DO,,,,,,,,SLO,72,4,868
870,SLO-13D-TE-DO,,,,,,,,SLO,72,5,869
871,SLO-13D-RE-DO,,,,,,,,SLO,72,6,870
872,SLO-153A-TE-DO,,,,,,,,SLO,72,7,871
873,SLO-153A-RE-DO,,,,,,,,SLO,72,8,872
874,SLO-153B-TE-DO,,,,,,,,SLO,72,9,873
875,SLO-153B-RE-DO,,,,,,,,SLO,72,10,874
876,SLO-20A-TE-DO,,,,,,,,SLO,72,11,875
877,SLO-20A-RE-DO,,,,,,,,SLO,72,12,876
878,SLO-20B-TE-DO,,,,,,,,SLO,72,13,877
879,SLO-20B-RE-DO,,,,,,,,SLO,72,14,878
880,SLO-21A-TE-DO,,,,,,,,SLO,72,15,879
881,SLO-21A-RE-DO,,,,,,,,SLO,73,0,880
882,SLO-21B-TE-DO,,,,,,,,SLO,73,1,881
883,SLO-21B-RE-DO,,,,,,,,SLO,73,2,882
884,SLO-23A-TE-DO,,,,,,,,SLO,73,3,883
885,SLO-23A-RE-DO,,,,,,,,SLO,73,4,884
886,SLO-23B-TE-DO,,,,,,,,SLO,73,5,885
887,SLO-23B-RE-DO,,,,,,,,SLO,73,6,886
888,SLO-31A-TE-DO,,,,,,,,SLO,73,7,887
889,SLO-31A-RE-DO,,,,,,,,SLO,73,8,888
890,SLO-31B-TE-DO,,,,,,,,SLO,73,9,889
891,SLO-31B-RE-DO,,,,,,,,SLO,73,10,890
892,SLO-31B1-TE-DO,,,,,,,,SLO,73,11,891
893,SLO-31B1-RE-DO,,,,,,,,SLO,73,12,892
894,SLO-31B2-TE-DO,,,,,,,,SLO,73,13,893
895,SLO-31B2-RE-DO,,,,,,,,SLO,73,14,894
896,SLO-SK-14A-TE-DO,,,,,,,,SLO,73,15,895
897,SLO-SK-14A-RE-DO,,,,,,,,SLO,74,0,896
898,SLO-SK-24A-TE-DO,,,,,,,,SLO,74,1,897
899,SLO-SK-24A-RE-DO,,,,,,,,SLO,74,2,898
900,SLO-110-TE-DO,,,,,,,,SLO,74,3,899
901,SLO-110-RE-DO,,,,,,,,SLO,74,4,900
902,SLO-A10-PBE-DO,,,,,,,,SLO,74,5,901
903,SLO-A10-ATE-DO,,,,,,,,SLO,74,6,902
904,SLO-A10-WTE-DO,,,,,,,,SLO,74,7,903
905,SLO-A10-WRE-DO,,,,,,,,SLO,74,8,904
906,SLO-A10-CF-WFE-DO,,,,,,,,SLO,74,9,905
907,SLO-A10-CF-WFLE-DO,,,,,,,,SLO,74,10,906
908,SLO-A10-EFE-DO,,,,,,,,SLO,74,11,907
909,SLO-A10-EFLE-DO,,,,,,,,SLO,74,12,908
910,SLO-A20-PBE-DO,,,,,,,,SLO,74,13,909
911,SLO-A20-ATE-DO,,,,,,,,SLO,74,14,910
912,SLO-A20-WTE-DO,,,,,,,,SLO,74,15,911
913,SLO-A20-WRE-DO,,,,,,,,SLO,75,0,912
914,SLO-A20-WFE-DO,,,,,,,,SLO,75,1,913
915,SLO-A20-WFLE-DO,,,,,,,,SLO,75,2,914
916,SLO-A20-CF-EFE-DO,,,,,,,,SLO,75,3,915
917,SLO-A20-CF-EFLE-DO,,,,,,,,SLO,75,4,916
918,SLO-A114-PBE-DO,,,,,,,,SLO,75,5,917
919,SLO-A114-ATE-DO,,,,,,,,SLO,75,6,918
920,SLO-A114-ETE-DO,,,,,,,,SLO,75,7,919
921,SLO-A114-ERE-DO,,,,,,,,SLO,75,8,920
922,SLO-A114-CF-EFE-DO,,,,,,,,SLO,75,9,921
923,SLO-A114-CF-EFLE-DO,,,,,,,,SLO,75,10,922
924,SLO-A114-WFE-DO,,,,,,,,SLO,75,11,923
925,SLO-A114-WFLE-DO,,,,,,,,SLO,75,12,924
926,SLO-A134-PBE-DO,,,,,,,,SLO,75,13,925
927,SLO-A134-ATE-DO,,,,,,,,SLO,75,14,926
928,SLO-A134-ETE-DO,,,,,,,,SLO,75,15,927
929,SLO-A134-ERE-DO,,,,,,,,SLO,76,0,928
930,SLO-A134-EFE-DO,,,,,,,,SLO,76,1,929
931,SLO-A134-EFLE-DO,,,,,,,,SLO,76,2,930
932,SLO-A134-CF-WFE-DO,,,,,,,,SLO,76,3,931
933,SLO-A134-CF-WFLE-DO,,,,,,,,SLO,76,4,932
934,SLO-A130-PBE-DO,,,,,,,,SLO,76,5,933
935,SLO-A130-ATE-DO,,,,,,,,SLO,76,6,934
936,SLO-A130-WTE-DO,,,,,,,,SLO,76,7,935
937,SLO-A130-WRE-DO,,,,,,,,SLO,76,8,936
938,SLO-A130-WFE-DO,,,,,,,,SLO,76,9,937
939,SLO-A130-WFLE-DO,,,,,,,,SLO,76,10,938
940,SLO-A130-EFE-DO,,,,,,,,SLO,76,11,939
941,SLO-A130-EFLE-DO,,,,,,,,SLO,76,12,940
942,SLO-JPL94-PBE-DO,,,,,,,,SLO,76,13,941
943,SLO-JPL116-PBE-DO,,,,,,,,SLO,76,14,942
944,,,,,,,,,SLO,76,15,943
945,SLO-PB-FAIL,,Gangguan Tombol,1,1,1,0>1,alarm,SLO,77,0,944
946,SLO-PLN-IN,Gangguan Catu Daya,Catu Daya Menggunakan PLN,1,1,1,1>0,catu daya,SLO,77,1,945
947,SLO-UPS-IN,,Catu Daya Menggunakan UPS,1,1,,,catu daya,SLO,77,2,946
948,SLO-GENSET-IN,,Catu Daya Menggunakan GENSET,1,1,,,catu daya,SLO,77,3,947
949,SLO-GENSET-START-FAIL,,Genset Gagal Beroperasi,1,1,1,0>1,catu daya,SLO,77,4,948
950,SLO-GENSET-LOW-FUEL,,Bahan Bakar Genset Mendekati Habis,1,1,1,0>1,catu daya,SLO,77,5,949
951,SLO-UPS-INVERTER-FAIL,,Inverter UPS Mengalami Gangguan,1,1,1,0>1,catu daya,SLO,77,6,950
952,SLO-UPS-LOWBATT,,Batere UPS Mendekati Habis,1,1,1,0>1,catu daya,SLO,77,7,951
953,SLO-CTC-NV-OK,Gangguan Komunikasi Sistem Nonvital ke CTC Server,Komunikasi Sistem Nonvital ke CTC Server Normal Kembali,1,1,1,1>0,lain-lain,SLO,77,8,952
954,SLO-LAMPTEST,::PENGUJIAN INDIKASI LAMPU LED DAN BUNYI BUZZER SELESAI::,::PENGUJIAN INDIKASI LAMPU LED DAN BUNYI BUZZER DIMULAI::,1,1,,,lain-lain,SLO,77,9,953
955,SLO-LAMP-G,,::PENGUJIAN INDIKASI LAMPU LED WARNA HIJAU::,1,1,,,lain-lain,SLO,77,10,954
956,SLO-LAMP-Y,,::PENGUJIAN INDIKASI LAMPU LED WARNA KUNING::,1,1,,,lain-lain,SLO,77,11,955
957,SLO-LAMP-R,,::PENGUJIAN INDIKASI LAMPU LED WARNA MERAH::,1,1,,,lain-lain,SLO,77,12,956
958,SLO-LAMP-W,,::PENGUJIAN INDIKASI LAMPU LED WARNA PUTIH::,1,1,,,lain-lain,SLO,77,13,957
959,SLO-LAMP-PB,,::PENGUJIAN INDIKASI LAMPU LED TOMBOL::,1,1,,,lain-lain,SLO,77,14,958
960,SLO-TESTBUZZER,,::PENGUJIAN BUNYI BUZZER::,1,1,,,lain-lain,SLO,77,15,959
961,SLO-CS1-COMM-OK,Komunikasi Sistem NON VITAL dengan CTS/CTC Server 1 Gangguan,Komunikasi Sistem NON VITAL dengan CTS/CTC Server 1 Normal,1,1,1,1>0,lain-lain,SLO,78,0,960
962,SLO-CS2-COMM-OK,Komunikasi Sistem NON VITAL dengan CTS/CTC Server 2 Gangguan,Komunikasi Sistem NON VITAL dengan CTS/CTC Server 2 Normal,1,1,1,1>0,lain-lain,SLO,78,1,961
963,SLO-J10-62B-CTRL,Kombinasi Tombol Rute dari J10 ke JL62B tidak Aktif,Kombinasi Tombol Rute dari J10 ke JL62B Aktif,1,1,,,perintah,SLO,78,2,962
964,SLO-J10-62B-RS,Route Stick dari J10 ke JL62B Bebas,Route Stick dari J10 ke JL62B Terbentuk,1,1,,,rute,SLO,78,3,963
965,SLO-J10-62B-E-REQ,Permintaan Rute Darurat dari J10 ke JL62B tidak Aktif,Permintaan Rute Darurat dari J10 ke JL62B Aktif,1,1,,,rute,SLO,78,4,964
966,SLO-J10-62B-E-RST-TE,,Rute Darurat dari J10 ke JL62B Timeout,1,1,,,rute,SLO,78,5,965
967,SLO-J10-62B-T-REQ,Permintaan Rute Normal dari J10 ke JL62B tidak Aktif,Permintaan Rute Normal dari J10 ke JL62B Aktif,1,1,,,rute,SLO,78,6,966
968,SLO-J10-42B-CTRL,Kombinasi Tombol Rute dari J10 ke JL42B tidak Aktif,Kombinasi Tombol Rute dari J10 ke JL42B Aktif,1,1,,,perintah,SLO,78,7,967
969,SLO-J10-42B-RS,Route Stick dari J10 ke JL42B Bebas,Route Stick dari J10 ke JL42B Terbentuk,1,1,,,rute,SLO,78,8,968
970,SLO-J10-42B-E-REQ,Permintaan Rute Darurat dari J10 ke JL42B tidak Aktif,Permintaan Rute Darurat dari J10 ke JL42B Aktif,1,1,,,rute,SLO,78,9,969
971,SLO-J10-42B-E-RST-TE,,Rute Darurat dari J10 ke JL42B Timeout,1,1,,,rute,SLO,78,10,970
972,SLO-J10-42B-T-REQ,Permintaan Rute Normal dari J10 ke JL42B tidak Aktif,Permintaan Rute Normal dari J10 ke JL42B Aktif,1,1,,,rute,SLO,78,11,971
973,SLO-J10-22B-CTRL,Kombinasi Tombol Rute dari J10 ke JL22B tidak Aktif,Kombinasi Tombol Rute dari J10 ke JL22B Aktif,1,1,,,perintah,SLO,78,12,972
974,SLO-J10-22B-RS,Route Stick dari J10 ke JL22B Bebas,Route Stick dari J10 ke JL22B Terbentuk,1,1,,,rute,SLO,78,13,973
975,SLO-J10-22B-E-REQ,Permintaan Rute Darurat dari J10 ke JL22B tidak Aktif,Permintaan Rute Darurat dari J10 ke JL22B Aktif,1,1,,,rute,SLO,78,14,974
976,SLO-J10-22B-E-RST-TE,,Rute Darurat dari J10 ke JL22B Timeout,1,1,,,rute,SLO,78,15,975
977,SLO-J10-22B-T-REQ,Permintaan Rute Normal dari J10 ke JL22B tidak Aktif,Permintaan Rute Normal dari J10 ke JL22B Aktif,1,1,,,rute,SLO,79,0,976
978,SLO-J10-12B-CTRL,Kombinasi Tombol Rute dari J10 ke JL12B tidak Aktif,Kombinasi Tombol Rute dari J10 ke JL12B Aktif,1,1,,,perintah,SLO,79,1,977
979,SLO-J10-12B-RS,Route Stick dari J10 ke JL12B Bebas,Route Stick dari J10 ke JL12B Terbentuk,1,1,,,rute,SLO,79,2,978
980,SLO-J10-12B-E-REQ,Permintaan Rute Darurat dari J10 ke JL12B tidak Aktif,Permintaan Rute Darurat dari J10 ke JL12B Aktif,1,1,,,rute,SLO,79,3,979
981,SLO-J10-12B-E-RST-TE,,Rute Darurat dari J10 ke JL12B Timeout,1,1,,,rute,SLO,79,4,980
982,SLO-J10-12B-T-REQ,Permintaan Rute Normal dari J10 ke JL12B tidak Aktif,Permintaan Rute Normal dari J10 ke JL12B Aktif,1,1,,,rute,SLO,79,5,981
983,SLO-J10-12B-D-REQ,Permintaan Rute Langsung dari J10 ke JL12B tidak Aktif,Permintaan Rute Langsung dari J10 ke JL12B Aktif,1,1,,,rute,SLO,79,6,982
984,SLO-J10-92B-CTRL,Kombinasi Tombol Rute dari J10 ke JL92B tidak Aktif,Kombinasi Tombol Rute dari J10 ke JL92B Aktif,1,1,,,perintah,SLO,79,7,983
985,SLO-J10-92B-RS,Route Stick dari J10 ke JL92B Bebas,Route Stick dari J10 ke JL92B Terbentuk,1,1,,,rute,SLO,79,8,984
986,SLO-J10-92B-E-REQ,Permintaan Rute Darurat dari J10 ke JL92B tidak Aktif,Permintaan Rute Darurat dari J10 ke JL92B Aktif,1,1,,,rute,SLO,79,9,985
987,SLO-J10-92B-E-RST-TE,,Rute Darurat dari J10 ke JL92B Timeout,1,1,,,rute,SLO,79,10,986
988,SLO-J10-92B-T-REQ,Permintaan Rute Normal dari J10 ke JL92B tidak Aktif,Permintaan Rute Normal dari J10 ke JL92B Aktif,1,1,,,rute,SLO,79,11,987
989,SLO-J10-112B-CTRL,Kombinasi Tombol Rute dari J10 ke JL112B tidak Aktif,Kombinasi Tombol Rute dari J10 ke JL112B Aktif,1,1,,,perintah,SLO,79,12,988
990,SLO-J10-112B-RS,Route Stick dari J10 ke JL112B Bebas,Route Stick dari J10 ke JL112B Terbentuk,1,1,,,rute,SLO,79,13,989
991,SLO-J10-112B-E-REQ,Permintaan Rute Darurat dari J10 ke JL112B tidak Aktif,Permintaan Rute Darurat dari J10 ke JL112B Aktif,1,1,,,rute,SLO,79,14,990
992,SLO-J10-112B-E-RST-TE,,Rute Darurat dari J10 ke JL112B Timeout,1,1,,,rute,SLO,79,15,991
993,SLO-J10-112B-T-REQ,Permintaan Rute Normal dari J10 ke JL112B tidak Aktif,Permintaan Rute Normal dari J10 ke JL112B Aktif,1,1,,,rute,SLO,80,0,992
994,SLO-J10-132B-CTRL,Kombinasi Tombol Rute dari J10 ke JL132B tidak Aktif,Kombinasi Tombol Rute dari J10 ke JL132B Aktif,1,1,,,perintah,SLO,80,1,993
995,SLO-J10-132B-RS,Route Stick dari J10 ke JL132B Bebas,Route Stick dari J10 ke JL132B Terbentuk,1,1,,,rute,SLO,80,2,994
996,SLO-J10-132B-E-REQ,Permintaan Rute Darurat dari J10 ke JL132B tidak Aktif,Permintaan Rute Darurat dari J10 ke JL132B Aktif,1,1,,,rute,SLO,80,3,995
997,SLO-J10-132B-E-RST-TE,,Rute Darurat dari J10 ke JL132B Timeout,1,1,,,rute,SLO,80,4,996
998,SLO-J10-132B-T-REQ,Permintaan Rute Normal dari J10 ke JL132B tidak Aktif,Permintaan Rute Normal dari J10 ke JL132B Aktif,1,1,,,rute,SLO,80,5,997
999,SLO-J10-152B-CTRL,Kombinasi Tombol Rute dari J10 ke JL152B tidak Aktif,Kombinasi Tombol Rute dari J10 ke JL152B Aktif,1,1,,,perintah,SLO,80,6,998
1000,SLO-J10-152B-RS,Route Stick dari J10 ke JL152B Bebas,Route Stick dari J10 ke JL152B Terbentuk,1,1,,,rute,SLO,80,7,999
1001,SLO-J10-152B-E-REQ,Permintaan Rute Darurat dari J10 ke JL152B tidak Aktif,Permintaan Rute Darurat dari J10 ke JL152B Aktif,1,1,,,rute,SLO,80,8,1000
1002,SLO-J10-152B-E-RST-TE,,Rute Darurat dari J10 ke JL152B Timeout,1,1,,,rute,SLO,80,9,1001
1003,SLO-J10-152B-T-REQ,Permintaan Rute Normal dari J10 ke JL152B tidak Aktif,Permintaan Rute Normal dari J10 ke JL152B Aktif,1,1,,,rute,SLO,80,10,1002
1004,SLO-J10-172B-CTRL,Kombinasi Tombol Rute dari J10 ke JL172B tidak Aktif,Kombinasi Tombol Rute dari J10 ke JL172B Aktif,1,1,,,perintah,SLO,80,11,1003
1005,SLO-J10-172B-RS,Route Stick dari J10 ke JL172B Bebas,Route Stick dari J10 ke JL172B Terbentuk,1,1,,,rute,SLO,80,12,1004
1006,SLO-J10-172B-E-REQ,Permintaan Rute Darurat dari J10 ke JL172B tidak Aktif,Permintaan Rute Darurat dari J10 ke JL172B Aktif,1,1,,,rute,SLO,80,13,1005
1007,SLO-J10-172B-E-RST-TE,,Rute Darurat dari J10 ke JL172B Timeout,1,1,,,rute,SLO,80,14,1006
1008,SLO-J10-172B-T-REQ,Permintaan Rute Normal dari J10 ke JL172B tidak Aktif,Permintaan Rute Normal dari J10 ke JL172B Aktif,1,1,,,rute,SLO,80,15,1007
1009,SLO-J10-A130-CTRL,Kombinasi Tombol Rute dari J10 ke A130 tidak Aktif,Kombinasi Tombol Rute dari J10 ke A130 Aktif,1,1,,,perintah,SLO,81,0,1008
1010,SLO-J10-A130-RS,Route Stick dari J10 ke A130 Bebas,Route Stick dari J10 ke A130 Terbentuk,1,1,,,rute,SLO,81,1,1009
1011,SLO-J10-A130-E-REQ,Permintaan Rute Darurat dari J10 ke A130 tidak Aktif,Permintaan Rute Darurat dari J10 ke A130 Aktif,1,1,,,rute,SLO,81,2,1010
1012,SLO-J10-A130-E-RST-TE,,Rute Darurat dari J10 ke A130 Timeout,1,1,,,rute,SLO,81,3,1011
1013,SLO-J10-A130-T-REQ,Permintaan Rute Normal dari J10 ke A130 tidak Aktif,Permintaan Rute Normal dari J10 ke A130 Aktif,1,1,,,rute,SLO,81,4,1012
1014,SLO-J10-A130-D-REQ,Permintaan Rute Langsung dari J10 ke A130 tidak Aktif,Permintaan Rute Langsung dari J10 ke A130 Aktif,1,1,,,rute,SLO,81,5,1013
1015,SLO-J10-192B-CTRL,Kombinasi Tombol Rute dari J10 ke JL192B tidak Aktif,Kombinasi Tombol Rute dari J10 ke JL192B Aktif,1,1,,,perintah,SLO,81,6,1014
1016,SLO-J10-192B-RS,Route Stick dari J10 ke JL192B Bebas,Route Stick dari J10 ke JL192B Terbentuk,1,1,,,rute,SLO,81,7,1015
1017,SLO-J10-192B-E-REQ,Permintaan Rute Darurat dari J10 ke JL192B tidak Aktif,Permintaan Rute Darurat dari J10 ke JL192B Aktif,1,1,,,rute,SLO,81,8,1016
1018,SLO-J10-192B-E-RST-TE,,Rute Darurat dari J10 ke JL192B Timeout,1,1,,,rute,SLO,81,9,1017
1019,SLO-J10-192B-T-REQ,Permintaan Rute Normal dari J10 ke JL192B tidak Aktif,Permintaan Rute Normal dari J10 ke JL192B Aktif,1,1,,,rute,SLO,81,10,1018
1020,SLO-J114-62A-CTRL,Kombinasi Tombol Rute dari J114 ke JL62A tidak Aktif,Kombinasi Tombol Rute dari J114 ke JL62A Aktif,1,1,,,perintah,SLO,81,11,1019
1021,SLO-J114-62A-RS,Route Stick dari J114 ke JL62A Bebas,Route Stick dari J114 ke JL62A Terbentuk,1,1,,,rute,SLO,81,12,1020
1022,SLO-J114-62A-E-REQ,Permintaan Rute Darurat dari J114 ke JL62A tidak Aktif,Permintaan Rute Darurat dari J114 ke JL62A Aktif,1,1,,,rute,SLO,81,13,1021
1023,SLO-J114-62A-E-RST-TE,,Rute Darurat dari J114 ke JL62A Timeout,1,1,,,rute,SLO,81,14,1022
1024,SLO-J114-62A-T-REQ,Permintaan Rute Normal dari J114 ke JL62A tidak Aktif,Permintaan Rute Normal dari J114 ke JL62A Aktif,1,1,,,rute,SLO,81,15,1023
1025,SLO-J114-42A-CTRL,Kombinasi Tombol Rute dari J114 ke JL42A tidak Aktif,Kombinasi Tombol Rute dari J114 ke JL42A Aktif,1,1,,,perintah,SLO,82,0,1024
1026,SLO-J114-42A-RS,Route Stick dari J114 ke JL42A Bebas,Route Stick dari J114 ke JL42A Terbentuk,1,1,,,rute,SLO,82,1,1025
1027,SLO-J114-42A-E-REQ,Permintaan Rute Darurat dari J114 ke JL42A tidak Aktif,Permintaan Rute Darurat dari J114 ke JL42A Aktif,1,1,,,rute,SLO,82,2,1026
1028,SLO-J114-42A-E-RST-TE,,Rute Darurat dari J114 ke JL42A Timeout,1,1,,,rute,SLO,82,3,1027
1029,SLO-J114-42A-T-REQ,Permintaan Rute Normal dari J114 ke JL42A tidak Aktif,Permintaan Rute Normal dari J114 ke JL42A Aktif,1,1,,,rute,SLO,82,4,1028
1030,SLO-J114-22A-CTRL,Kombinasi Tombol Rute dari J114 ke JL22A tidak Aktif,Kombinasi Tombol Rute dari J114 ke JL22A Aktif,1,1,,,perintah,SLO,82,5,1029
1031,SLO-J114-22A-RS,Route Stick dari J114 ke JL22A Bebas,Route Stick dari J114 ke JL22A Terbentuk,1,1,,,rute,SLO,82,6,1030
1032,SLO-J114-22A-E-REQ,Permintaan Rute Darurat dari J114 ke JL22A tidak Aktif,Permintaan Rute Darurat dari J114 ke JL22A Aktif,1,1,,,rute,SLO,82,7,1031
1033,SLO-J114-22A-E-RST-TE,,Rute Darurat dari J114 ke JL22A Timeout,1,1,,,rute,SLO,82,8,1032
1034,SLO-J114-22A-T-REQ,Permintaan Rute Normal dari J114 ke JL22A tidak Aktif,Permintaan Rute Normal dari J114 ke JL22A Aktif,1,1,,,rute,SLO,82,9,1033
1035,SLO-J114-22A-D-REQ,Permintaan Rute Langsung dari J114 ke JL22A tidak Aktif,Permintaan Rute Langsung dari J114 ke JL22A Aktif,1,1,,,rute,SLO,82,10,1034
1036,SLO-J114-12A-CTRL,Kombinasi Tombol Rute dari J114 ke JL12A tidak Aktif,Kombinasi Tombol Rute dari J114 ke JL12A Aktif,1,1,,,perintah,SLO,82,11,1035
1037,SLO-J114-12A-RS,Route Stick dari J114 ke JL12A Bebas,Route Stick dari J114 ke JL12A Terbentuk,1,1,,,rute,SLO,82,12,1036
1038,SLO-J114-12A-E-REQ,Permintaan Rute Darurat dari J114 ke JL12A tidak Aktif,Permintaan Rute Darurat dari J114 ke JL12A Aktif,1,1,,,rute,SLO,82,13,1037
1039,SLO-J114-12A-E-RST-TE,,Rute Darurat dari J114 ke JL12A Timeout,1,1,,,rute,SLO,82,14,1038
1040,SLO-J114-12A-T-REQ,Permintaan Rute Normal dari J114 ke JL12A tidak Aktif,Permintaan Rute Normal dari J114 ke JL12A Aktif,1,1,,,rute,SLO,82,15,1039
1041,SLO-J114-92A-CTRL,Kombinasi Tombol Rute dari J114 ke JL92A tidak Aktif,Kombinasi Tombol Rute dari J114 ke JL92A Aktif,1,1,,,perintah,SLO,83,0,1040
1042,SLO-J114-92A-RS,Route Stick dari J114 ke JL92A Bebas,Route Stick dari J114 ke JL92A Terbentuk,1,1,,,rute,SLO,83,1,1041
1043,SLO-J114-92A-E-REQ,Permintaan Rute Darurat dari J114 ke JL92A tidak Aktif,Permintaan Rute Darurat dari J114 ke JL92A Aktif,1,1,,,rute,SLO,83,2,1042
1044,SLO-J114-92A-E-RST-TE,,Rute Darurat dari J114 ke JL92A Timeout,1,1,,,rute,SLO,83,3,1043
1045,SLO-J114-92A-T-REQ,Permintaan Rute Normal dari J114 ke JL92A tidak Aktif,Permintaan Rute Normal dari J114 ke JL92A Aktif,1,1,,,rute,SLO,83,4,1044
1046,SLO-J114-112A-CTRL,Kombinasi Tombol Rute dari J114 ke JL112A tidak Aktif,Kombinasi Tombol Rute dari J114 ke JL112A Aktif,1,1,,,perintah,SLO,83,5,1045
1047,SLO-J114-112A-RS,Route Stick dari J114 ke JL112A Bebas,Route Stick dari J114 ke JL112A Terbentuk,1,1,,,rute,SLO,83,6,1046
1048,SLO-J114-112A-E-REQ,Permintaan Rute Darurat dari J114 ke JL112A tidak Aktif,Permintaan Rute Darurat dari J114 ke JL112A Aktif,1,1,,,rute,SLO,83,7,1047
1049,SLO-J114-112A-E-RST-TE,,Rute Darurat dari J114 ke JL112A Timeout,1,1,,,rute,SLO,83,8,1048
1050,SLO-J114-112A-T-REQ,Permintaan Rute Normal dari J114 ke JL112A tidak Aktif,Permintaan Rute Normal dari J114 ke JL112A Aktif,1,1,,,rute,SLO,83,9,1049
1051,SLO-J114-132A-CTRL,Kombinasi Tombol Rute dari J114 ke JL132A tidak Aktif,Kombinasi Tombol Rute dari J114 ke JL132A Aktif,1,1,,,perintah,SLO,83,10,1050
1052,SLO-J114-132A-RS,Route Stick dari J114 ke JL132A Bebas,Route Stick dari J114 ke JL132A Terbentuk,1,1,,,rute,SLO,83,11,1051
1053,SLO-J114-132A-E-REQ,Permintaan Rute Darurat dari J114 ke JL132A tidak Aktif,Permintaan Rute Darurat dari J114 ke JL132A Aktif,1,1,,,rute,SLO,83,12,1052
1054,SLO-J114-132A-E-RST-TE,,Rute Darurat dari J114 ke JL132A Timeout,1,1,,,rute,SLO,83,13,1053
1055,SLO-J114-132A-T-REQ,Permintaan Rute Normal dari J114 ke JL132A tidak Aktif,Permintaan Rute Normal dari J114 ke JL132A Aktif,1,1,,,rute,SLO,83,14,1054
1056,SLO-J114-152A-CTRL,Kombinasi Tombol Rute dari J114 ke JL152A tidak Aktif,Kombinasi Tombol Rute dari J114 ke JL152A Aktif,1,1,,,perintah,SLO,83,15,1055
1057,SLO-J114-152A-RS,Route Stick dari J114 ke JL152A Bebas,Route Stick dari J114 ke JL152A Terbentuk,1,1,,,rute,SLO,84,0,1056
1058,SLO-J114-152A-E-REQ,Permintaan Rute Darurat dari J114 ke JL152A tidak Aktif,Permintaan Rute Darurat dari J114 ke JL152A Aktif,1,1,,,rute,SLO,84,1,1057
1059,SLO-J114-152A-E-RST-TE,,Rute Darurat dari J114 ke JL152A Timeout,1,1,,,rute,SLO,84,2,1058
1060,SLO-J114-152A-T-REQ,Permintaan Rute Normal dari J114 ke JL152A tidak Aktif,Permintaan Rute Normal dari J114 ke JL152A Aktif,1,1,,,rute,SLO,84,3,1059
1061,SLO-J114-172A-CTRL,Kombinasi Tombol Rute dari J114 ke JL172A tidak Aktif,Kombinasi Tombol Rute dari J114 ke JL172A Aktif,1,1,,,perintah,SLO,84,4,1060
1062,SLO-J114-172A-RS,Route Stick dari J114 ke JL172A Bebas,Route Stick dari J114 ke JL172A Terbentuk,1,1,,,rute,SLO,84,5,1061
1063,SLO-J114-172A-E-REQ,Permintaan Rute Darurat dari J114 ke JL172A tidak Aktif,Permintaan Rute Darurat dari J114 ke JL172A Aktif,1,1,,,rute,SLO,84,6,1062
1064,SLO-J114-172A-E-RST-TE,,Rute Darurat dari J114 ke JL172A Timeout,1,1,,,rute,SLO,84,7,1063
1065,SLO-J114-172A-T-REQ,Permintaan Rute Normal dari J114 ke JL172A tidak Aktif,Permintaan Rute Normal dari J114 ke JL172A Aktif,1,1,,,rute,SLO,84,8,1064
1066,SLO-J114-192A-CTRL,Kombinasi Tombol Rute dari J114 ke JL192A tidak Aktif,Kombinasi Tombol Rute dari J114 ke JL192A Aktif,1,1,,,perintah,SLO,84,9,1065
1067,SLO-J114-192A-RS,Route Stick dari J114 ke JL192A Bebas,Route Stick dari J114 ke JL192A Terbentuk,1,1,,,rute,SLO,84,10,1066
1068,SLO-J114-192A-E-REQ,Permintaan Rute Darurat dari J114 ke JL192A tidak Aktif,Permintaan Rute Darurat dari J114 ke JL192A Aktif,1,1,,,rute,SLO,84,11,1067
1069,SLO-J114-192A-E-RST-TE,,Rute Darurat dari J114 ke JL192A Timeout,1,1,,,rute,SLO,84,12,1068
1070,SLO-J114-192A-T-REQ,Permintaan Rute Normal dari J114 ke JL192A tidak Aktif,Permintaan Rute Normal dari J114 ke JL192A Aktif,1,1,,,rute,SLO,84,13,1069
1071,SLO-J130-A20-CTRL,Kombinasi Tombol Rute dari J130 ke A20 tidak Aktif,Kombinasi Tombol Rute dari J130 ke A20 Aktif,1,1,,,perintah,SLO,84,14,1070
1072,SLO-J130-A20-RS,Route Stick dari J130 ke A20 Bebas,Route Stick dari J130 ke A20 Terbentuk,1,1,,,rute,SLO,84,15,1071
1073,SLO-J130-A20-E-REQ,Permintaan Rute Darurat dari J130 ke A20 tidak Aktif,Permintaan Rute Darurat dari J130 ke A20 Aktif,1,1,,,rute,SLO,85,0,1072
1074,SLO-J130-A20-E-RST-TE,,Rute Darurat dari J130 ke A20 Timeout,1,1,,,rute,SLO,85,1,1073
1075,SLO-J130-A20-T-REQ,Permintaan Rute Normal dari J130 ke A20 tidak Aktif,Permintaan Rute Normal dari J130 ke A20 Aktif,1,1,,,rute,SLO,85,2,1074
1076,SLO-J130-A20-D-REQ,Permintaan Rute Langsung dari J130 ke A20 tidak Aktif,Permintaan Rute Langsung dari J130 ke A20 Aktif,1,1,,,rute,SLO,85,3,1075
1077,SLO-J130-62B-CTRL,Kombinasi Tombol Rute dari J130 ke JL62B tidak Aktif,Kombinasi Tombol Rute dari J130 ke JL62B Aktif,1,1,,,perintah,SLO,85,4,1076
1078,SLO-J130-62B-RS,Route Stick dari J130 ke JL62B Bebas,Route Stick dari J130 ke JL62B Terbentuk,1,1,,,rute,SLO,85,5,1077
1079,SLO-J130-62B-E-REQ,Permintaan Rute Darurat dari J130 ke JL62B tidak Aktif,Permintaan Rute Darurat dari J130 ke JL62B Aktif,1,1,,,rute,SLO,85,6,1078
1080,SLO-J130-62B-E-RST-TE,,Rute Darurat dari J130 ke JL62B Timeout,1,1,,,rute,SLO,85,7,1079
1081,SLO-J130-62B-T-REQ,Permintaan Rute Normal dari J130 ke JL62B tidak Aktif,Permintaan Rute Normal dari J130 ke JL62B Aktif,1,1,,,rute,SLO,85,8,1080
1082,SLO-J130-42B-CTRL,Kombinasi Tombol Rute dari J130 ke JL42B tidak Aktif,Kombinasi Tombol Rute dari J130 ke JL42B Aktif,1,1,,,perintah,SLO,85,9,1081
1083,SLO-J130-42B-RS,Route Stick dari J130 ke JL42B Bebas,Route Stick dari J130 ke JL42B Terbentuk,1,1,,,rute,SLO,85,10,1082
1084,SLO-J130-42B-E-REQ,Permintaan Rute Darurat dari J130 ke JL42B tidak Aktif,Permintaan Rute Darurat dari J130 ke JL42B Aktif,1,1,,,rute,SLO,85,11,1083
1085,SLO-J130-42B-E-RST-TE,,Rute Darurat dari J130 ke JL42B Timeout,1,1,,,rute,SLO,85,12,1084
1086,SLO-J130-42B-T-REQ,Permintaan Rute Normal dari J130 ke JL42B tidak Aktif,Permintaan Rute Normal dari J130 ke JL42B Aktif,1,1,,,rute,SLO,85,13,1085
1087,SLO-J130-22B-CTRL,Kombinasi Tombol Rute dari J130 ke JL22B tidak Aktif,Kombinasi Tombol Rute dari J130 ke JL22B Aktif,1,1,,,perintah,SLO,85,14,1086
1088,SLO-J130-22B-RS,Route Stick dari J130 ke JL22B Bebas,Route Stick dari J130 ke JL22B Terbentuk,1,1,,,rute,SLO,85,15,1087
1089,SLO-J130-22B-E-REQ,Permintaan Rute Darurat dari J130 ke JL22B tidak Aktif,Permintaan Rute Darurat dari J130 ke JL22B Aktif,1,1,,,rute,SLO,86,0,1088
1090,SLO-J130-22B-E-RST-TE,,Rute Darurat dari J130 ke JL22B Timeout,1,1,,,rute,SLO,86,1,1089
1091,SLO-J130-22B-T-REQ,Permintaan Rute Normal dari J130 ke JL22B tidak Aktif,Permintaan Rute Normal dari J130 ke JL22B Aktif,1,1,,,rute,SLO,86,2,1090
1092,SLO-J130-12B-CTRL,Kombinasi Tombol Rute dari J130 ke JL12B tidak Aktif,Kombinasi Tombol Rute dari J130 ke JL12B Aktif,1,1,,,perintah,SLO,86,3,1091
1093,SLO-J130-12B-RS,Route Stick dari J130 ke JL12B Bebas,Route Stick dari J130 ke JL12B Terbentuk,1,1,,,rute,SLO,86,4,1092
1094,SLO-J130-12B-E-REQ,Permintaan Rute Darurat dari J130 ke JL12B tidak Aktif,Permintaan Rute Darurat dari J130 ke JL12B Aktif,1,1,,,rute,SLO,86,5,1093
1095,SLO-J130-12B-E-RST-TE,,Rute Darurat dari J130 ke JL12B Timeout,1,1,,,rute,SLO,86,6,1094
1096,SLO-J130-12B-T-REQ,Permintaan Rute Normal dari J130 ke JL12B tidak Aktif,Permintaan Rute Normal dari J130 ke JL12B Aktif,1,1,,,rute,SLO,86,7,1095
1097,SLO-J130-92B-CTRL,Kombinasi Tombol Rute dari J130 ke JL92B tidak Aktif,Kombinasi Tombol Rute dari J130 ke JL92B Aktif,1,1,,,perintah,SLO,86,8,1096
1098,SLO-J130-92B-RS,Route Stick dari J130 ke JL92B Bebas,Route Stick dari J130 ke JL92B Terbentuk,1,1,,,rute,SLO,86,9,1097
1099,SLO-J130-92B-E-REQ,Permintaan Rute Darurat dari J130 ke JL92B tidak Aktif,Permintaan Rute Darurat dari J130 ke JL92B Aktif,1,1,,,rute,SLO,86,10,1098
1100,SLO-J130-92B-E-RST-TE,,Rute Darurat dari J130 ke JL92B Timeout,1,1,,,rute,SLO,86,11,1099
1101,SLO-J130-92B-T-REQ,Permintaan Rute Normal dari J130 ke JL92B tidak Aktif,Permintaan Rute Normal dari J130 ke JL92B Aktif,1,1,,,rute,SLO,86,12,1100
1102,SLO-J130-112B-CTRL,Kombinasi Tombol Rute dari J130 ke JL112B tidak Aktif,Kombinasi Tombol Rute dari J130 ke JL112B Aktif,1,1,,,perintah,SLO,86,13,1101
1103,SLO-J130-112B-RS,Route Stick dari J130 ke JL112B Bebas,Route Stick dari J130 ke JL112B Terbentuk,1,1,,,rute,SLO,86,14,1102
1104,SLO-J130-112B-E-REQ,Permintaan Rute Darurat dari J130 ke JL112B tidak Aktif,Permintaan Rute Darurat dari J130 ke JL112B Aktif,1,1,,,rute,SLO,86,15,1103
1105,SLO-J130-112B-E-RST-TE,,Rute Darurat dari J130 ke JL112B Timeout,1,1,,,rute,SLO,87,0,1104
1106,SLO-J130-112B-T-REQ,Permintaan Rute Normal dari J130 ke JL112B tidak Aktif,Permintaan Rute Normal dari J130 ke JL112B Aktif,1,1,,,rute,SLO,87,1,1105
1107,SLO-J130-132B-CTRL,Kombinasi Tombol Rute dari J130 ke JL132B tidak Aktif,Kombinasi Tombol Rute dari J130 ke JL132B Aktif,1,1,,,perintah,SLO,87,2,1106
1108,SLO-J130-132B-RS,Route Stick dari J130 ke JL132B Bebas,Route Stick dari J130 ke JL132B Terbentuk,1,1,,,rute,SLO,87,3,1107
1109,SLO-J130-132B-E-REQ,Permintaan Rute Darurat dari J130 ke JL132B tidak Aktif,Permintaan Rute Darurat dari J130 ke JL132B Aktif,1,1,,,rute,SLO,87,4,1108
1110,SLO-J130-132B-E-RST-TE,,Rute Darurat dari J130 ke JL132B Timeout,1,1,,,rute,SLO,87,5,1109
1111,SLO-J130-132B-T-REQ,Permintaan Rute Normal dari J130 ke JL132B tidak Aktif,Permintaan Rute Normal dari J130 ke JL132B Aktif,1,1,,,rute,SLO,87,6,1110
1112,SLO-J130-132B-D-REQ,Permintaan Rute Langsung dari J130 ke JL132B tidak Aktif,Permintaan Rute Langsung dari J130 ke JL132B Aktif,1,1,,,rute,SLO,87,7,1111
1113,SLO-J130-152B-CTRL,Kombinasi Tombol Rute dari J130 ke JL152B tidak Aktif,Kombinasi Tombol Rute dari J130 ke JL152B Aktif,1,1,,,perintah,SLO,87,8,1112
1114,SLO-J130-152B-RS,Route Stick dari J130 ke JL152B Bebas,Route Stick dari J130 ke JL152B Terbentuk,1,1,,,rute,SLO,87,9,1113
1115,SLO-J130-152B-E-REQ,Permintaan Rute Darurat dari J130 ke JL152B tidak Aktif,Permintaan Rute Darurat dari J130 ke JL152B Aktif,1,1,,,rute,SLO,87,10,1114
1116,SLO-J130-152B-E-RST-TE,,Rute Darurat dari J130 ke JL152B Timeout,1,1,,,rute,SLO,87,11,1115
1117,SLO-J130-152B-T-REQ,Permintaan Rute Normal dari J130 ke JL152B tidak Aktif,Permintaan Rute Normal dari J130 ke JL152B Aktif,1,1,,,rute,SLO,87,12,1116
1118,SLO-J130-172B-CTRL,Kombinasi Tombol Rute dari J130 ke JL172B tidak Aktif,Kombinasi Tombol Rute dari J130 ke JL172B Aktif,1,1,,,perintah,SLO,87,13,1117
1119,SLO-J130-172B-RS,Route Stick dari J130 ke JL172B Bebas,Route Stick dari J130 ke JL172B Terbentuk,1,1,,,rute,SLO,87,14,1118
1120,SLO-J130-172B-E-REQ,Permintaan Rute Darurat dari J130 ke JL172B tidak Aktif,Permintaan Rute Darurat dari J130 ke JL172B Aktif,1,1,,,rute,SLO,87,15,1119
1121,SLO-J130-172B-E-RST-TE,,Rute Darurat dari J130 ke JL172B Timeout,1,1,,,rute,SLO,88,0,1120
1122,SLO-J130-172B-T-REQ,Permintaan Rute Normal dari J130 ke JL172B tidak Aktif,Permintaan Rute Normal dari J130 ke JL172B Aktif,1,1,,,rute,SLO,88,1,1121
1123,SLO-J130-192B-CTRL,Kombinasi Tombol Rute dari J130 ke JL192B tidak Aktif,Kombinasi Tombol Rute dari J130 ke JL192B Aktif,1,1,,,perintah,SLO,88,2,1122
1124,SLO-J130-192B-RS,Route Stick dari J130 ke JL192B Bebas,Route Stick dari J130 ke JL192B Terbentuk,1,1,,,rute,SLO,88,3,1123
1125,SLO-J130-192B-E-REQ,Permintaan Rute Darurat dari J130 ke JL192B tidak Aktif,Permintaan Rute Darurat dari J130 ke JL192B Aktif,1,1,,,rute,SLO,88,4,1124
1126,SLO-J130-192B-E-RST-TE,,Rute Darurat dari J130 ke JL192B Timeout,1,1,,,rute,SLO,88,5,1125
1127,SLO-J130-192B-T-REQ,Permintaan Rute Normal dari J130 ke JL192B tidak Aktif,Permintaan Rute Normal dari J130 ke JL192B Aktif,1,1,,,rute,SLO,88,6,1126
1128,SLO-J134-62A-CF-CTRL,Kombinasi Tombol Rute Contra Flow dari J134 ke JL62A tidak Aktif,Kombinasi Tombol Rute Contra Flow dari J134 ke JL62A Aktif,1,1,,,perintah,SLO,88,7,1127
1129,SLO-J134-62A-CF-RS,Route Stick dari J134 ke JL62A Bebas,Route Stick dari J134 ke JL62A Terbentuk,1,1,,,rute,SLO,88,8,1128
1130,SLO-J134-62A-CF-E-REQ,Permintaan Rute Contraflow dari J134 ke JL62A tidak Aktif,Permintaan Rute Contraflow dari J134 ke JL62A Aktif,1,1,,,rute,SLO,88,9,1129
1131,SLO-J134-62A-CF-E-RST-TE,,Rute Contraflow dari J134 ke JL62A Timeout,1,1,,,rute,SLO,88,10,1130
1132,SLO-J134-42A-CF-CTRL,Kombinasi Tombol Rute Contra Flow dari J134 ke JL42A tidak Aktif,Kombinasi Tombol Rute Contra Flow dari J134 ke JL42A Aktif,1,1,,,perintah,SLO,88,11,1131
1133,SLO-J134-42A-CF-RS,Route Stick dari J134 ke JL42A Bebas,Route Stick dari J134 ke JL42A Terbentuk,1,1,,,rute,SLO,88,12,1132
1134,SLO-J134-42A-CF-E-REQ,Permintaan Rute Contraflow dari J134 ke JL42A tidak Aktif,Permintaan Rute Contraflow dari J134 ke JL42A Aktif,1,1,,,rute,SLO,88,13,1133
1135,SLO-J134-42A-CF-E-RST-TE,,Rute Contraflow dari J134 ke JL42A Timeout,1,1,,,rute,SLO,88,14,1134
1136,SLO-J134-22A-CF-CTRL,Kombinasi Tombol Rute Contra Flow dari J134 ke JL22A tidak Aktif,Kombinasi Tombol Rute Contra Flow dari J134 ke JL22A Aktif,1,1,,,perintah,SLO,88,15,1135
1137,SLO-J134-22A-CF-RS,Route Stick dari J134 ke JL22A Bebas,Route Stick dari J134 ke JL22A Terbentuk,1,1,,,rute,SLO,89,0,1136
1138,SLO-J134-22A-CF-E-REQ,Permintaan Rute Contraflow dari J134 ke JL22A tidak Aktif,Permintaan Rute Contraflow dari J134 ke JL22A Aktif,1,1,,,rute,SLO,89,1,1137
1139,SLO-J134-22A-CF-E-RST-TE,,Rute Contraflow dari J134 ke JL22A Timeout,1,1,,,rute,SLO,89,2,1138
1140,SLO-J134-12A-CF-CTRL,Kombinasi Tombol Rute Contra Flow dari J134 ke JL12A tidak Aktif,Kombinasi Tombol Rute Contra Flow dari J134 ke JL12A Aktif,1,1,,,perintah,SLO,89,3,1139
1141,SLO-J134-12A-CF-RS,Route Stick dari J134 ke JL12A Bebas,Route Stick dari J134 ke JL12A Terbentuk,1,1,,,rute,SLO,89,4,1140
1142,SLO-J134-12A-CF-E-REQ,Permintaan Rute Contraflow dari J134 ke JL12A tidak Aktif,Permintaan Rute Contraflow dari J134 ke JL12A Aktif,1,1,,,rute,SLO,89,5,1141
1143,SLO-J134-12A-CF-E-RST-TE,,Rute Contraflow dari J134 ke JL12A Timeout,1,1,,,rute,SLO,89,6,1142
1144,SLO-J134-92A-CF-CTRL,Kombinasi Tombol Rute Contra Flow dari J134 ke JL92A tidak Aktif,Kombinasi Tombol Rute Contra Flow dari J134 ke JL92A Aktif,1,1,,,perintah,SLO,89,7,1143
1145,SLO-J134-92A-CF-RS,Route Stick dari J134 ke JL92A Bebas,Route Stick dari J134 ke JL92A Terbentuk,1,1,,,rute,SLO,89,8,1144
1146,SLO-J134-92A-CF-E-REQ,Permintaan Rute Contraflow dari J134 ke JL92A tidak Aktif,Permintaan Rute Contraflow dari J134 ke JL92A Aktif,1,1,,,rute,SLO,89,9,1145
1147,SLO-J134-92A-CF-E-RST-TE,,Rute Contraflow dari J134 ke JL92A Timeout,1,1,,,rute,SLO,89,10,1146
1148,SLO-J134-112A-CF-CTRL,Kombinasi Tombol Rute Contra Flow dari J134 ke JL112A tidak Aktif,Kombinasi Tombol Rute Contra Flow dari J134 ke JL112A Aktif,1,1,,,perintah,SLO,89,11,1147
1149,SLO-J134-112A-CF-RS,Route Stick dari J134 ke JL112A Bebas,Route Stick dari J134 ke JL112A Terbentuk,1,1,,,rute,SLO,89,12,1148
1150,SLO-J134-112A-CF-E-REQ,Permintaan Rute Contraflow dari J134 ke JL112A tidak Aktif,Permintaan Rute Contraflow dari J134 ke JL112A Aktif,1,1,,,rute,SLO,89,13,1149
1151,SLO-J134-112A-CF-E-RST-TE,,Rute Contraflow dari J134 ke JL112A Timeout,1,1,,,rute,SLO,89,14,1150
1152,SLO-J134-132A-CF-CTRL,Kombinasi Tombol Rute Contra Flow dari J134 ke JL132A tidak Aktif,Kombinasi Tombol Rute Contra Flow dari J134 ke JL132A Aktif,1,1,,,perintah,SLO,89,15,1151
1153,SLO-J134-132A-CF-RS,Route Stick dari J134 ke JL132A Bebas,Route Stick dari J134 ke JL132A Terbentuk,1,1,,,rute,SLO,90,0,1152
1154,SLO-J134-132A-CF-E-REQ,Permintaan Rute Contraflow dari J134 ke JL132A tidak Aktif,Permintaan Rute Contraflow dari J134 ke JL132A Aktif,1,1,,,rute,SLO,90,1,1153
1155,SLO-J134-132A-CF-E-RST-TE,,Rute Contraflow dari J134 ke JL132A Timeout,1,1,,,rute,SLO,90,2,1154
1156,SLO-J134-152A-CF-CTRL,Kombinasi Tombol Rute Contra Flow dari J134 ke JL152A tidak Aktif,Kombinasi Tombol Rute Contra Flow dari J134 ke JL152A Aktif,1,1,,,perintah,SLO,90,3,1155
1157,SLO-J134-152A-CF-RS,Route Stick dari J134 ke JL152A Bebas,Route Stick dari J134 ke JL152A Terbentuk,1,1,,,rute,SLO,90,4,1156
1158,SLO-J134-152A-CF-E-REQ,Permintaan Rute Contraflow dari J134 ke JL152A tidak Aktif,Permintaan Rute Contraflow dari J134 ke JL152A Aktif,1,1,,,rute,SLO,90,5,1157
1159,SLO-J134-152A-CF-E-RST-TE,,Rute Contraflow dari J134 ke JL152A Timeout,1,1,,,rute,SLO,90,6,1158
1160,SLO-J134-172A-CF-CTRL,Kombinasi Tombol Rute Contra Flow dari J134 ke JL172A tidak Aktif,Kombinasi Tombol Rute Contra Flow dari J134 ke JL172A Aktif,1,1,,,perintah,SLO,90,7,1159
1161,SLO-J134-172A-CF-RS,Route Stick dari J134 ke JL172A Bebas,Route Stick dari J134 ke JL172A Terbentuk,1,1,,,rute,SLO,90,8,1160
1162,SLO-J134-172A-CF-E-REQ,Permintaan Rute Contraflow dari J134 ke JL172A tidak Aktif,Permintaan Rute Contraflow dari J134 ke JL172A Aktif,1,1,,,rute,SLO,90,9,1161
1163,SLO-J134-172A-CF-E-RST-TE,,Rute Contraflow dari J134 ke JL172A Timeout,1,1,,,rute,SLO,90,10,1162
1164,SLO-J134-192A-CF-CTRL,Kombinasi Tombol Rute Contra Flow dari J134 ke JL192A tidak Aktif,Kombinasi Tombol Rute Contra Flow dari J134 ke JL192A Aktif,1,1,,,perintah,SLO,90,11,1163
1165,SLO-J134-192A-CF-RS,Route Stick dari J134 ke JL192A Bebas,Route Stick dari J134 ke JL192A Terbentuk,1,1,,,rute,SLO,90,12,1164
1166,SLO-J134-192A-CF-E-REQ,Permintaan Rute Contraflow dari J134 ke JL192A tidak Aktif,Permintaan Rute Contraflow dari J134 ke JL192A Aktif,1,1,,,rute,SLO,90,13,1165
1167,SLO-J134-192A-CF-E-RST-TE,,Rute Contraflow dari J134 ke JL192A Timeout,1,1,,,rute,SLO,90,14,1166
1168,SLO-J20-62B-CF-CTRL,Kombinasi Tombol Rute Contra Flow dari J20 ke JL62B tidak Aktif,Kombinasi Tombol Rute Contra Flow dari J20 ke JL62B Aktif,1,1,,,perintah,SLO,90,15,1167
1169,SLO-J20-62B-CF-RS,Route Stick dari J20 ke JL62B Bebas,Route Stick dari J20 ke JL62B Terbentuk,1,1,,,rute,SLO,91,0,1168
1170,SLO-J20-62B-CF-E-REQ,Permintaan Rute Contraflow dari J20 ke JL62B tidak Aktif,Permintaan Rute Contraflow dari J20 ke JL62B Aktif,1,1,,,rute,SLO,91,1,1169
1171,SLO-J20-62B-CF-E-RST-TE,,Rute Contraflow dari J20 ke JL62B Timeout,1,1,,,rute,SLO,91,2,1170
1172,SLO-J20-42B-CF-CTRL,Kombinasi Tombol Rute Contra Flow dari J20 ke JL42B tidak Aktif,Kombinasi Tombol Rute Contra Flow dari J20 ke JL42B Aktif,1,1,,,perintah,SLO,91,3,1171
1173,SLO-J20-42B-CF-RS,Route Stick dari J20 ke JL42B Bebas,Route Stick dari J20 ke JL42B Terbentuk,1,1,,,rute,SLO,91,4,1172
1174,SLO-J20-42B-CF-E-REQ,Permintaan Rute Contraflow dari J20 ke JL42B tidak Aktif,Permintaan Rute Contraflow dari J20 ke JL42B Aktif,1,1,,,rute,SLO,91,5,1173
1175,SLO-J20-42B-CF-E-RST-TE,,Rute Contraflow dari J20 ke JL42B Timeout,1,1,,,rute,SLO,91,6,1174
1176,SLO-J20-22B-CF-CTRL,Kombinasi Tombol Rute Contra Flow dari J20 ke JL22B tidak Aktif,Kombinasi Tombol Rute Contra Flow dari J20 ke JL22B Aktif,1,1,,,perintah,SLO,91,7,1175
1177,SLO-J20-22B-CF-RS,Route Stick dari J20 ke JL22B Bebas,Route Stick dari J20 ke JL22B Terbentuk,1,1,,,rute,SLO,91,8,1176
1178,SLO-J20-22B-CF-E-REQ,Permintaan Rute Contraflow dari J20 ke JL22B tidak Aktif,Permintaan Rute Contraflow dari J20 ke JL22B Aktif,1,1,,,rute,SLO,91,9,1177
1179,SLO-J20-22B-CF-E-RST-TE,,Rute Contraflow dari J20 ke JL22B Timeout,1,1,,,rute,SLO,91,10,1178
1180,SLO-J20-12B-CF-CTRL,Kombinasi Tombol Rute Contra Flow dari J20 ke JL12B tidak Aktif,Kombinasi Tombol Rute Contra Flow dari J20 ke JL12B Aktif,1,1,,,perintah,SLO,91,11,1179
1181,SLO-J20-12B-CF-RS,Route Stick dari J20 ke JL12B Bebas,Route Stick dari J20 ke JL12B Terbentuk,1,1,,,rute,SLO,91,12,1180
1182,SLO-J20-12B-CF-E-REQ,Permintaan Rute Contraflow dari J20 ke JL12B tidak Aktif,Permintaan Rute Contraflow dari J20 ke JL12B Aktif,1,1,,,rute,SLO,91,13,1181
1183,SLO-J20-12B-CF-E-RST-TE,,Rute Contraflow dari J20 ke JL12B Timeout,1,1,,,rute,SLO,91,14,1182
1184,SLO-J20-92B-CF-CTRL,Kombinasi Tombol Rute Contra Flow dari J20 ke JL92B tidak Aktif,Kombinasi Tombol Rute Contra Flow dari J20 ke JL92B Aktif,1,1,,,perintah,SLO,91,15,1183
1185,SLO-J20-92B-CF-RS,Route Stick dari J20 ke JL92B Bebas,Route Stick dari J20 ke JL92B Terbentuk,1,1,,,rute,SLO,92,0,1184
1186,SLO-J20-92B-CF-E-REQ,Permintaan Rute Contraflow dari J20 ke JL92B tidak Aktif,Permintaan Rute Contraflow dari J20 ke JL92B Aktif,1,1,,,rute,SLO,92,1,1185
1187,SLO-J20-92B-CF-E-RST-TE,,Rute Contraflow dari J20 ke JL92B Timeout,1,1,,,rute,SLO,92,2,1186
1188,SLO-J20-112B-CF-CTRL,Kombinasi Tombol Rute Contra Flow dari J20 ke JL112B tidak Aktif,Kombinasi Tombol Rute Contra Flow dari J20 ke JL112B Aktif,1,1,,,perintah,SLO,92,3,1187
1189,SLO-J20-112B-CF-RS,Route Stick dari J20 ke JL112B Bebas,Route Stick dari J20 ke JL112B Terbentuk,1,1,,,rute,SLO,92,4,1188
1190,SLO-J20-112B-CF-E-REQ,Permintaan Rute Contraflow dari J20 ke JL112B tidak Aktif,Permintaan Rute Contraflow dari J20 ke JL112B Aktif,1,1,,,rute,SLO,92,5,1189
1191,SLO-J20-112B-CF-E-RST-TE,,Rute Contraflow dari J20 ke JL112B Timeout,1,1,,,rute,SLO,92,6,1190
1192,SLO-J20-132B-CF-CTRL,Kombinasi Tombol Rute Contra Flow dari J20 ke JL132B tidak Aktif,Kombinasi Tombol Rute Contra Flow dari J20 ke JL132B Aktif,1,1,,,perintah,SLO,92,7,1191
1193,SLO-J20-132B-CF-RS,Route Stick dari J20 ke JL132B Bebas,Route Stick dari J20 ke JL132B Terbentuk,1,1,,,rute,SLO,92,8,1192
1194,SLO-J20-132B-CF-E-REQ,Permintaan Rute Contraflow dari J20 ke JL132B tidak Aktif,Permintaan Rute Contraflow dari J20 ke JL132B Aktif,1,1,,,rute,SLO,92,9,1193
1195,SLO-J20-132B-CF-E-RST-TE,,Rute Contraflow dari J20 ke JL132B Timeout,1,1,,,rute,SLO,92,10,1194
1196,SLO-J20-152B-CF-CTRL,Kombinasi Tombol Rute Contra Flow dari J20 ke JL152B tidak Aktif,Kombinasi Tombol Rute Contra Flow dari J20 ke JL152B Aktif,1,1,,,perintah,SLO,92,11,1195
1197,SLO-J20-152B-CF-RS,Route Stick dari J20 ke JL152B Bebas,Route Stick dari J20 ke JL152B Terbentuk,1,1,,,rute,SLO,92,12,1196
1198,SLO-J20-152B-CF-E-REQ,Permintaan Rute Contraflow dari J20 ke JL152B tidak Aktif,Permintaan Rute Contraflow dari J20 ke JL152B Aktif,1,1,,,rute,SLO,92,13,1197
1199,SLO-J20-152B-CF-E-RST-TE,,Rute Contraflow dari J20 ke JL152B Timeout,1,1,,,rute,SLO,92,14,1198
1200,SLO-J20-172B-CF-CTRL,Kombinasi Tombol Rute Contra Flow dari J20 ke JL172B tidak Aktif,Kombinasi Tombol Rute Contra Flow dari J20 ke JL172B Aktif,1,1,,,perintah,SLO,92,15,1199
1201,SLO-J20-172B-CF-RS,Route Stick dari J20 ke JL172B Bebas,Route Stick dari J20 ke JL172B Terbentuk,1,1,,,rute,SLO,93,0,1200
1202,SLO-J20-172B-CF-E-REQ,Permintaan Rute Contraflow dari J20 ke JL172B tidak Aktif,Permintaan Rute Contraflow dari J20 ke JL172B Aktif,1,1,,,rute,SLO,93,1,1201
1203,SLO-J20-172B-CF-E-RST-TE,,Rute Contraflow dari J20 ke JL172B Timeout,1,1,,,rute,SLO,93,2,1202
1204,SLO-J20-192B-CF-CTRL,Kombinasi Tombol Rute Contra Flow dari J20 ke JL192B tidak Aktif,Kombinasi Tombol Rute Contra Flow dari J20 ke JL192B Aktif,1,1,,,perintah,SLO,93,3,1203
1205,SLO-J20-192B-CF-RS,Route Stick dari J20 ke JL192B Bebas,Route Stick dari J20 ke JL192B Terbentuk,1,1,,,rute,SLO,93,4,1204
1206,SLO-J20-192B-CF-E-REQ,Permintaan Rute Contraflow dari J20 ke JL192B tidak Aktif,Permintaan Rute Contraflow dari J20 ke JL192B Aktif,1,1,,,rute,SLO,93,5,1205
1207,SLO-J20-192B-CF-E-RST-TE,,Rute Contraflow dari J20 ke JL192B Timeout,1,1,,,rute,SLO,93,6,1206
1208,SLO-J20-A130-CF-CTRL,Kombinasi Tombol Rute Contra Flow dari J20 ke A130 tidak Aktif,Kombinasi Tombol Rute Contra Flow dari J20 ke A130 Aktif,1,1,,,perintah,SLO,93,7,1207
1209,SLO-J20-A130-CF-RS,Route Stick dari J20 ke A130 Bebas,Route Stick dari J20 ke A130 Terbentuk,1,1,,,rute,SLO,93,8,1208
1210,SLO-J20-A130-CF-E-REQ,Permintaan Rute Contraflow dari J20 ke A130 tidak Aktif,Permintaan Rute Contraflow dari J20 ke A130 Aktif,1,1,,,rute,SLO,93,9,1209
1211,SLO-J20-A130-CF-E-RST-TE,,Rute Contraflow dari J20 ke A130 Timeout,1,1,,,rute,SLO,93,10,1210
1212,SLO-JL112A-A20-CTRL,Kombinasi Tombol Rute dari JL112A ke A20 tidak Aktif,Kombinasi Tombol Rute dari JL112A ke A20 Aktif,1,1,,,perintah,SLO,93,11,1211
1213,SLO-JL112A-A20-RS,Route Stick dari JL112A ke A20 Bebas,Route Stick dari JL112A ke A20 Terbentuk,1,1,,,rute,SLO,93,12,1212
1214,SLO-JL112A-A20-E-REQ,Permintaan Rute Darurat dari JL112A ke A20 tidak Aktif,Permintaan Rute Darurat dari JL112A ke A20 Aktif,1,1,,,rute,SLO,93,13,1213
1215,SLO-JL112A-A20-E-RST-TE,,Rute Darurat dari JL112A ke A20 Timeout,1,1,,,rute,SLO,93,14,1214
1216,SLO-JL112A-A20-T-REQ,Permintaan Rute Normal dari JL112A ke A20 tidak Aktif,Permintaan Rute Normal dari JL112A ke A20 Aktif,1,1,,,rute,SLO,93,15,1215
1217,SLO-JL112A-A20-D-REQ,Permintaan Rute Langsung dari JL112A ke A20 tidak Aktif,Permintaan Rute Langsung dari JL112A ke A20 Aktif,1,1,,,rute,SLO,94,0,1216
1218,SLO-JL112A-A10-CF-CTRL,Kombinasi Tombol Rute Contra Flow dari JL112A ke A10 tidak Aktif,Kombinasi Tombol Rute Contra Flow dari JL112A ke A10 Aktif,1,1,,,perintah,SLO,94,1,1217
1219,SLO-JL112A-A10-CF-RS,Route Stick dari JL112A ke A10 Bebas,Route Stick dari JL112A ke A10 Terbentuk,1,1,,,rute,SLO,94,2,1218
1220,SLO-JL112A-A10-CF-E-REQ,Permintaan Rute Contraflow dari JL112A ke A10 tidak Aktif,Permintaan Rute Contraflow dari JL112A ke A10 Aktif,1,1,,,rute,SLO,94,3,1219
1221,SLO-JL112A-A10-CF-E-RST-TE,,Rute Contraflow dari JL112A ke A10 Timeout,1,1,,,rute,SLO,94,4,1220
1222,SLO-JL112A-31B1-CTRL,Kombinasi Tombol Rute dari JL112A ke L31B1 tidak Aktif,Kombinasi Tombol Rute dari JL112A ke L31B1 Aktif,1,1,,,perintah,SLO,94,5,1221
1223,SLO-JL112A-31B1-RS,Route Stick dari JL112A ke L31B1 Bebas,Route Stick dari JL112A ke L31B1 Terbentuk,1,1,,,rute,SLO,94,6,1222
1224,SLO-JL112A-31B1-S-REQ,Permintaan Rute Langsir dari JL112A ke L31B1 tidak Aktif,Permintaan Rute Langsir dari JL112A ke L31B1 Aktif,1,1,,,rute,SLO,94,7,1223
1225,SLO-JL112A-A130-CTRL,Kombinasi Tombol Rute dari JL112A ke A130 tidak Aktif,Kombinasi Tombol Rute dari JL112A ke A130 Aktif,1,1,,,perintah,SLO,94,8,1224
1226,SLO-JL112A-A130-RS,Route Stick dari JL112A ke A130 Bebas,Route Stick dari JL112A ke A130 Terbentuk,1,1,,,rute,SLO,94,9,1225
1227,SLO-JL112A-A130-E-REQ,Permintaan Rute Darurat dari JL112A ke A130 tidak Aktif,Permintaan Rute Darurat dari JL112A ke A130 Aktif,1,1,,,rute,SLO,94,10,1226
1228,SLO-JL112A-A130-E-RST-TE,,Rute Darurat dari JL112A ke A130 Timeout,1,1,,,rute,SLO,94,11,1227
1229,SLO-JL112A-A130-T-REQ,Permintaan Rute Normal dari JL112A ke A130 tidak Aktif,Permintaan Rute Normal dari JL112A ke A130 Aktif,1,1,,,rute,SLO,94,12,1228
1230,SLO-JL112A-A130-D-REQ,Permintaan Rute Langsung dari JL112A ke A130 tidak Aktif,Permintaan Rute Langsung dari JL112A ke A130 Aktif,1,1,,,rute,SLO,94,13,1229
1231,SLO-JL112A-X130-CTRL,Kombinasi Tombol Rute dari JL112A ke X130 tidak Aktif,Kombinasi Tombol Rute dari JL112A ke X130 Aktif,1,1,,,perintah,SLO,94,14,1230
1232,SLO-JL112A-X130-RS,Route Stick dari JL112A ke X130 Bebas,Route Stick dari JL112A ke X130 Terbentuk,1,1,,,rute,SLO,94,15,1231
1233,SLO-JL112A-X130-S-REQ,Permintaan Rute Langsir dari JL112A ke X130 tidak Aktif,Permintaan Rute Langsir dari JL112A ke X130 Aktif,1,1,,,rute,SLO,95,0,1232
1234,SLO-JL112A-X110-CTRL,Kombinasi Tombol Rute dari JL112A ke X110 tidak Aktif,Kombinasi Tombol Rute dari JL112A ke X110 Aktif,1,1,,,perintah,SLO,95,1,1233
1235,SLO-JL112A-X110-RS,Route Stick dari JL112A ke X110 Bebas,Route Stick dari JL112A ke X110 Terbentuk,1,1,,,rute,SLO,95,2,1234
1236,SLO-JL112A-X110-S-REQ,Permintaan Rute Langsir dari JL112A ke X110 tidak Aktif,Permintaan Rute Langsir dari JL112A ke X110 Aktif,1,1,,,rute,SLO,95,3,1235
1237,SLO-JL112B-133B-CTRL,Kombinasi Tombol Rute dari JL112B ke L133B tidak Aktif,Kombinasi Tombol Rute dari JL112B ke L133B Aktif,1,1,,,perintah,SLO,95,4,1236
1238,SLO-JL112B-133B-RS,Route Stick dari JL112B ke L133B Bebas,Route Stick dari JL112B ke L133B Terbentuk,1,1,,,rute,SLO,95,5,1237
1239,SLO-JL112B-133B-S-REQ,Permintaan Rute Langsir dari JL112B ke L133B tidak Aktif,Permintaan Rute Langsir dari JL112B ke L133B Aktif,1,1,,,rute,SLO,95,6,1238
1240,SLO-JL112B-X154-CTRL,Kombinasi Tombol Rute dari JL112B ke X154 tidak Aktif,Kombinasi Tombol Rute dari JL112B ke X154 Aktif,1,1,,,perintah,SLO,95,7,1239
1241,SLO-JL112B-X154-RS,Route Stick dari JL112B ke X154 Bebas,Route Stick dari JL112B ke X154 Terbentuk,1,1,,,rute,SLO,95,8,1240
1242,SLO-JL112B-X154-S-REQ,Permintaan Rute Langsir dari JL112B ke X154 tidak Aktif,Permintaan Rute Langsir dari JL112B ke X154 Aktif,1,1,,,rute,SLO,95,9,1241
1243,SLO-JL112B-X174A-CTRL,Kombinasi Tombol Rute dari JL112B ke X174A tidak Aktif,Kombinasi Tombol Rute dari JL112B ke X174A Aktif,1,1,,,perintah,SLO,95,10,1242
1244,SLO-JL112B-X174A-RS,Route Stick dari JL112B ke X174A Bebas,Route Stick dari JL112B ke X174A Terbentuk,1,1,,,rute,SLO,95,11,1243
1245,SLO-JL112B-X174A-S-REQ,Permintaan Rute Langsir dari JL112B ke X174A tidak Aktif,Permintaan Rute Langsir dari JL112B ke X174A Aktif,1,1,,,rute,SLO,95,12,1244
1246,SLO-JL112B-X174B-CTRL,Kombinasi Tombol Rute dari JL112B ke X174B tidak Aktif,Kombinasi Tombol Rute dari JL112B ke X174B Aktif,1,1,,,perintah,SLO,95,13,1245
1247,SLO-JL112B-X174B-RS,Route Stick dari JL112B ke X174B Bebas,Route Stick dari JL112B ke X174B Terbentuk,1,1,,,rute,SLO,95,14,1246
1248,SLO-JL112B-X174B-S-REQ,Permintaan Rute Langsir dari JL112B ke X174B tidak Aktif,Permintaan Rute Langsir dari JL112B ke X174B Aktif,1,1,,,rute,SLO,95,15,1247
1249,SLO-JL112B-A114-CF-CTRL,Kombinasi Tombol Rute Contra Flow dari JL112B ke A114 tidak Aktif,Kombinasi Tombol Rute Contra Flow dari JL112B ke A114 Aktif,1,1,,,perintah,SLO,96,0,1248
1250,SLO-JL112B-A114-CF-RS,Route Stick dari JL112B ke A114 Bebas,Route Stick dari JL112B ke A114 Terbentuk,1,1,,,rute,SLO,96,1,1249
1251,SLO-JL112B-A114-CF-E-REQ,Permintaan Rute Contraflow dari JL112B ke A114 tidak Aktif,Permintaan Rute Contraflow dari JL112B ke A114 Aktif,1,1,,,rute,SLO,96,2,1250
1252,SLO-JL112B-A114-CF-E-RST-TE,,Rute Contraflow dari JL112B ke A114 Timeout,1,1,,,rute,SLO,96,3,1251
1253,SLO-JL112B-A134-CTRL,Kombinasi Tombol Rute dari JL112B ke A134 tidak Aktif,Kombinasi Tombol Rute dari JL112B ke A134 Aktif,1,1,,,perintah,SLO,96,4,1252
1254,SLO-JL112B-A134-RS,Route Stick dari JL112B ke A134 Bebas,Route Stick dari JL112B ke A134 Terbentuk,1,1,,,rute,SLO,96,5,1253
1255,SLO-JL112B-A134-E-REQ,Permintaan Rute Darurat dari JL112B ke A134 tidak Aktif,Permintaan Rute Darurat dari JL112B ke A134 Aktif,1,1,,,rute,SLO,96,6,1254
1256,SLO-JL112B-A134-E-RST-TE,,Rute Darurat dari JL112B ke A134 Timeout,1,1,,,rute,SLO,96,7,1255
1257,SLO-JL112B-A134-T-REQ,Permintaan Rute Normal dari JL112B ke A134 tidak Aktif,Permintaan Rute Normal dari JL112B ke A134 Aktif,1,1,,,rute,SLO,96,8,1256
1258,SLO-JL112B-X134-CTRL,Kombinasi Tombol Rute dari JL112B ke X134 tidak Aktif,Kombinasi Tombol Rute dari JL112B ke X134 Aktif,1,1,,,perintah,SLO,96,9,1257
1259,SLO-JL112B-X134-RS,Route Stick dari JL112B ke X134 Bebas,Route Stick dari JL112B ke X134 Terbentuk,1,1,,,rute,SLO,96,10,1258
1260,SLO-JL112B-X134-S-REQ,Permintaan Rute Langsir dari JL112B ke X134 tidak Aktif,Permintaan Rute Langsir dari JL112B ke X134 Aktif,1,1,,,rute,SLO,96,11,1259
1261,SLO-JL12A-A20-CTRL,Kombinasi Tombol Rute dari JL12A ke A20 tidak Aktif,Kombinasi Tombol Rute dari JL12A ke A20 Aktif,1,1,,,perintah,SLO,96,12,1260
1262,SLO-JL12A-A20-RS,Route Stick dari JL12A ke A20 Bebas,Route Stick dari JL12A ke A20 Terbentuk,1,1,,,rute,SLO,96,13,1261
1263,SLO-JL12A-A20-E-REQ,Permintaan Rute Darurat dari JL12A ke A20 tidak Aktif,Permintaan Rute Darurat dari JL12A ke A20 Aktif,1,1,,,rute,SLO,96,14,1262
1264,SLO-JL12A-A20-E-RST-TE,,Rute Darurat dari JL12A ke A20 Timeout,1,1,,,rute,SLO,96,15,1263
1265,SLO-JL12A-A20-T-REQ,Permintaan Rute Normal dari JL12A ke A20 tidak Aktif,Permintaan Rute Normal dari JL12A ke A20 Aktif,1,1,,,rute,SLO,97,0,1264
1266,SLO-JL12A-A20-D-REQ,Permintaan Rute Langsung dari JL12A ke A20 tidak Aktif,Permintaan Rute Langsung dari JL12A ke A20 Aktif,1,1,,,rute,SLO,97,1,1265
1267,SLO-JL12A-A10-CF-CTRL,Kombinasi Tombol Rute Contra Flow dari JL12A ke A10 tidak Aktif,Kombinasi Tombol Rute Contra Flow dari JL12A ke A10 Aktif,1,1,,,perintah,SLO,97,2,1266
1268,SLO-JL12A-A10-CF-RS,Route Stick dari JL12A ke A10 Bebas,Route Stick dari JL12A ke A10 Terbentuk,1,1,,,rute,SLO,97,3,1267
1269,SLO-JL12A-A10-CF-E-REQ,Permintaan Rute Contraflow dari JL12A ke A10 tidak Aktif,Permintaan Rute Contraflow dari JL12A ke A10 Aktif,1,1,,,rute,SLO,97,4,1268
1270,SLO-JL12A-A10-CF-E-RST-TE,,Rute Contraflow dari JL12A ke A10 Timeout,1,1,,,rute,SLO,97,5,1269
1271,SLO-JL12A-A130-CTRL,Kombinasi Tombol Rute dari JL12A ke A130 tidak Aktif,Kombinasi Tombol Rute dari JL12A ke A130 Aktif,1,1,,,perintah,SLO,97,6,1270
1272,SLO-JL12A-A130-RS,Route Stick dari JL12A ke A130 Bebas,Route Stick dari JL12A ke A130 Terbentuk,1,1,,,rute,SLO,97,7,1271
1273,SLO-JL12A-A130-E-REQ,Permintaan Rute Darurat dari JL12A ke A130 tidak Aktif,Permintaan Rute Darurat dari JL12A ke A130 Aktif,1,1,,,rute,SLO,97,8,1272
1274,SLO-JL12A-A130-E-RST-TE,,Rute Darurat dari JL12A ke A130 Timeout,1,1,,,rute,SLO,97,9,1273
1275,SLO-JL12A-A130-T-REQ,Permintaan Rute Normal dari JL12A ke A130 tidak Aktif,Permintaan Rute Normal dari JL12A ke A130 Aktif,1,1,,,rute,SLO,97,10,1274
1276,SLO-JL12A-A130-D-REQ,Permintaan Rute Langsung dari JL12A ke A130 tidak Aktif,Permintaan Rute Langsung dari JL12A ke A130 Aktif,1,1,,,rute,SLO,97,11,1275
1277,SLO-JL12A-X130-CTRL,Kombinasi Tombol Rute dari JL12A ke X130 tidak Aktif,Kombinasi Tombol Rute dari JL12A ke X130 Aktif,1,1,,,perintah,SLO,97,12,1276
1278,SLO-JL12A-X130-RS,Route Stick dari JL12A ke X130 Bebas,Route Stick dari JL12A ke X130 Terbentuk,1,1,,,rute,SLO,97,13,1277
1279,SLO-JL12A-X130-S-REQ,Permintaan Rute Langsir dari JL12A ke X130 tidak Aktif,Permintaan Rute Langsir dari JL12A ke X130 Aktif,1,1,,,rute,SLO,97,14,1278
1280,SLO-JL12A-11A-CTRL,Kombinasi Tombol Rute dari JL12A ke L11A tidak Aktif,Kombinasi Tombol Rute dari JL12A ke L11A Aktif,1,1,,,perintah,SLO,97,15,1279
1281,SLO-JL12A-11A-RS,Route Stick dari JL12A ke L11A Bebas,Route Stick dari JL12A ke L11A Terbentuk,1,1,,,rute,SLO,98,0,1280
1282,SLO-JL12A-11A-S-REQ,Permintaan Rute Langsir dari JL12A ke L11A tidak Aktif,Permintaan Rute Langsir dari JL12A ke L11A Aktif,1,1,,,rute,SLO,98,1,1281
1283,SLO-JL12B-133B-CTRL,Kombinasi Tombol Rute dari JL12B ke L133B tidak Aktif,Kombinasi Tombol Rute dari JL12B ke L133B Aktif,1,1,,,perintah,SLO,98,2,1282
1284,SLO-JL12B-133B-RS,Route Stick dari JL12B ke L133B Bebas,Route Stick dari JL12B ke L133B Terbentuk,1,1,,,rute,SLO,98,3,1283
1285,SLO-JL12B-133B-S-REQ,Permintaan Rute Langsir dari JL12B ke L133B tidak Aktif,Permintaan Rute Langsir dari JL12B ke L133B Aktif,1,1,,,rute,SLO,98,4,1284
1286,SLO-JL12B-X154-CTRL,Kombinasi Tombol Rute dari JL12B ke X154 tidak Aktif,Kombinasi Tombol Rute dari JL12B ke X154 Aktif,1,1,,,perintah,SLO,98,5,1285
1287,SLO-JL12B-X154-RS,Route Stick dari JL12B ke X154 Bebas,Route Stick dari JL12B ke X154 Terbentuk,1,1,,,rute,SLO,98,6,1286
1288,SLO-JL12B-X154-S-REQ,Permintaan Rute Langsir dari JL12B ke X154 tidak Aktif,Permintaan Rute Langsir dari JL12B ke X154 Aktif,1,1,,,rute,SLO,98,7,1287
1289,SLO-JL12B-X174A-CTRL,Kombinasi Tombol Rute dari JL12B ke X174A tidak Aktif,Kombinasi Tombol Rute dari JL12B ke X174A Aktif,1,1,,,perintah,SLO,98,8,1288
1290,SLO-JL12B-X174A-RS,Route Stick dari JL12B ke X174A Bebas,Route Stick dari JL12B ke X174A Terbentuk,1,1,,,rute,SLO,98,9,1289
1291,SLO-JL12B-X174A-S-REQ,Permintaan Rute Langsir dari JL12B ke X174A tidak Aktif,Permintaan Rute Langsir dari JL12B ke X174A Aktif,1,1,,,rute,SLO,98,10,1290
1292,SLO-JL12B-X174B-CTRL,Kombinasi Tombol Rute dari JL12B ke X174B tidak Aktif,Kombinasi Tombol Rute dari JL12B ke X174B Aktif,1,1,,,perintah,SLO,98,11,1291
1293,SLO-JL12B-X174B-RS,Route Stick dari JL12B ke X174B Bebas,Route Stick dari JL12B ke X174B Terbentuk,1,1,,,rute,SLO,98,12,1292
1294,SLO-JL12B-X174B-S-REQ,Permintaan Rute Langsir dari JL12B ke X174B tidak Aktif,Permintaan Rute Langsir dari JL12B ke X174B Aktif,1,1,,,rute,SLO,98,13,1293
1295,SLO-JL12B-X34-CTRL,Kombinasi Tombol Rute dari JL12B ke X34 tidak Aktif,Kombinasi Tombol Rute dari JL12B ke X34 Aktif,1,1,,,perintah,SLO,98,14,1294
1296,SLO-JL12B-X34-RS,Route Stick dari JL12B ke X34 Bebas,Route Stick dari JL12B ke X34 Terbentuk,1,1,,,rute,SLO,98,15,1295
1297,SLO-JL12B-X34-S-REQ,Permintaan Rute Langsir dari JL12B ke X34 tidak Aktif,Permintaan Rute Langsir dari JL12B ke X34 Aktif,1,1,,,rute,SLO,99,0,1296
1298,SLO-JL12B-X54-CTRL,Kombinasi Tombol Rute dari JL12B ke X54 tidak Aktif,Kombinasi Tombol Rute dari JL12B ke X54 Aktif,1,1,,,perintah,SLO,99,1,1297
1299,SLO-JL12B-X54-RS,Route Stick dari JL12B ke X54 Bebas,Route Stick dari JL12B ke X54 Terbentuk,1,1,,,rute,SLO,99,2,1298
1300,SLO-JL12B-X54-S-REQ,Permintaan Rute Langsir dari JL12B ke X54 tidak Aktif,Permintaan Rute Langsir dari JL12B ke X54 Aktif,1,1,,,rute,SLO,99,3,1299
1301,SLO-JL12B-X74-CTRL,Kombinasi Tombol Rute dari JL12B ke X74 tidak Aktif,Kombinasi Tombol Rute dari JL12B ke X74 Aktif,1,1,,,perintah,SLO,99,4,1300
1302,SLO-JL12B-X74-RS,Route Stick dari JL12B ke X74 Bebas,Route Stick dari JL12B ke X74 Terbentuk,1,1,,,rute,SLO,99,5,1301
1303,SLO-JL12B-X74-S-REQ,Permintaan Rute Langsir dari JL12B ke X74 tidak Aktif,Permintaan Rute Langsir dari JL12B ke X74 Aktif,1,1,,,rute,SLO,99,6,1302
1304,SLO-JL12B-X94-CTRL,Kombinasi Tombol Rute dari JL12B ke X94 tidak Aktif,Kombinasi Tombol Rute dari JL12B ke X94 Aktif,1,1,,,perintah,SLO,99,7,1303
1305,SLO-JL12B-X94-RS,Route Stick dari JL12B ke X94 Bebas,Route Stick dari JL12B ke X94 Terbentuk,1,1,,,rute,SLO,99,8,1304
1306,SLO-JL12B-X94-S-REQ,Permintaan Rute Langsir dari JL12B ke X94 tidak Aktif,Permintaan Rute Langsir dari JL12B ke X94 Aktif,1,1,,,rute,SLO,99,9,1305
1307,SLO-JL12B-X23-CTRL,Kombinasi Tombol Rute dari JL12B ke X23 tidak Aktif,Kombinasi Tombol Rute dari JL12B ke X23 Aktif,1,1,,,perintah,SLO,99,10,1306
1308,SLO-JL12B-X23-RS,Route Stick dari JL12B ke X23 Bebas,Route Stick dari JL12B ke X23 Terbentuk,1,1,,,rute,SLO,99,11,1307
1309,SLO-JL12B-X23-S-REQ,Permintaan Rute Langsir dari JL12B ke X23 tidak Aktif,Permintaan Rute Langsir dari JL12B ke X23 Aktif,1,1,,,rute,SLO,99,12,1308
1310,SLO-JL12B-A134-CTRL,Kombinasi Tombol Rute dari JL12B ke A134 tidak Aktif,Kombinasi Tombol Rute dari JL12B ke A134 Aktif,1,1,,,perintah,SLO,99,13,1309
1311,SLO-JL12B-A134-RS,Route Stick dari JL12B ke A134 Bebas,Route Stick dari JL12B ke A134 Terbentuk,1,1,,,rute,SLO,99,14,1310
1312,SLO-JL12B-A134-E-REQ,Permintaan Rute Darurat dari JL12B ke A134 tidak Aktif,Permintaan Rute Darurat dari JL12B ke A134 Aktif,1,1,,,rute,SLO,99,15,1311
1313,SLO-JL12B-A134-E-RST-TE,,Rute Darurat dari JL12B ke A134 Timeout,1,1,,,rute,SLO,100,0,1312
1314,SLO-JL12B-A134-T-REQ,Permintaan Rute Normal dari JL12B ke A134 tidak Aktif,Permintaan Rute Normal dari JL12B ke A134 Aktif,1,1,,,rute,SLO,100,1,1313
1315,SLO-JL12B-X134-CTRL,Kombinasi Tombol Rute dari JL12B ke X134 tidak Aktif,Kombinasi Tombol Rute dari JL12B ke X134 Aktif,1,1,,,perintah,SLO,100,2,1314
1316,SLO-JL12B-X134-RS,Route Stick dari JL12B ke X134 Bebas,Route Stick dari JL12B ke X134 Terbentuk,1,1,,,rute,SLO,100,3,1315
1317,SLO-JL12B-X134-S-REQ,Permintaan Rute Langsir dari JL12B ke X134 tidak Aktif,Permintaan Rute Langsir dari JL12B ke X134 Aktif,1,1,,,rute,SLO,100,4,1316
1318,SLO-JL132A-A20-CTRL,Kombinasi Tombol Rute dari JL132A ke A20 tidak Aktif,Kombinasi Tombol Rute dari JL132A ke A20 Aktif,1,1,,,perintah,SLO,100,5,1317
1319,SLO-JL132A-A20-RS,Route Stick dari JL132A ke A20 Bebas,Route Stick dari JL132A ke A20 Terbentuk,1,1,,,rute,SLO,100,6,1318
1320,SLO-JL132A-A20-E-REQ,Permintaan Rute Darurat dari JL132A ke A20 tidak Aktif,Permintaan Rute Darurat dari JL132A ke A20 Aktif,1,1,,,rute,SLO,100,7,1319
1321,SLO-JL132A-A20-E-RST-TE,,Rute Darurat dari JL132A ke A20 Timeout,1,1,,,rute,SLO,100,8,1320
1322,SLO-JL132A-A20-T-REQ,Permintaan Rute Normal dari JL132A ke A20 tidak Aktif,Permintaan Rute Normal dari JL132A ke A20 Aktif,1,1,,,rute,SLO,100,9,1321
1323,SLO-JL132A-A20-D-REQ,Permintaan Rute Langsung dari JL132A ke A20 tidak Aktif,Permintaan Rute Langsung dari JL132A ke A20 Aktif,1,1,,,rute,SLO,100,10,1322
1324,SLO-JL132A-31B1-CTRL,Kombinasi Tombol Rute dari JL132A ke L31B1 tidak Aktif,Kombinasi Tombol Rute dari JL132A ke L31B1 Aktif,1,1,,,perintah,SLO,100,11,1323
1325,SLO-JL132A-31B1-RS,Route Stick dari JL132A ke L31B1 Bebas,Route Stick dari JL132A ke L31B1 Terbentuk,1,1,,,rute,SLO,100,12,1324
1326,SLO-JL132A-31B1-S-REQ,Permintaan Rute Langsir dari JL132A ke L31B1 tidak Aktif,Permintaan Rute Langsir dari JL132A ke L31B1 Aktif,1,1,,,rute,SLO,100,13,1325
1327,SLO-JL132A-A130-CTRL,Kombinasi Tombol Rute dari JL132A ke A130 tidak Aktif,Kombinasi Tombol Rute dari JL132A ke A130 Aktif,1,1,,,perintah,SLO,100,14,1326
1328,SLO-JL132A-A130-RS,Route Stick dari JL132A ke A130 Bebas,Route Stick dari JL132A ke A130 Terbentuk,1,1,,,rute,SLO,100,15,1327
1329,SLO-JL132A-A130-E-REQ,Permintaan Rute Darurat dari JL132A ke A130 tidak Aktif,Permintaan Rute Darurat dari JL132A ke A130 Aktif,1,1,,,rute,SLO,101,0,1328
1330,SLO-JL132A-A130-E-RST-TE,,Rute Darurat dari JL132A ke A130 Timeout,1,1,,,rute,SLO,101,1,1329
1331,SLO-JL132A-A130-T-REQ,Permintaan Rute Normal dari JL132A ke A130 tidak Aktif,Permintaan Rute Normal dari JL132A ke A130 Aktif,1,1,,,rute,SLO,101,2,1330
1332,SLO-JL132A-A130-D-REQ,Permintaan Rute Langsung dari JL132A ke A130 tidak Aktif,Permintaan Rute Langsung dari JL132A ke A130 Aktif,1,1,,,rute,SLO,101,3,1331
1333,SLO-JL132A-X130-CTRL,Kombinasi Tombol Rute dari JL132A ke X130 tidak Aktif,Kombinasi Tombol Rute dari JL132A ke X130 Aktif,1,1,,,perintah,SLO,101,4,1332
1334,SLO-JL132A-X130-RS,Route Stick dari JL132A ke X130 Bebas,Route Stick dari JL132A ke X130 Terbentuk,1,1,,,rute,SLO,101,5,1333
1335,SLO-JL132A-X130-S-REQ,Permintaan Rute Langsir dari JL132A ke X130 tidak Aktif,Permintaan Rute Langsir dari JL132A ke X130 Aktif,1,1,,,rute,SLO,101,6,1334
1336,SLO-JL132B-133B-CTRL,Kombinasi Tombol Rute dari JL132B ke L133B tidak Aktif,Kombinasi Tombol Rute dari JL132B ke L133B Aktif,1,1,,,perintah,SLO,101,7,1335
1337,SLO-JL132B-133B-RS,Route Stick dari JL132B ke L133B Bebas,Route Stick dari JL132B ke L133B Terbentuk,1,1,,,rute,SLO,101,8,1336
1338,SLO-JL132B-133B-S-REQ,Permintaan Rute Langsir dari JL132B ke L133B tidak Aktif,Permintaan Rute Langsir dari JL132B ke L133B Aktif,1,1,,,rute,SLO,101,9,1337
1339,SLO-JL132B-X154-CTRL,Kombinasi Tombol Rute dari JL132B ke X154 tidak Aktif,Kombinasi Tombol Rute dari JL132B ke X154 Aktif,1,1,,,perintah,SLO,101,10,1338
1340,SLO-JL132B-X154-RS,Route Stick dari JL132B ke X154 Bebas,Route Stick dari JL132B ke X154 Terbentuk,1,1,,,rute,SLO,101,11,1339
1341,SLO-JL132B-X154-S-REQ,Permintaan Rute Langsir dari JL132B ke X154 tidak Aktif,Permintaan Rute Langsir dari JL132B ke X154 Aktif,1,1,,,rute,SLO,101,12,1340
1342,SLO-JL132B-X174A-CTRL,Kombinasi Tombol Rute dari JL132B ke X174A tidak Aktif,Kombinasi Tombol Rute dari JL132B ke X174A Aktif,1,1,,,perintah,SLO,101,13,1341
1343,SLO-JL132B-X174A-RS,Route Stick dari JL132B ke X174A Bebas,Route Stick dari JL132B ke X174A Terbentuk,1,1,,,rute,SLO,101,14,1342
1344,SLO-JL132B-X174A-S-REQ,Permintaan Rute Langsir dari JL132B ke X174A tidak Aktif,Permintaan Rute Langsir dari JL132B ke X174A Aktif,1,1,,,rute,SLO,101,15,1343
1345,SLO-JL132B-X174B-CTRL,Kombinasi Tombol Rute dari JL132B ke X174B tidak Aktif,Kombinasi Tombol Rute dari JL132B ke X174B Aktif,1,1,,,perintah,SLO,102,0,1344
1346,SLO-JL132B-X174B-RS,Route Stick dari JL132B ke X174B Bebas,Route Stick dari JL132B ke X174B Terbentuk,1,1,,,rute,SLO,102,1,1345
1347,SLO-JL132B-X174B-S-REQ,Permintaan Rute Langsir dari JL132B ke X174B tidak Aktif,Permintaan Rute Langsir dari JL132B ke X174B Aktif,1,1,,,rute,SLO,102,2,1346
1348,SLO-JL132B-A134-CTRL,Kombinasi Tombol Rute dari JL132B ke A134 tidak Aktif,Kombinasi Tombol Rute dari JL132B ke A134 Aktif,1,1,,,perintah,SLO,102,3,1347
1349,SLO-JL132B-A134-RS,Route Stick dari JL132B ke A134 Bebas,Route Stick dari JL132B ke A134 Terbentuk,1,1,,,rute,SLO,102,4,1348
1350,SLO-JL132B-A134-E-REQ,Permintaan Rute Darurat dari JL132B ke A134 tidak Aktif,Permintaan Rute Darurat dari JL132B ke A134 Aktif,1,1,,,rute,SLO,102,5,1349
1351,SLO-JL132B-A134-E-RST-TE,,Rute Darurat dari JL132B ke A134 Timeout,1,1,,,rute,SLO,102,6,1350
1352,SLO-JL132B-A134-T-REQ,Permintaan Rute Normal dari JL132B ke A134 tidak Aktif,Permintaan Rute Normal dari JL132B ke A134 Aktif,1,1,,,rute,SLO,102,7,1351
1353,SLO-JL152A-A20-CTRL,Kombinasi Tombol Rute dari JL152A ke A20 tidak Aktif,Kombinasi Tombol Rute dari JL152A ke A20 Aktif,1,1,,,perintah,SLO,102,8,1352
1354,SLO-JL152A-A20-RS,Route Stick dari JL152A ke A20 Bebas,Route Stick dari JL152A ke A20 Terbentuk,1,1,,,rute,SLO,102,9,1353
1355,SLO-JL152A-A20-E-REQ,Permintaan Rute Darurat dari JL152A ke A20 tidak Aktif,Permintaan Rute Darurat dari JL152A ke A20 Aktif,1,1,,,rute,SLO,102,10,1354
1356,SLO-JL152A-A20-E-RST-TE,,Rute Darurat dari JL152A ke A20 Timeout,1,1,,,rute,SLO,102,11,1355
1357,SLO-JL152A-A20-T-REQ,Permintaan Rute Normal dari JL152A ke A20 tidak Aktif,Permintaan Rute Normal dari JL152A ke A20 Aktif,1,1,,,rute,SLO,102,12,1356
1358,SLO-JL152A-A20-D-REQ,Permintaan Rute Langsung dari JL152A ke A20 tidak Aktif,Permintaan Rute Langsung dari JL152A ke A20 Aktif,1,1,,,rute,SLO,102,13,1357
1359,SLO-JL152A-A10-CF-CTRL,Kombinasi Tombol Rute Contra Flow dari JL152A ke A10 tidak Aktif,Kombinasi Tombol Rute Contra Flow dari JL152A ke A10 Aktif,1,1,,,perintah,SLO,102,14,1358
1360,SLO-JL152A-A10-CF-RS,Route Stick dari JL152A ke A10 Bebas,Route Stick dari JL152A ke A10 Terbentuk,1,1,,,rute,SLO,102,15,1359
1361,SLO-JL152A-A10-CF-E-REQ,Permintaan Rute Contraflow dari JL152A ke A10 tidak Aktif,Permintaan Rute Contraflow dari JL152A ke A10 Aktif,1,1,,,rute,SLO,103,0,1360
1362,SLO-JL152A-A10-CF-E-RST-TE,,Rute Contraflow dari JL152A ke A10 Timeout,1,1,,,rute,SLO,103,1,1361
1363,SLO-JL152A-31B1-CTRL,Kombinasi Tombol Rute dari JL152A ke L31B1 tidak Aktif,Kombinasi Tombol Rute dari JL152A ke L31B1 Aktif,1,1,,,perintah,SLO,103,2,1362
1364,SLO-JL152A-31B1-RS,Route Stick dari JL152A ke L31B1 Bebas,Route Stick dari JL152A ke L31B1 Terbentuk,1,1,,,rute,SLO,103,3,1363
1365,SLO-JL152A-31B1-S-REQ,Permintaan Rute Langsir dari JL152A ke L31B1 tidak Aktif,Permintaan Rute Langsir dari JL152A ke L31B1 Aktif,1,1,,,rute,SLO,103,4,1364
1366,SLO-JL152A-A130-CTRL,Kombinasi Tombol Rute dari JL152A ke A130 tidak Aktif,Kombinasi Tombol Rute dari JL152A ke A130 Aktif,1,1,,,perintah,SLO,103,5,1365
1367,SLO-JL152A-A130-RS,Route Stick dari JL152A ke A130 Bebas,Route Stick dari JL152A ke A130 Terbentuk,1,1,,,rute,SLO,103,6,1366
1368,SLO-JL152A-A130-E-REQ,Permintaan Rute Darurat dari JL152A ke A130 tidak Aktif,Permintaan Rute Darurat dari JL152A ke A130 Aktif,1,1,,,rute,SLO,103,7,1367
1369,SLO-JL152A-A130-E-RST-TE,,Rute Darurat dari JL152A ke A130 Timeout,1,1,,,rute,SLO,103,8,1368
1370,SLO-JL152A-A130-T-REQ,Permintaan Rute Normal dari JL152A ke A130 tidak Aktif,Permintaan Rute Normal dari JL152A ke A130 Aktif,1,1,,,rute,SLO,103,9,1369
1371,SLO-JL152A-A130-D-REQ,Permintaan Rute Langsung dari JL152A ke A130 tidak Aktif,Permintaan Rute Langsung dari JL152A ke A130 Aktif,1,1,,,rute,SLO,103,10,1370
1372,SLO-JL152A-X130-CTRL,Kombinasi Tombol Rute dari JL152A ke X130 tidak Aktif,Kombinasi Tombol Rute dari JL152A ke X130 Aktif,1,1,,,perintah,SLO,103,11,1371
1373,SLO-JL152A-X130-RS,Route Stick dari JL152A ke X130 Bebas,Route Stick dari JL152A ke X130 Terbentuk,1,1,,,rute,SLO,103,12,1372
1374,SLO-JL152A-X130-S-REQ,Permintaan Rute Langsir dari JL152A ke X130 tidak Aktif,Permintaan Rute Langsir dari JL152A ke X130 Aktif,1,1,,,rute,SLO,103,13,1373
1375,SLO-JL152B-133B-CTRL,Kombinasi Tombol Rute dari JL152B ke L133B tidak Aktif,Kombinasi Tombol Rute dari JL152B ke L133B Aktif,1,1,,,perintah,SLO,103,14,1374
1376,SLO-JL152B-133B-RS,Route Stick dari JL152B ke L133B Bebas,Route Stick dari JL152B ke L133B Terbentuk,1,1,,,rute,SLO,103,15,1375
1377,SLO-JL152B-133B-S-REQ,Permintaan Rute Langsir dari JL152B ke L133B tidak Aktif,Permintaan Rute Langsir dari JL152B ke L133B Aktif,1,1,,,rute,SLO,104,0,1376
1378,SLO-JL152B-X154-CTRL,Kombinasi Tombol Rute dari JL152B ke X154 tidak Aktif,Kombinasi Tombol Rute dari JL152B ke X154 Aktif,1,1,,,perintah,SLO,104,1,1377
1379,SLO-JL152B-X154-RS,Route Stick dari JL152B ke X154 Bebas,Route Stick dari JL152B ke X154 Terbentuk,1,1,,,rute,SLO,104,2,1378
1380,SLO-JL152B-X154-S-REQ,Permintaan Rute Langsir dari JL152B ke X154 tidak Aktif,Permintaan Rute Langsir dari JL152B ke X154 Aktif,1,1,,,rute,SLO,104,3,1379
1381,SLO-JL152B-X174A-CTRL,Kombinasi Tombol Rute dari JL152B ke X174A tidak Aktif,Kombinasi Tombol Rute dari JL152B ke X174A Aktif,1,1,,,perintah,SLO,104,4,1380
1382,SLO-JL152B-X174A-RS,Route Stick dari JL152B ke X174A Bebas,Route Stick dari JL152B ke X174A Terbentuk,1,1,,,rute,SLO,104,5,1381
1383,SLO-JL152B-X174A-S-REQ,Permintaan Rute Langsir dari JL152B ke X174A tidak Aktif,Permintaan Rute Langsir dari JL152B ke X174A Aktif,1,1,,,rute,SLO,104,6,1382
1384,SLO-JL152B-X174B-CTRL,Kombinasi Tombol Rute dari JL152B ke X174B tidak Aktif,Kombinasi Tombol Rute dari JL152B ke X174B Aktif,1,1,,,perintah,SLO,104,7,1383
1385,SLO-JL152B-X174B-RS,Route Stick dari JL152B ke X174B Bebas,Route Stick dari JL152B ke X174B Terbentuk,1,1,,,rute,SLO,104,8,1384
1386,SLO-JL152B-X174B-S-REQ,Permintaan Rute Langsir dari JL152B ke X174B tidak Aktif,Permintaan Rute Langsir dari JL152B ke X174B Aktif,1,1,,,rute,SLO,104,9,1385
1387,SLO-JL152B-A114-CF-CTRL,Kombinasi Tombol Rute Contra Flow dari JL152B ke A114 tidak Aktif,Kombinasi Tombol Rute Contra Flow dari JL152B ke A114 Aktif,1,1,,,perintah,SLO,104,10,1386
1388,SLO-JL152B-A114-CF-RS,Route Stick dari JL152B ke A114 Bebas,Route Stick dari JL152B ke A114 Terbentuk,1,1,,,rute,SLO,104,11,1387
1389,SLO-JL152B-A114-CF-E-REQ,Permintaan Rute Contraflow dari JL152B ke A114 tidak Aktif,Permintaan Rute Contraflow dari JL152B ke A114 Aktif,1,1,,,rute,SLO,104,12,1388
1390,SLO-JL152B-A114-CF-E-RST-TE,,Rute Contraflow dari JL152B ke A114 Timeout,1,1,,,rute,SLO,104,13,1389
1391,SLO-JL152B-A134-CTRL,Kombinasi Tombol Rute dari JL152B ke A134 tidak Aktif,Kombinasi Tombol Rute dari JL152B ke A134 Aktif,1,1,,,perintah,SLO,104,14,1390
1392,SLO-JL152B-A134-RS,Route Stick dari JL152B ke A134 Bebas,Route Stick dari JL152B ke A134 Terbentuk,1,1,,,rute,SLO,104,15,1391
1393,SLO-JL152B-A134-E-REQ,Permintaan Rute Darurat dari JL152B ke A134 tidak Aktif,Permintaan Rute Darurat dari JL152B ke A134 Aktif,1,1,,,rute,SLO,105,0,1392
1394,SLO-JL152B-A134-E-RST-TE,,Rute Darurat dari JL152B ke A134 Timeout,1,1,,,rute,SLO,105,1,1393
1395,SLO-JL152B-A134-T-REQ,Permintaan Rute Normal dari JL152B ke A134 tidak Aktif,Permintaan Rute Normal dari JL152B ke A134 Aktif,1,1,,,rute,SLO,105,2,1394
1396,SLO-JL172A-A20-CTRL,Kombinasi Tombol Rute dari JL172A ke A20 tidak Aktif,Kombinasi Tombol Rute dari JL172A ke A20 Aktif,1,1,,,perintah,SLO,105,3,1395
1397,SLO-JL172A-A20-RS,Route Stick dari JL172A ke A20 Bebas,Route Stick dari JL172A ke A20 Terbentuk,1,1,,,rute,SLO,105,4,1396
1398,SLO-JL172A-A20-E-REQ,Permintaan Rute Darurat dari JL172A ke A20 tidak Aktif,Permintaan Rute Darurat dari JL172A ke A20 Aktif,1,1,,,rute,SLO,105,5,1397
1399,SLO-JL172A-A20-E-RST-TE,,Rute Darurat dari JL172A ke A20 Timeout,1,1,,,rute,SLO,105,6,1398
1400,SLO-JL172A-A20-T-REQ,Permintaan Rute Normal dari JL172A ke A20 tidak Aktif,Permintaan Rute Normal dari JL172A ke A20 Aktif,1,1,,,rute,SLO,105,7,1399
1401,SLO-JL172A-A20-D-REQ,Permintaan Rute Langsung dari JL172A ke A20 tidak Aktif,Permintaan Rute Langsung dari JL172A ke A20 Aktif,1,1,,,rute,SLO,105,8,1400
1402,SLO-JL172A-A10-CF-CTRL,Kombinasi Tombol Rute Contra Flow dari JL172A ke A10 tidak Aktif,Kombinasi Tombol Rute Contra Flow dari JL172A ke A10 Aktif,1,1,,,perintah,SLO,105,9,1401
1403,SLO-JL172A-A10-CF-RS,Route Stick dari JL172A ke A10 Bebas,Route Stick dari JL172A ke A10 Terbentuk,1,1,,,rute,SLO,105,10,1402
1404,SLO-JL172A-A10-CF-E-REQ,Permintaan Rute Contraflow dari JL172A ke A10 tidak Aktif,Permintaan Rute Contraflow dari JL172A ke A10 Aktif,1,1,,,rute,SLO,105,11,1403
1405,SLO-JL172A-A10-CF-E-RST-TE,,Rute Contraflow dari JL172A ke A10 Timeout,1,1,,,rute,SLO,105,12,1404
1406,SLO-JL172A-31B1-CTRL,Kombinasi Tombol Rute dari JL172A ke L31B1 tidak Aktif,Kombinasi Tombol Rute dari JL172A ke L31B1 Aktif,1,1,,,perintah,SLO,105,13,1405
1407,SLO-JL172A-31B1-RS,Route Stick dari JL172A ke L31B1 Bebas,Route Stick dari JL172A ke L31B1 Terbentuk,1,1,,,rute,SLO,105,14,1406
1408,SLO-JL172A-31B1-S-REQ,Permintaan Rute Langsir dari JL172A ke L31B1 tidak Aktif,Permintaan Rute Langsir dari JL172A ke L31B1 Aktif,1,1,,,rute,SLO,105,15,1407
1409,SLO-JL172A-A130-CTRL,Kombinasi Tombol Rute dari JL172A ke A130 tidak Aktif,Kombinasi Tombol Rute dari JL172A ke A130 Aktif,1,1,,,perintah,SLO,106,0,1408
1410,SLO-JL172A-A130-RS,Route Stick dari JL172A ke A130 Bebas,Route Stick dari JL172A ke A130 Terbentuk,1,1,,,rute,SLO,106,1,1409
1411,SLO-JL172A-A130-E-REQ,Permintaan Rute Darurat dari JL172A ke A130 tidak Aktif,Permintaan Rute Darurat dari JL172A ke A130 Aktif,1,1,,,rute,SLO,106,2,1410
1412,SLO-JL172A-A130-E-RST-TE,,Rute Darurat dari JL172A ke A130 Timeout,1,1,,,rute,SLO,106,3,1411
1413,SLO-JL172A-A130-T-REQ,Permintaan Rute Normal dari JL172A ke A130 tidak Aktif,Permintaan Rute Normal dari JL172A ke A130 Aktif,1,1,,,rute,SLO,106,4,1412
1414,SLO-JL172A-A130-D-REQ,Permintaan Rute Langsung dari JL172A ke A130 tidak Aktif,Permintaan Rute Langsung dari JL172A ke A130 Aktif,1,1,,,rute,SLO,106,5,1413
1415,SLO-JL172A-X130-CTRL,Kombinasi Tombol Rute dari JL172A ke X130 tidak Aktif,Kombinasi Tombol Rute dari JL172A ke X130 Aktif,1,1,,,perintah,SLO,106,6,1414
1416,SLO-JL172A-X130-RS,Route Stick dari JL172A ke X130 Bebas,Route Stick dari JL172A ke X130 Terbentuk,1,1,,,rute,SLO,106,7,1415
1417,SLO-JL172A-X130-S-REQ,Permintaan Rute Langsir dari JL172A ke X130 tidak Aktif,Permintaan Rute Langsir dari JL172A ke X130 Aktif,1,1,,,rute,SLO,106,8,1416
1418,SLO-JL172B-133B-CTRL,Kombinasi Tombol Rute dari JL172B ke L133B tidak Aktif,Kombinasi Tombol Rute dari JL172B ke L133B Aktif,1,1,,,perintah,SLO,106,9,1417
1419,SLO-JL172B-133B-RS,Route Stick dari JL172B ke L133B Bebas,Route Stick dari JL172B ke L133B Terbentuk,1,1,,,rute,SLO,106,10,1418
1420,SLO-JL172B-133B-S-REQ,Permintaan Rute Langsir dari JL172B ke L133B tidak Aktif,Permintaan Rute Langsir dari JL172B ke L133B Aktif,1,1,,,rute,SLO,106,11,1419
1421,SLO-JL172B-X154-CTRL,Kombinasi Tombol Rute dari JL172B ke X154 tidak Aktif,Kombinasi Tombol Rute dari JL172B ke X154 Aktif,1,1,,,perintah,SLO,106,12,1420
1422,SLO-JL172B-X154-RS,Route Stick dari JL172B ke X154 Bebas,Route Stick dari JL172B ke X154 Terbentuk,1,1,,,rute,SLO,106,13,1421
1423,SLO-JL172B-X154-S-REQ,Permintaan Rute Langsir dari JL172B ke X154 tidak Aktif,Permintaan Rute Langsir dari JL172B ke X154 Aktif,1,1,,,rute,SLO,106,14,1422
1424,SLO-JL172B-X174A-CTRL,Kombinasi Tombol Rute dari JL172B ke X174A tidak Aktif,Kombinasi Tombol Rute dari JL172B ke X174A Aktif,1,1,,,perintah,SLO,106,15,1423
1425,SLO-JL172B-X174A-RS,Route Stick dari JL172B ke X174A Bebas,Route Stick dari JL172B ke X174A Terbentuk,1,1,,,rute,SLO,107,0,1424
1426,SLO-JL172B-X174A-S-REQ,Permintaan Rute Langsir dari JL172B ke X174A tidak Aktif,Permintaan Rute Langsir dari JL172B ke X174A Aktif,1,1,,,rute,SLO,107,1,1425
1427,SLO-JL172B-X174B-CTRL,Kombinasi Tombol Rute dari JL172B ke X174B tidak Aktif,Kombinasi Tombol Rute dari JL172B ke X174B Aktif,1,1,,,perintah,SLO,107,2,1426
1428,SLO-JL172B-X174B-RS,Route Stick dari JL172B ke X174B Bebas,Route Stick dari JL172B ke X174B Terbentuk,1,1,,,rute,SLO,107,3,1427
1429,SLO-JL172B-X174B-S-REQ,Permintaan Rute Langsir dari JL172B ke X174B tidak Aktif,Permintaan Rute Langsir dari JL172B ke X174B Aktif,1,1,,,rute,SLO,107,4,1428
1430,SLO-JL172B-A114-CF-CTRL,Kombinasi Tombol Rute Contra Flow dari JL172B ke A114 tidak Aktif,Kombinasi Tombol Rute Contra Flow dari JL172B ke A114 Aktif,1,1,,,perintah,SLO,107,5,1429
1431,SLO-JL172B-A114-CF-RS,Route Stick dari JL172B ke A114 Bebas,Route Stick dari JL172B ke A114 Terbentuk,1,1,,,rute,SLO,107,6,1430
1432,SLO-JL172B-A114-CF-E-REQ,Permintaan Rute Contraflow dari JL172B ke A114 tidak Aktif,Permintaan Rute Contraflow dari JL172B ke A114 Aktif,1,1,,,rute,SLO,107,7,1431
1433,SLO-JL172B-A114-CF-E-RST-TE,,Rute Contraflow dari JL172B ke A114 Timeout,1,1,,,rute,SLO,107,8,1432
1434,SLO-JL172B-A134-CTRL,Kombinasi Tombol Rute dari JL172B ke A134 tidak Aktif,Kombinasi Tombol Rute dari JL172B ke A134 Aktif,1,1,,,perintah,SLO,107,9,1433
1435,SLO-JL172B-A134-RS,Route Stick dari JL172B ke A134 Bebas,Route Stick dari JL172B ke A134 Terbentuk,1,1,,,rute,SLO,107,10,1434
1436,SLO-JL172B-A134-E-REQ,Permintaan Rute Darurat dari JL172B ke A134 tidak Aktif,Permintaan Rute Darurat dari JL172B ke A134 Aktif,1,1,,,rute,SLO,107,11,1435
1437,SLO-JL172B-A134-E-RST-TE,,Rute Darurat dari JL172B ke A134 Timeout,1,1,,,rute,SLO,107,12,1436
1438,SLO-JL172B-A134-T-REQ,Permintaan Rute Normal dari JL172B ke A134 tidak Aktif,Permintaan Rute Normal dari JL172B ke A134 Aktif,1,1,,,rute,SLO,107,13,1437
1439,SLO-JL22A-A20-CTRL,Kombinasi Tombol Rute dari JL22A ke A20 tidak Aktif,Kombinasi Tombol Rute dari JL22A ke A20 Aktif,1,1,,,perintah,SLO,107,14,1438
1440,SLO-JL22A-A20-RS,Route Stick dari JL22A ke A20 Bebas,Route Stick dari JL22A ke A20 Terbentuk,1,1,,,rute,SLO,107,15,1439
1441,SLO-JL22A-A20-E-REQ,Permintaan Rute Darurat dari JL22A ke A20 tidak Aktif,Permintaan Rute Darurat dari JL22A ke A20 Aktif,1,1,,,rute,SLO,108,0,1440
1442,SLO-JL22A-A20-E-RST-TE,,Rute Darurat dari JL22A ke A20 Timeout,1,1,,,rute,SLO,108,1,1441
1443,SLO-JL22A-A20-T-REQ,Permintaan Rute Normal dari JL22A ke A20 tidak Aktif,Permintaan Rute Normal dari JL22A ke A20 Aktif,1,1,,,rute,SLO,108,2,1442
1444,SLO-JL22A-A20-D-REQ,Permintaan Rute Langsung dari JL22A ke A20 tidak Aktif,Permintaan Rute Langsung dari JL22A ke A20 Aktif,1,1,,,rute,SLO,108,3,1443
1445,SLO-JL22A-X20-CTRL,Kombinasi Tombol Rute dari JL22A ke X20 tidak Aktif,Kombinasi Tombol Rute dari JL22A ke X20 Aktif,1,1,,,perintah,SLO,108,4,1444
1446,SLO-JL22A-X20-RS,Route Stick dari JL22A ke X20 Bebas,Route Stick dari JL22A ke X20 Terbentuk,1,1,,,rute,SLO,108,5,1445
1447,SLO-JL22A-X20-S-REQ,Permintaan Rute Langsir dari JL22A ke X20 tidak Aktif,Permintaan Rute Langsir dari JL22A ke X20 Aktif,1,1,,,rute,SLO,108,6,1446
1448,SLO-JL22A-A130-CTRL,Kombinasi Tombol Rute dari JL22A ke A130 tidak Aktif,Kombinasi Tombol Rute dari JL22A ke A130 Aktif,1,1,,,perintah,SLO,108,7,1447
1449,SLO-JL22A-A130-RS,Route Stick dari JL22A ke A130 Bebas,Route Stick dari JL22A ke A130 Terbentuk,1,1,,,rute,SLO,108,8,1448
1450,SLO-JL22A-A130-E-REQ,Permintaan Rute Darurat dari JL22A ke A130 tidak Aktif,Permintaan Rute Darurat dari JL22A ke A130 Aktif,1,1,,,rute,SLO,108,9,1449
1451,SLO-JL22A-A130-E-RST-TE,,Rute Darurat dari JL22A ke A130 Timeout,1,1,,,rute,SLO,108,10,1450
1452,SLO-JL22A-A130-T-REQ,Permintaan Rute Normal dari JL22A ke A130 tidak Aktif,Permintaan Rute Normal dari JL22A ke A130 Aktif,1,1,,,rute,SLO,108,11,1451
1453,SLO-JL22A-A130-D-REQ,Permintaan Rute Langsung dari JL22A ke A130 tidak Aktif,Permintaan Rute Langsung dari JL22A ke A130 Aktif,1,1,,,rute,SLO,108,12,1452
1454,SLO-JL22A-X130-CTRL,Kombinasi Tombol Rute dari JL22A ke X130 tidak Aktif,Kombinasi Tombol Rute dari JL22A ke X130 Aktif,1,1,,,perintah,SLO,108,13,1453
1455,SLO-JL22A-X130-RS,Route Stick dari JL22A ke X130 Bebas,Route Stick dari JL22A ke X130 Terbentuk,1,1,,,rute,SLO,108,14,1454
1456,SLO-JL22A-X130-S-REQ,Permintaan Rute Langsir dari JL22A ke X130 tidak Aktif,Permintaan Rute Langsir dari JL22A ke X130 Aktif,1,1,,,rute,SLO,108,15,1455
1457,SLO-JL22A-11A-CTRL,Kombinasi Tombol Rute dari JL22A ke L11A tidak Aktif,Kombinasi Tombol Rute dari JL22A ke L11A Aktif,1,1,,,perintah,SLO,109,0,1456
1458,SLO-JL22A-11A-RS,Route Stick dari JL22A ke L11A Bebas,Route Stick dari JL22A ke L11A Terbentuk,1,1,,,rute,SLO,109,1,1457
1459,SLO-JL22A-11A-S-REQ,Permintaan Rute Langsir dari JL22A ke L11A tidak Aktif,Permintaan Rute Langsir dari JL22A ke L11A Aktif,1,1,,,rute,SLO,109,2,1458
1460,SLO-JL22B-X23-CTRL,Kombinasi Tombol Rute dari JL22B ke X23 tidak Aktif,Kombinasi Tombol Rute dari JL22B ke X23 Aktif,1,1,,,perintah,SLO,109,3,1459
1461,SLO-JL22B-X23-RS,Route Stick dari JL22B ke X23 Bebas,Route Stick dari JL22B ke X23 Terbentuk,1,1,,,rute,SLO,109,4,1460
1462,SLO-JL22B-X23-S-REQ,Permintaan Rute Langsir dari JL22B ke X23 tidak Aktif,Permintaan Rute Langsir dari JL22B ke X23 Aktif,1,1,,,rute,SLO,109,5,1461
1463,SLO-JL22B-A114-CF-CTRL,Kombinasi Tombol Rute Contra Flow dari JL22B ke A114 tidak Aktif,Kombinasi Tombol Rute Contra Flow dari JL22B ke A114 Aktif,1,1,,,perintah,SLO,109,6,1462
1464,SLO-JL22B-A114-CF-RS,Route Stick dari JL22B ke A114 Bebas,Route Stick dari JL22B ke A114 Terbentuk,1,1,,,rute,SLO,109,7,1463
1465,SLO-JL22B-A114-CF-E-REQ,Permintaan Rute Contraflow dari JL22B ke A114 tidak Aktif,Permintaan Rute Contraflow dari JL22B ke A114 Aktif,1,1,,,rute,SLO,109,8,1464
1466,SLO-JL22B-A114-CF-E-RST-TE,,Rute Contraflow dari JL22B ke A114 Timeout,1,1,,,rute,SLO,109,9,1465
1467,SLO-JL22B-A134-CTRL,Kombinasi Tombol Rute dari JL22B ke A134 tidak Aktif,Kombinasi Tombol Rute dari JL22B ke A134 Aktif,1,1,,,perintah,SLO,109,10,1466
1468,SLO-JL22B-A134-RS,Route Stick dari JL22B ke A134 Bebas,Route Stick dari JL22B ke A134 Terbentuk,1,1,,,rute,SLO,109,11,1467
1469,SLO-JL22B-A134-E-REQ,Permintaan Rute Darurat dari JL22B ke A134 tidak Aktif,Permintaan Rute Darurat dari JL22B ke A134 Aktif,1,1,,,rute,SLO,109,12,1468
1470,SLO-JL22B-A134-E-RST-TE,,Rute Darurat dari JL22B ke A134 Timeout,1,1,,,rute,SLO,109,13,1469
1471,SLO-JL22B-A134-T-REQ,Permintaan Rute Normal dari JL22B ke A134 tidak Aktif,Permintaan Rute Normal dari JL22B ke A134 Aktif,1,1,,,rute,SLO,109,14,1470
1472,SLO-JL22B-X134-CTRL,Kombinasi Tombol Rute dari JL22B ke X134 tidak Aktif,Kombinasi Tombol Rute dari JL22B ke X134 Aktif,1,1,,,perintah,SLO,109,15,1471
1473,SLO-JL22B-X134-RS,Route Stick dari JL22B ke X134 Bebas,Route Stick dari JL22B ke X134 Terbentuk,1,1,,,rute,SLO,110,0,1472
1474,SLO-JL22B-X134-S-REQ,Permintaan Rute Langsir dari JL22B ke X134 tidak Aktif,Permintaan Rute Langsir dari JL22B ke X134 Aktif,1,1,,,rute,SLO,110,1,1473
1475,SLO-JL42A-A20-CTRL,Kombinasi Tombol Rute dari JL42A ke A20 tidak Aktif,Kombinasi Tombol Rute dari JL42A ke A20 Aktif,1,1,,,perintah,SLO,110,2,1474
1476,SLO-JL42A-A20-RS,Route Stick dari JL42A ke A20 Bebas,Route Stick dari JL42A ke A20 Terbentuk,1,1,,,rute,SLO,110,3,1475
1477,SLO-JL42A-A20-E-REQ,Permintaan Rute Darurat dari JL42A ke A20 tidak Aktif,Permintaan Rute Darurat dari JL42A ke A20 Aktif,1,1,,,rute,SLO,110,4,1476
1478,SLO-JL42A-A20-E-RST-TE,,Rute Darurat dari JL42A ke A20 Timeout,1,1,,,rute,SLO,110,5,1477
1479,SLO-JL42A-A20-T-REQ,Permintaan Rute Normal dari JL42A ke A20 tidak Aktif,Permintaan Rute Normal dari JL42A ke A20 Aktif,1,1,,,rute,SLO,110,6,1478
1480,SLO-JL42A-A20-D-REQ,Permintaan Rute Langsung dari JL42A ke A20 tidak Aktif,Permintaan Rute Langsung dari JL42A ke A20 Aktif,1,1,,,rute,SLO,110,7,1479
1481,SLO-JL42A-X20-CTRL,Kombinasi Tombol Rute dari JL42A ke X20 tidak Aktif,Kombinasi Tombol Rute dari JL42A ke X20 Aktif,1,1,,,perintah,SLO,110,8,1480
1482,SLO-JL42A-X20-RS,Route Stick dari JL42A ke X20 Bebas,Route Stick dari JL42A ke X20 Terbentuk,1,1,,,rute,SLO,110,9,1481
1483,SLO-JL42A-X20-S-REQ,Permintaan Rute Langsir dari JL42A ke X20 tidak Aktif,Permintaan Rute Langsir dari JL42A ke X20 Aktif,1,1,,,rute,SLO,110,10,1482
1484,SLO-JL42A-A10-CF-CTRL,Kombinasi Tombol Rute Contra Flow dari JL42A ke A10 tidak Aktif,Kombinasi Tombol Rute Contra Flow dari JL42A ke A10 Aktif,1,1,,,perintah,SLO,110,11,1483
1485,SLO-JL42A-A10-CF-RS,Route Stick dari JL42A ke A10 Bebas,Route Stick dari JL42A ke A10 Terbentuk,1,1,,,rute,SLO,110,12,1484
1486,SLO-JL42A-A10-CF-E-REQ,Permintaan Rute Contraflow dari JL42A ke A10 tidak Aktif,Permintaan Rute Contraflow dari JL42A ke A10 Aktif,1,1,,,rute,SLO,110,13,1485
1487,SLO-JL42A-A10-CF-E-RST-TE,,Rute Contraflow dari JL42A ke A10 Timeout,1,1,,,rute,SLO,110,14,1486
1488,SLO-JL42A-A130-CTRL,Kombinasi Tombol Rute dari JL42A ke A130 tidak Aktif,Kombinasi Tombol Rute dari JL42A ke A130 Aktif,1,1,,,perintah,SLO,110,15,1487
1489,SLO-JL42A-A130-RS,Route Stick dari JL42A ke A130 Bebas,Route Stick dari JL42A ke A130 Terbentuk,1,1,,,rute,SLO,111,0,1488
1490,SLO-JL42A-A130-E-REQ,Permintaan Rute Darurat dari JL42A ke A130 tidak Aktif,Permintaan Rute Darurat dari JL42A ke A130 Aktif,1,1,,,rute,SLO,111,1,1489
1491,SLO-JL42A-A130-E-RST-TE,,Rute Darurat dari JL42A ke A130 Timeout,1,1,,,rute,SLO,111,2,1490
1492,SLO-JL42A-A130-T-REQ,Permintaan Rute Normal dari JL42A ke A130 tidak Aktif,Permintaan Rute Normal dari JL42A ke A130 Aktif,1,1,,,rute,SLO,111,3,1491
1493,SLO-JL42A-A130-D-REQ,Permintaan Rute Langsung dari JL42A ke A130 tidak Aktif,Permintaan Rute Langsung dari JL42A ke A130 Aktif,1,1,,,rute,SLO,111,4,1492
1494,SLO-JL42A-X130-CTRL,Kombinasi Tombol Rute dari JL42A ke X130 tidak Aktif,Kombinasi Tombol Rute dari JL42A ke X130 Aktif,1,1,,,perintah,SLO,111,5,1493
1495,SLO-JL42A-X130-RS,Route Stick dari JL42A ke X130 Bebas,Route Stick dari JL42A ke X130 Terbentuk,1,1,,,rute,SLO,111,6,1494
1496,SLO-JL42A-X130-S-REQ,Permintaan Rute Langsir dari JL42A ke X130 tidak Aktif,Permintaan Rute Langsir dari JL42A ke X130 Aktif,1,1,,,rute,SLO,111,7,1495
1497,SLO-JL42A-11A-CTRL,Kombinasi Tombol Rute dari JL42A ke L11A tidak Aktif,Kombinasi Tombol Rute dari JL42A ke L11A Aktif,1,1,,,perintah,SLO,111,8,1496
1498,SLO-JL42A-11A-RS,Route Stick dari JL42A ke L11A Bebas,Route Stick dari JL42A ke L11A Terbentuk,1,1,,,rute,SLO,111,9,1497
1499,SLO-JL42A-11A-S-REQ,Permintaan Rute Langsir dari JL42A ke L11A tidak Aktif,Permintaan Rute Langsir dari JL42A ke L11A Aktif,1,1,,,rute,SLO,111,10,1498
1500,SLO-JL42B-X23-CTRL,Kombinasi Tombol Rute dari JL42B ke X23 tidak Aktif,Kombinasi Tombol Rute dari JL42B ke X23 Aktif,1,1,,,perintah,SLO,111,11,1499
1501,SLO-JL42B-X23-RS,Route Stick dari JL42B ke X23 Bebas,Route Stick dari JL42B ke X23 Terbentuk,1,1,,,rute,SLO,111,12,1500
1502,SLO-JL42B-X23-S-REQ,Permintaan Rute Langsir dari JL42B ke X23 tidak Aktif,Permintaan Rute Langsir dari JL42B ke X23 Aktif,1,1,,,rute,SLO,111,13,1501
1503,SLO-JL42B-A114-CF-CTRL,Kombinasi Tombol Rute Contra Flow dari JL42B ke A114 tidak Aktif,Kombinasi Tombol Rute Contra Flow dari JL42B ke A114 Aktif,1,1,,,perintah,SLO,111,14,1502
1504,SLO-JL42B-A114-CF-RS,Route Stick dari JL42B ke A114 Bebas,Route Stick dari JL42B ke A114 Terbentuk,1,1,,,rute,SLO,111,15,1503
1505,SLO-JL42B-A114-CF-E-REQ,Permintaan Rute Contraflow dari JL42B ke A114 tidak Aktif,Permintaan Rute Contraflow dari JL42B ke A114 Aktif,1,1,,,rute,SLO,112,0,1504
1506,SLO-JL42B-A114-CF-E-RST-TE,,Rute Contraflow dari JL42B ke A114 Timeout,1,1,,,rute,SLO,112,1,1505
1507,SLO-JL42B-A134-CTRL,Kombinasi Tombol Rute dari JL42B ke A134 tidak Aktif,Kombinasi Tombol Rute dari JL42B ke A134 Aktif,1,1,,,perintah,SLO,112,2,1506
1508,SLO-JL42B-A134-RS,Route Stick dari JL42B ke A134 Bebas,Route Stick dari JL42B ke A134 Terbentuk,1,1,,,rute,SLO,112,3,1507
1509,SLO-JL42B-A134-E-REQ,Permintaan Rute Darurat dari JL42B ke A134 tidak Aktif,Permintaan Rute Darurat dari JL42B ke A134 Aktif,1,1,,,rute,SLO,112,4,1508
1510,SLO-JL42B-A134-E-RST-TE,,Rute Darurat dari JL42B ke A134 Timeout,1,1,,,rute,SLO,112,5,1509
1511,SLO-JL42B-A134-T-REQ,Permintaan Rute Normal dari JL42B ke A134 tidak Aktif,Permintaan Rute Normal dari JL42B ke A134 Aktif,1,1,,,rute,SLO,112,6,1510
1512,SLO-JL42B-X134-CTRL,Kombinasi Tombol Rute dari JL42B ke X134 tidak Aktif,Kombinasi Tombol Rute dari JL42B ke X134 Aktif,1,1,,,perintah,SLO,112,7,1511
1513,SLO-JL42B-X134-RS,Route Stick dari JL42B ke X134 Bebas,Route Stick dari JL42B ke X134 Terbentuk,1,1,,,rute,SLO,112,8,1512
1514,SLO-JL42B-X134-S-REQ,Permintaan Rute Langsir dari JL42B ke X134 tidak Aktif,Permintaan Rute Langsir dari JL42B ke X134 Aktif,1,1,,,rute,SLO,112,9,1513
1515,SLO-JL42B-X44-CTRL,Kombinasi Tombol Rute dari JL42B ke X44 tidak Aktif,Kombinasi Tombol Rute dari JL42B ke X44 Aktif,1,1,,,perintah,SLO,112,10,1514
1516,SLO-JL42B-X44-RS,Route Stick dari JL42B ke X44 Bebas,Route Stick dari JL42B ke X44 Terbentuk,1,1,,,rute,SLO,112,11,1515
1517,SLO-JL42B-X44-S-REQ,Permintaan Rute Langsir dari JL42B ke X44 tidak Aktif,Permintaan Rute Langsir dari JL42B ke X44 Aktif,1,1,,,rute,SLO,112,12,1516
1518,SLO-JL62A-A20-CTRL,Kombinasi Tombol Rute dari JL62A ke A20 tidak Aktif,Kombinasi Tombol Rute dari JL62A ke A20 Aktif,1,1,,,perintah,SLO,112,13,1517
1519,SLO-JL62A-A20-RS,Route Stick dari JL62A ke A20 Bebas,Route Stick dari JL62A ke A20 Terbentuk,1,1,,,rute,SLO,112,14,1518
1520,SLO-JL62A-A20-E-REQ,Permintaan Rute Darurat dari JL62A ke A20 tidak Aktif,Permintaan Rute Darurat dari JL62A ke A20 Aktif,1,1,,,rute,SLO,112,15,1519
1521,SLO-JL62A-A20-E-RST-TE,,Rute Darurat dari JL62A ke A20 Timeout,1,1,,,rute,SLO,113,0,1520
1522,SLO-JL62A-A20-T-REQ,Permintaan Rute Normal dari JL62A ke A20 tidak Aktif,Permintaan Rute Normal dari JL62A ke A20 Aktif,1,1,,,rute,SLO,113,1,1521
1523,SLO-JL62A-A20-D-REQ,Permintaan Rute Langsung dari JL62A ke A20 tidak Aktif,Permintaan Rute Langsung dari JL62A ke A20 Aktif,1,1,,,rute,SLO,113,2,1522
1524,SLO-JL62A-X20-CTRL,Kombinasi Tombol Rute dari JL62A ke X20 tidak Aktif,Kombinasi Tombol Rute dari JL62A ke X20 Aktif,1,1,,,perintah,SLO,113,3,1523
1525,SLO-JL62A-X20-RS,Route Stick dari JL62A ke X20 Bebas,Route Stick dari JL62A ke X20 Terbentuk,1,1,,,rute,SLO,113,4,1524
1526,SLO-JL62A-X20-S-REQ,Permintaan Rute Langsir dari JL62A ke X20 tidak Aktif,Permintaan Rute Langsir dari JL62A ke X20 Aktif,1,1,,,rute,SLO,113,5,1525
1527,SLO-JL62A-A10-CF-CTRL,Kombinasi Tombol Rute Contra Flow dari JL62A ke A10 tidak Aktif,Kombinasi Tombol Rute Contra Flow dari JL62A ke A10 Aktif,1,1,,,perintah,SLO,113,6,1526
1528,SLO-JL62A-A10-CF-RS,Route Stick dari JL62A ke A10 Bebas,Route Stick dari JL62A ke A10 Terbentuk,1,1,,,rute,SLO,113,7,1527
1529,SLO-JL62A-A10-CF-E-REQ,Permintaan Rute Contraflow dari JL62A ke A10 tidak Aktif,Permintaan Rute Contraflow dari JL62A ke A10 Aktif,1,1,,,rute,SLO,113,8,1528
1530,SLO-JL62A-A10-CF-E-RST-TE,,Rute Contraflow dari JL62A ke A10 Timeout,1,1,,,rute,SLO,113,9,1529
1531,SLO-JL62A-A130-CTRL,Kombinasi Tombol Rute dari JL62A ke A130 tidak Aktif,Kombinasi Tombol Rute dari JL62A ke A130 Aktif,1,1,,,perintah,SLO,113,10,1530
1532,SLO-JL62A-A130-RS,Route Stick dari JL62A ke A130 Bebas,Route Stick dari JL62A ke A130 Terbentuk,1,1,,,rute,SLO,113,11,1531
1533,SLO-JL62A-A130-E-REQ,Permintaan Rute Darurat dari JL62A ke A130 tidak Aktif,Permintaan Rute Darurat dari JL62A ke A130 Aktif,1,1,,,rute,SLO,113,12,1532
1534,SLO-JL62A-A130-E-RST-TE,,Rute Darurat dari JL62A ke A130 Timeout,1,1,,,rute,SLO,113,13,1533
1535,SLO-JL62A-A130-T-REQ,Permintaan Rute Normal dari JL62A ke A130 tidak Aktif,Permintaan Rute Normal dari JL62A ke A130 Aktif,1,1,,,rute,SLO,113,14,1534
1536,SLO-JL62A-A130-D-REQ,Permintaan Rute Langsung dari JL62A ke A130 tidak Aktif,Permintaan Rute Langsung dari JL62A ke A130 Aktif,1,1,,,rute,SLO,113,15,1535
1537,SLO-JL62A-X130-CTRL,Kombinasi Tombol Rute dari JL62A ke X130 tidak Aktif,Kombinasi Tombol Rute dari JL62A ke X130 Aktif,1,1,,,perintah,SLO,114,0,1536
1538,SLO-JL62A-X130-RS,Route Stick dari JL62A ke X130 Bebas,Route Stick dari JL62A ke X130 Terbentuk,1,1,,,rute,SLO,114,1,1537
1539,SLO-JL62A-X130-S-REQ,Permintaan Rute Langsir dari JL62A ke X130 tidak Aktif,Permintaan Rute Langsir dari JL62A ke X130 Aktif,1,1,,,rute,SLO,114,2,1538
1540,SLO-JL62A-11A-CTRL,Kombinasi Tombol Rute dari JL62A ke L11A tidak Aktif,Kombinasi Tombol Rute dari JL62A ke L11A Aktif,1,1,,,perintah,SLO,114,3,1539
1541,SLO-JL62A-11A-RS,Route Stick dari JL62A ke L11A Bebas,Route Stick dari JL62A ke L11A Terbentuk,1,1,,,rute,SLO,114,4,1540
1542,SLO-JL62A-11A-S-REQ,Permintaan Rute Langsir dari JL62A ke L11A tidak Aktif,Permintaan Rute Langsir dari JL62A ke L11A Aktif,1,1,,,rute,SLO,114,5,1541
1543,SLO-JL62B-X23-CTRL,Kombinasi Tombol Rute dari JL62B ke X23 tidak Aktif,Kombinasi Tombol Rute dari JL62B ke X23 Aktif,1,1,,,perintah,SLO,114,6,1542
1544,SLO-JL62B-X23-RS,Route Stick dari JL62B ke X23 Bebas,Route Stick dari JL62B ke X23 Terbentuk,1,1,,,rute,SLO,114,7,1543
1545,SLO-JL62B-X23-S-REQ,Permintaan Rute Langsir dari JL62B ke X23 tidak Aktif,Permintaan Rute Langsir dari JL62B ke X23 Aktif,1,1,,,rute,SLO,114,8,1544
1546,SLO-JL62B-A114-CF-CTRL,Kombinasi Tombol Rute Contra Flow dari JL62B ke A114 tidak Aktif,Kombinasi Tombol Rute Contra Flow dari JL62B ke A114 Aktif,1,1,,,perintah,SLO,114,9,1545
1547,SLO-JL62B-A114-CF-RS,Route Stick dari JL62B ke A114 Bebas,Route Stick dari JL62B ke A114 Terbentuk,1,1,,,rute,SLO,114,10,1546
1548,SLO-JL62B-A114-CF-E-REQ,Permintaan Rute Contraflow dari JL62B ke A114 tidak Aktif,Permintaan Rute Contraflow dari JL62B ke A114 Aktif,1,1,,,rute,SLO,114,11,1547
1549,SLO-JL62B-A114-CF-E-RST-TE,,Rute Contraflow dari JL62B ke A114 Timeout,1,1,,,rute,SLO,114,12,1548
1550,SLO-JL62B-A134-CTRL,Kombinasi Tombol Rute dari JL62B ke A134 tidak Aktif,Kombinasi Tombol Rute dari JL62B ke A134 Aktif,1,1,,,perintah,SLO,114,13,1549
1551,SLO-JL62B-A134-RS,Route Stick dari JL62B ke A134 Bebas,Route Stick dari JL62B ke A134 Terbentuk,1,1,,,rute,SLO,114,14,1550
1552,SLO-JL62B-A134-E-REQ,Permintaan Rute Darurat dari JL62B ke A134 tidak Aktif,Permintaan Rute Darurat dari JL62B ke A134 Aktif,1,1,,,rute,SLO,114,15,1551
1553,SLO-JL62B-A134-E-RST-TE,,Rute Darurat dari JL62B ke A134 Timeout,1,1,,,rute,SLO,115,0,1552
1554,SLO-JL62B-A134-T-REQ,Permintaan Rute Normal dari JL62B ke A134 tidak Aktif,Permintaan Rute Normal dari JL62B ke A134 Aktif,1,1,,,rute,SLO,115,1,1553
1555,SLO-JL62B-X134-CTRL,Kombinasi Tombol Rute dari JL62B ke X134 tidak Aktif,Kombinasi Tombol Rute dari JL62B ke X134 Aktif,1,1,,,perintah,SLO,115,2,1554
1556,SLO-JL62B-X134-RS,Route Stick dari JL62B ke X134 Bebas,Route Stick dari JL62B ke X134 Terbentuk,1,1,,,rute,SLO,115,3,1555
1557,SLO-JL62B-X134-S-REQ,Permintaan Rute Langsir dari JL62B ke X134 tidak Aktif,Permintaan Rute Langsir dari JL62B ke X134 Aktif,1,1,,,rute,SLO,115,4,1556
1558,SLO-JL62B-X44-CTRL,Kombinasi Tombol Rute dari JL62B ke X44 tidak Aktif,Kombinasi Tombol Rute dari JL62B ke X44 Aktif,1,1,,,perintah,SLO,115,5,1557
1559,SLO-JL62B-X44-RS,Route Stick dari JL62B ke X44 Bebas,Route Stick dari JL62B ke X44 Terbentuk,1,1,,,rute,SLO,115,6,1558
1560,SLO-JL62B-X44-S-REQ,Permintaan Rute Langsir dari JL62B ke X44 tidak Aktif,Permintaan Rute Langsir dari JL62B ke X44 Aktif,1,1,,,rute,SLO,115,7,1559
1561,SLO-JL92A-A20-CTRL,Kombinasi Tombol Rute dari JL92A ke A20 tidak Aktif,Kombinasi Tombol Rute dari JL92A ke A20 Aktif,1,1,,,perintah,SLO,115,8,1560
1562,SLO-JL92A-A20-RS,Route Stick dari JL92A ke A20 Bebas,Route Stick dari JL92A ke A20 Terbentuk,1,1,,,rute,SLO,115,9,1561
1563,SLO-JL92A-A20-E-REQ,Permintaan Rute Darurat dari JL92A ke A20 tidak Aktif,Permintaan Rute Darurat dari JL92A ke A20 Aktif,1,1,,,rute,SLO,115,10,1562
1564,SLO-JL92A-A20-E-RST-TE,,Rute Darurat dari JL92A ke A20 Timeout,1,1,,,rute,SLO,115,11,1563
1565,SLO-JL92A-A20-T-REQ,Permintaan Rute Normal dari JL92A ke A20 tidak Aktif,Permintaan Rute Normal dari JL92A ke A20 Aktif,1,1,,,rute,SLO,115,12,1564
1566,SLO-JL92A-A20-D-REQ,Permintaan Rute Langsung dari JL92A ke A20 tidak Aktif,Permintaan Rute Langsung dari JL92A ke A20 Aktif,1,1,,,rute,SLO,115,13,1565
1567,SLO-JL92A-A10-CF-CTRL,Kombinasi Tombol Rute Contra Flow dari JL92A ke A10 tidak Aktif,Kombinasi Tombol Rute Contra Flow dari JL92A ke A10 Aktif,1,1,,,perintah,SLO,115,14,1566
1568,SLO-JL92A-A10-CF-RS,Route Stick dari JL92A ke A10 Bebas,Route Stick dari JL92A ke A10 Terbentuk,1,1,,,rute,SLO,115,15,1567
1569,SLO-JL92A-A10-CF-E-REQ,Permintaan Rute Contraflow dari JL92A ke A10 tidak Aktif,Permintaan Rute Contraflow dari JL92A ke A10 Aktif,1,1,,,rute,SLO,116,0,1568
1570,SLO-JL92A-A10-CF-E-RST-TE,,Rute Contraflow dari JL92A ke A10 Timeout,1,1,,,rute,SLO,116,1,1569
1571,SLO-JL92A-31B1-CTRL,Kombinasi Tombol Rute dari JL92A ke L31B1 tidak Aktif,Kombinasi Tombol Rute dari JL92A ke L31B1 Aktif,1,1,,,perintah,SLO,116,2,1570
1572,SLO-JL92A-31B1-RS,Route Stick dari JL92A ke L31B1 Bebas,Route Stick dari JL92A ke L31B1 Terbentuk,1,1,,,rute,SLO,116,3,1571
1573,SLO-JL92A-31B1-S-REQ,Permintaan Rute Langsir dari JL92A ke L31B1 tidak Aktif,Permintaan Rute Langsir dari JL92A ke L31B1 Aktif,1,1,,,rute,SLO,116,4,1572
1574,SLO-JL92A-A130-CTRL,Kombinasi Tombol Rute dari JL92A ke A130 tidak Aktif,Kombinasi Tombol Rute dari JL92A ke A130 Aktif,1,1,,,perintah,SLO,116,5,1573
1575,SLO-JL92A-A130-RS,Route Stick dari JL92A ke A130 Bebas,Route Stick dari JL92A ke A130 Terbentuk,1,1,,,rute,SLO,116,6,1574
1576,SLO-JL92A-A130-E-REQ,Permintaan Rute Darurat dari JL92A ke A130 tidak Aktif,Permintaan Rute Darurat dari JL92A ke A130 Aktif,1,1,,,rute,SLO,116,7,1575
1577,SLO-JL92A-A130-E-RST-TE,,Rute Darurat dari JL92A ke A130 Timeout,1,1,,,rute,SLO,116,8,1576
1578,SLO-JL92A-A130-T-REQ,Permintaan Rute Normal dari JL92A ke A130 tidak Aktif,Permintaan Rute Normal dari JL92A ke A130 Aktif,1,1,,,rute,SLO,116,9,1577
1579,SLO-JL92A-A130-D-REQ,Permintaan Rute Langsung dari JL92A ke A130 tidak Aktif,Permintaan Rute Langsung dari JL92A ke A130 Aktif,1,1,,,rute,SLO,116,10,1578
1580,SLO-JL92A-X130-CTRL,Kombinasi Tombol Rute dari JL92A ke X130 tidak Aktif,Kombinasi Tombol Rute dari JL92A ke X130 Aktif,1,1,,,perintah,SLO,116,11,1579
1581,SLO-JL92A-X130-RS,Route Stick dari JL92A ke X130 Bebas,Route Stick dari JL92A ke X130 Terbentuk,1,1,,,rute,SLO,116,12,1580
1582,SLO-JL92A-X130-S-REQ,Permintaan Rute Langsir dari JL92A ke X130 tidak Aktif,Permintaan Rute Langsir dari JL92A ke X130 Aktif,1,1,,,rute,SLO,116,13,1581
1583,SLO-JL92A-X110-CTRL,Kombinasi Tombol Rute dari JL92A ke X110 tidak Aktif,Kombinasi Tombol Rute dari JL92A ke X110 Aktif,1,1,,,perintah,SLO,116,14,1582
1584,SLO-JL92A-X110-RS,Route Stick dari JL92A ke X110 Bebas,Route Stick dari JL92A ke X110 Terbentuk,1,1,,,rute,SLO,116,15,1583
1585,SLO-JL92A-X110-S-REQ,Permintaan Rute Langsir dari JL92A ke X110 tidak Aktif,Permintaan Rute Langsir dari JL92A ke X110 Aktif,1,1,,,rute,SLO,117,0,1584
1586,SLO-JL92B-133B-CTRL,Kombinasi Tombol Rute dari JL92B ke L133B tidak Aktif,Kombinasi Tombol Rute dari JL92B ke L133B Aktif,1,1,,,perintah,SLO,117,1,1585
1587,SLO-JL92B-133B-RS,Route Stick dari JL92B ke L133B Bebas,Route Stick dari JL92B ke L133B Terbentuk,1,1,,,rute,SLO,117,2,1586
1588,SLO-JL92B-133B-S-REQ,Permintaan Rute Langsir dari JL92B ke L133B tidak Aktif,Permintaan Rute Langsir dari JL92B ke L133B Aktif,1,1,,,rute,SLO,117,3,1587
1589,SLO-JL92B-X154-CTRL,Kombinasi Tombol Rute dari JL92B ke X154 tidak Aktif,Kombinasi Tombol Rute dari JL92B ke X154 Aktif,1,1,,,perintah,SLO,117,4,1588
1590,SLO-JL92B-X154-RS,Route Stick dari JL92B ke X154 Bebas,Route Stick dari JL92B ke X154 Terbentuk,1,1,,,rute,SLO,117,5,1589
1591,SLO-JL92B-X154-S-REQ,Permintaan Rute Langsir dari JL92B ke X154 tidak Aktif,Permintaan Rute Langsir dari JL92B ke X154 Aktif,1,1,,,rute,SLO,117,6,1590
1592,SLO-JL92B-X174A-CTRL,Kombinasi Tombol Rute dari JL92B ke X174A tidak Aktif,Kombinasi Tombol Rute dari JL92B ke X174A Aktif,1,1,,,perintah,SLO,117,7,1591
1593,SLO-JL92B-X174A-RS,Route Stick dari JL92B ke X174A Bebas,Route Stick dari JL92B ke X174A Terbentuk,1,1,,,rute,SLO,117,8,1592
1594,SLO-JL92B-X174A-S-REQ,Permintaan Rute Langsir dari JL92B ke X174A tidak Aktif,Permintaan Rute Langsir dari JL92B ke X174A Aktif,1,1,,,rute,SLO,117,9,1593
1595,SLO-JL92B-X174B-CTRL,Kombinasi Tombol Rute dari JL92B ke X174B tidak Aktif,Kombinasi Tombol Rute dari JL92B ke X174B Aktif,1,1,,,perintah,SLO,117,10,1594
1596,SLO-JL92B-X174B-RS,Route Stick dari JL92B ke X174B Bebas,Route Stick dari JL92B ke X174B Terbentuk,1,1,,,rute,SLO,117,11,1595
1597,SLO-JL92B-X174B-S-REQ,Permintaan Rute Langsir dari JL92B ke X174B tidak Aktif,Permintaan Rute Langsir dari JL92B ke X174B Aktif,1,1,,,rute,SLO,117,12,1596
1598,SLO-JL92B-A114-CF-CTRL,Kombinasi Tombol Rute Contra Flow dari JL92B ke A114 tidak Aktif,Kombinasi Tombol Rute Contra Flow dari JL92B ke A114 Aktif,1,1,,,perintah,SLO,117,13,1597
1599,SLO-JL92B-A114-CF-RS,Route Stick dari JL92B ke A114 Bebas,Route Stick dari JL92B ke A114 Terbentuk,1,1,,,rute,SLO,117,14,1598
1600,SLO-JL92B-A114-CF-E-REQ,Permintaan Rute Contraflow dari JL92B ke A114 tidak Aktif,Permintaan Rute Contraflow dari JL92B ke A114 Aktif,1,1,,,rute,SLO,117,15,1599
1601,SLO-JL92B-A114-CF-E-RST-TE,,Rute Contraflow dari JL92B ke A114 Timeout,1,1,,,rute,SLO,118,0,1600
1602,SLO-JL92B-A134-CTRL,Kombinasi Tombol Rute dari JL92B ke A134 tidak Aktif,Kombinasi Tombol Rute dari JL92B ke A134 Aktif,1,1,,,perintah,SLO,118,1,1601
1603,SLO-JL92B-A134-RS,Route Stick dari JL92B ke A134 Bebas,Route Stick dari JL92B ke A134 Terbentuk,1,1,,,rute,SLO,118,2,1602
1604,SLO-JL92B-A134-E-REQ,Permintaan Rute Darurat dari JL92B ke A134 tidak Aktif,Permintaan Rute Darurat dari JL92B ke A134 Aktif,1,1,,,rute,SLO,118,3,1603
1605,SLO-JL92B-A134-E-RST-TE,,Rute Darurat dari JL92B ke A134 Timeout,1,1,,,rute,SLO,118,4,1604
1606,SLO-JL92B-A134-T-REQ,Permintaan Rute Normal dari JL92B ke A134 tidak Aktif,Permintaan Rute Normal dari JL92B ke A134 Aktif,1,1,,,rute,SLO,118,5,1605
1607,SLO-JL92B-X134-CTRL,Kombinasi Tombol Rute dari JL92B ke X134 tidak Aktif,Kombinasi Tombol Rute dari JL92B ke X134 Aktif,1,1,,,perintah,SLO,118,6,1606
1608,SLO-JL92B-X134-RS,Route Stick dari JL92B ke X134 Bebas,Route Stick dari JL92B ke X134 Terbentuk,1,1,,,rute,SLO,118,7,1607
1609,SLO-JL92B-X134-S-REQ,Permintaan Rute Langsir dari JL92B ke X134 tidak Aktif,Permintaan Rute Langsir dari JL92B ke X134 Aktif,1,1,,,rute,SLO,118,8,1608
1610,SLO-L11A-X20-CTRL,Kombinasi Tombol Rute dari L11A ke X20 tidak Aktif,Kombinasi Tombol Rute dari L11A ke X20 Aktif,1,1,,,perintah,SLO,118,9,1609
1611,SLO-L11A-X20-RS,Route Stick dari L11A ke X20 Bebas,Route Stick dari L11A ke X20 Terbentuk,1,1,,,rute,SLO,118,10,1610
1612,SLO-L11A-X20-S-REQ,Permintaan Rute Langsir dari L11A ke X20 tidak Aktif,Permintaan Rute Langsir dari L11A ke X20 Aktif,1,1,,,rute,SLO,118,11,1611
1613,SLO-L11B-62B-CTRL,Kombinasi Tombol Rute dari L11B ke JL62B tidak Aktif,Kombinasi Tombol Rute dari L11B ke JL62B Aktif,1,1,,,perintah,SLO,118,12,1612
1614,SLO-L11B-62B-RS,Route Stick dari L11B ke JL62B Bebas,Route Stick dari L11B ke JL62B Terbentuk,1,1,,,rute,SLO,118,13,1613
1615,SLO-L11B-62B-S-REQ,Permintaan Rute Langsir dari L11B ke JL62B tidak Aktif,Permintaan Rute Langsir dari L11B ke JL62B Aktif,1,1,,,rute,SLO,118,14,1614
1616,SLO-L11B-42B-CTRL,Kombinasi Tombol Rute dari L11B ke JL42B tidak Aktif,Kombinasi Tombol Rute dari L11B ke JL42B Aktif,1,1,,,perintah,SLO,118,15,1615
1617,SLO-L11B-42B-RS,Route Stick dari L11B ke JL42B Bebas,Route Stick dari L11B ke JL42B Terbentuk,1,1,,,rute,SLO,119,0,1616
1618,SLO-L11B-42B-S-REQ,Permintaan Rute Langsir dari L11B ke JL42B tidak Aktif,Permintaan Rute Langsir dari L11B ke JL42B Aktif,1,1,,,rute,SLO,119,1,1617
1619,SLO-L11B-22B-CTRL,Kombinasi Tombol Rute dari L11B ke JL22B tidak Aktif,Kombinasi Tombol Rute dari L11B ke JL22B Aktif,1,1,,,perintah,SLO,119,2,1618
1620,SLO-L11B-22B-RS,Route Stick dari L11B ke JL22B Bebas,Route Stick dari L11B ke JL22B Terbentuk,1,1,,,rute,SLO,119,3,1619
1621,SLO-L11B-22B-S-REQ,Permintaan Rute Langsir dari L11B ke JL22B tidak Aktif,Permintaan Rute Langsir dari L11B ke JL22B Aktif,1,1,,,rute,SLO,119,4,1620
1622,SLO-L11B-12B-CTRL,Kombinasi Tombol Rute dari L11B ke JL12B tidak Aktif,Kombinasi Tombol Rute dari L11B ke JL12B Aktif,1,1,,,perintah,SLO,119,5,1621
1623,SLO-L11B-12B-RS,Route Stick dari L11B ke JL12B Bebas,Route Stick dari L11B ke JL12B Terbentuk,1,1,,,rute,SLO,119,6,1622
1624,SLO-L11B-12B-S-REQ,Permintaan Rute Langsir dari L11B ke JL12B tidak Aktif,Permintaan Rute Langsir dari L11B ke JL12B Aktif,1,1,,,rute,SLO,119,7,1623
1625,SLO-L130-31A1-CTRL,Kombinasi Tombol Rute dari L130 ke L31A1 tidak Aktif,Kombinasi Tombol Rute dari L130 ke L31A1 Aktif,1,1,,,perintah,SLO,119,8,1624
1626,SLO-L130-31A1-RS,Route Stick dari L130 ke L31A1 Bebas,Route Stick dari L130 ke L31A1 Terbentuk,1,1,,,rute,SLO,119,9,1625
1627,SLO-L130-31A1-S-REQ,Permintaan Rute Langsir dari L130 ke L31A1 tidak Aktif,Permintaan Rute Langsir dari L130 ke L31A1 Aktif,1,1,,,rute,SLO,119,10,1626
1628,SLO-L130-62B-CTRL,Kombinasi Tombol Rute dari L130 ke JL62B tidak Aktif,Kombinasi Tombol Rute dari L130 ke JL62B Aktif,1,1,,,perintah,SLO,119,11,1627
1629,SLO-L130-62B-RS,Route Stick dari L130 ke JL62B Bebas,Route Stick dari L130 ke JL62B Terbentuk,1,1,,,rute,SLO,119,12,1628
1630,SLO-L130-62B-S-REQ,Permintaan Rute Langsir dari L130 ke JL62B tidak Aktif,Permintaan Rute Langsir dari L130 ke JL62B Aktif,1,1,,,rute,SLO,119,13,1629
1631,SLO-L130-42B-CTRL,Kombinasi Tombol Rute dari L130 ke JL42B tidak Aktif,Kombinasi Tombol Rute dari L130 ke JL42B Aktif,1,1,,,perintah,SLO,119,14,1630
1632,SLO-L130-42B-RS,Route Stick dari L130 ke JL42B Bebas,Route Stick dari L130 ke JL42B Terbentuk,1,1,,,rute,SLO,119,15,1631
1633,SLO-L130-42B-S-REQ,Permintaan Rute Langsir dari L130 ke JL42B tidak Aktif,Permintaan Rute Langsir dari L130 ke JL42B Aktif,1,1,,,rute,SLO,120,0,1632
1634,SLO-L130-22B-CTRL,Kombinasi Tombol Rute dari L130 ke JL22B tidak Aktif,Kombinasi Tombol Rute dari L130 ke JL22B Aktif,1,1,,,perintah,SLO,120,1,1633
1635,SLO-L130-22B-RS,Route Stick dari L130 ke JL22B Bebas,Route Stick dari L130 ke JL22B Terbentuk,1,1,,,rute,SLO,120,2,1634
1636,SLO-L130-22B-S-REQ,Permintaan Rute Langsir dari L130 ke JL22B tidak Aktif,Permintaan Rute Langsir dari L130 ke JL22B Aktif,1,1,,,rute,SLO,120,3,1635
1637,SLO-L130-12B-CTRL,Kombinasi Tombol Rute dari L130 ke JL12B tidak Aktif,Kombinasi Tombol Rute dari L130 ke JL12B Aktif,1,1,,,perintah,SLO,120,4,1636
1638,SLO-L130-12B-RS,Route Stick dari L130 ke JL12B Bebas,Route Stick dari L130 ke JL12B Terbentuk,1,1,,,rute,SLO,120,5,1637
1639,SLO-L130-12B-S-REQ,Permintaan Rute Langsir dari L130 ke JL12B tidak Aktif,Permintaan Rute Langsir dari L130 ke JL12B Aktif,1,1,,,rute,SLO,120,6,1638
1640,SLO-L130-92B-CTRL,Kombinasi Tombol Rute dari L130 ke JL92B tidak Aktif,Kombinasi Tombol Rute dari L130 ke JL92B Aktif,1,1,,,perintah,SLO,120,7,1639
1641,SLO-L130-92B-RS,Route Stick dari L130 ke JL92B Bebas,Route Stick dari L130 ke JL92B Terbentuk,1,1,,,rute,SLO,120,8,1640
1642,SLO-L130-92B-S-REQ,Permintaan Rute Langsir dari L130 ke JL92B tidak Aktif,Permintaan Rute Langsir dari L130 ke JL92B Aktif,1,1,,,rute,SLO,120,9,1641
1643,SLO-L130-112B-CTRL,Kombinasi Tombol Rute dari L130 ke JL112B tidak Aktif,Kombinasi Tombol Rute dari L130 ke JL112B Aktif,1,1,,,perintah,SLO,120,10,1642
1644,SLO-L130-112B-RS,Route Stick dari L130 ke JL112B Bebas,Route Stick dari L130 ke JL112B Terbentuk,1,1,,,rute,SLO,120,11,1643
1645,SLO-L130-112B-S-REQ,Permintaan Rute Langsir dari L130 ke JL112B tidak Aktif,Permintaan Rute Langsir dari L130 ke JL112B Aktif,1,1,,,rute,SLO,120,12,1644
1646,SLO-L130-132B-CTRL,Kombinasi Tombol Rute dari L130 ke JL132B tidak Aktif,Kombinasi Tombol Rute dari L130 ke JL132B Aktif,1,1,,,perintah,SLO,120,13,1645
1647,SLO-L130-132B-RS,Route Stick dari L130 ke JL132B Bebas,Route Stick dari L130 ke JL132B Terbentuk,1,1,,,rute,SLO,120,14,1646
1648,SLO-L130-132B-S-REQ,Permintaan Rute Langsir dari L130 ke JL132B tidak Aktif,Permintaan Rute Langsir dari L130 ke JL132B Aktif,1,1,,,rute,SLO,120,15,1647
1649,SLO-L130-152B-CTRL,Kombinasi Tombol Rute dari L130 ke JL152B tidak Aktif,Kombinasi Tombol Rute dari L130 ke JL152B Aktif,1,1,,,perintah,SLO,121,0,1648
1650,SLO-L130-152B-RS,Route Stick dari L130 ke JL152B Bebas,Route Stick dari L130 ke JL152B Terbentuk,1,1,,,rute,SLO,121,1,1649
1651,SLO-L130-152B-S-REQ,Permintaan Rute Langsir dari L130 ke JL152B tidak Aktif,Permintaan Rute Langsir dari L130 ke JL152B Aktif,1,1,,,rute,SLO,121,2,1650
1652,SLO-L130-172B-CTRL,Kombinasi Tombol Rute dari L130 ke JL172B tidak Aktif,Kombinasi Tombol Rute dari L130 ke JL172B Aktif,1,1,,,perintah,SLO,121,3,1651
1653,SLO-L130-172B-RS,Route Stick dari L130 ke JL172B Bebas,Route Stick dari L130 ke JL172B Terbentuk,1,1,,,rute,SLO,121,4,1652
1654,SLO-L130-172B-S-REQ,Permintaan Rute Langsir dari L130 ke JL172B tidak Aktif,Permintaan Rute Langsir dari L130 ke JL172B Aktif,1,1,,,rute,SLO,121,5,1653
1655,SLO-L130-192B-CTRL,Kombinasi Tombol Rute dari L130 ke JL192B tidak Aktif,Kombinasi Tombol Rute dari L130 ke JL192B Aktif,1,1,,,perintah,SLO,121,6,1654
1656,SLO-L130-192B-RS,Route Stick dari L130 ke JL192B Bebas,Route Stick dari L130 ke JL192B Terbentuk,1,1,,,rute,SLO,121,7,1655
1657,SLO-L130-192B-S-REQ,Permintaan Rute Langsir dari L130 ke JL192B tidak Aktif,Permintaan Rute Langsir dari L130 ke JL192B Aktif,1,1,,,rute,SLO,121,8,1656
1658,SLO-L133A-12A-CTRL,Kombinasi Tombol Rute dari L133A ke JL12A tidak Aktif,Kombinasi Tombol Rute dari L133A ke JL12A Aktif,1,1,,,perintah,SLO,121,9,1657
1659,SLO-L133A-12A-RS,Route Stick dari L133A ke JL12A Bebas,Route Stick dari L133A ke JL12A Terbentuk,1,1,,,rute,SLO,121,10,1658
1660,SLO-L133A-12A-S-REQ,Permintaan Rute Langsir dari L133A ke JL12A tidak Aktif,Permintaan Rute Langsir dari L133A ke JL12A Aktif,1,1,,,rute,SLO,121,11,1659
1661,SLO-L133A-92A-CTRL,Kombinasi Tombol Rute dari L133A ke JL92A tidak Aktif,Kombinasi Tombol Rute dari L133A ke JL92A Aktif,1,1,,,perintah,SLO,121,12,1660
1662,SLO-L133A-92A-RS,Route Stick dari L133A ke JL92A Bebas,Route Stick dari L133A ke JL92A Terbentuk,1,1,,,rute,SLO,121,13,1661
1663,SLO-L133A-92A-S-REQ,Permintaan Rute Langsir dari L133A ke JL92A tidak Aktif,Permintaan Rute Langsir dari L133A ke JL92A Aktif,1,1,,,rute,SLO,121,14,1662
1664,SLO-L133A-112A-CTRL,Kombinasi Tombol Rute dari L133A ke JL112A tidak Aktif,Kombinasi Tombol Rute dari L133A ke JL112A Aktif,1,1,,,perintah,SLO,121,15,1663
1665,SLO-L133A-112A-RS,Route Stick dari L133A ke JL112A Bebas,Route Stick dari L133A ke JL112A Terbentuk,1,1,,,rute,SLO,122,0,1664
1666,SLO-L133A-112A-S-REQ,Permintaan Rute Langsir dari L133A ke JL112A tidak Aktif,Permintaan Rute Langsir dari L133A ke JL112A Aktif,1,1,,,rute,SLO,122,1,1665
1667,SLO-L133A-132A-CTRL,Kombinasi Tombol Rute dari L133A ke JL132A tidak Aktif,Kombinasi Tombol Rute dari L133A ke JL132A Aktif,1,1,,,perintah,SLO,122,2,1666
1668,SLO-L133A-132A-RS,Route Stick dari L133A ke JL132A Bebas,Route Stick dari L133A ke JL132A Terbentuk,1,1,,,rute,SLO,122,3,1667
1669,SLO-L133A-132A-S-REQ,Permintaan Rute Langsir dari L133A ke JL132A tidak Aktif,Permintaan Rute Langsir dari L133A ke JL132A Aktif,1,1,,,rute,SLO,122,4,1668
1670,SLO-L133A-152A-CTRL,Kombinasi Tombol Rute dari L133A ke JL152A tidak Aktif,Kombinasi Tombol Rute dari L133A ke JL152A Aktif,1,1,,,perintah,SLO,122,5,1669
1671,SLO-L133A-152A-RS,Route Stick dari L133A ke JL152A Bebas,Route Stick dari L133A ke JL152A Terbentuk,1,1,,,rute,SLO,122,6,1670
1672,SLO-L133A-152A-S-REQ,Permintaan Rute Langsir dari L133A ke JL152A tidak Aktif,Permintaan Rute Langsir dari L133A ke JL152A Aktif,1,1,,,rute,SLO,122,7,1671
1673,SLO-L133A-172A-CTRL,Kombinasi Tombol Rute dari L133A ke JL172A tidak Aktif,Kombinasi Tombol Rute dari L133A ke JL172A Aktif,1,1,,,perintah,SLO,122,8,1672
1674,SLO-L133A-172A-RS,Route Stick dari L133A ke JL172A Bebas,Route Stick dari L133A ke JL172A Terbentuk,1,1,,,rute,SLO,122,9,1673
1675,SLO-L133A-172A-S-REQ,Permintaan Rute Langsir dari L133A ke JL172A tidak Aktif,Permintaan Rute Langsir dari L133A ke JL172A Aktif,1,1,,,rute,SLO,122,10,1674
1676,SLO-L133A-192A-CTRL,Kombinasi Tombol Rute dari L133A ke JL192A tidak Aktif,Kombinasi Tombol Rute dari L133A ke JL192A Aktif,1,1,,,perintah,SLO,122,11,1675
1677,SLO-L133A-192A-RS,Route Stick dari L133A ke JL192A Bebas,Route Stick dari L133A ke JL192A Terbentuk,1,1,,,rute,SLO,122,12,1676
1678,SLO-L133A-192A-S-REQ,Permintaan Rute Langsir dari L133A ke JL192A tidak Aktif,Permintaan Rute Langsir dari L133A ke JL192A Aktif,1,1,,,rute,SLO,122,13,1677
1679,SLO-L133A-X212-CTRL,Kombinasi Tombol Rute dari L133A ke X212 tidak Aktif,Kombinasi Tombol Rute dari L133A ke X212 Aktif,1,1,,,perintah,SLO,122,14,1678
1680,SLO-L133A-X212-RS,Route Stick dari L133A ke X212 Bebas,Route Stick dari L133A ke X212 Terbentuk,1,1,,,rute,SLO,122,15,1679
1681,SLO-L133A-X212-S-REQ,Permintaan Rute Langsir dari L133A ke X212 tidak Aktif,Permintaan Rute Langsir dari L133A ke X212 Aktif,1,1,,,rute,SLO,123,0,1680
1682,SLO-L133A-X232-CTRL,Kombinasi Tombol Rute dari L133A ke X232 tidak Aktif,Kombinasi Tombol Rute dari L133A ke X232 Aktif,1,1,,,perintah,SLO,123,1,1681
1683,SLO-L133A-X232-RS,Route Stick dari L133A ke X232 Bebas,Route Stick dari L133A ke X232 Terbentuk,1,1,,,rute,SLO,123,2,1682
1684,SLO-L133A-X232-S-REQ,Permintaan Rute Langsir dari L133A ke X232 tidak Aktif,Permintaan Rute Langsir dari L133A ke X232 Aktif,1,1,,,rute,SLO,123,3,1683
1685,SLO-L133B-X134-CTRL,Kombinasi Tombol Rute dari L133B ke X134 tidak Aktif,Kombinasi Tombol Rute dari L133B ke X134 Aktif,1,1,,,perintah,SLO,123,4,1684
1686,SLO-L133B-X134-RS,Route Stick dari L133B ke X134 Bebas,Route Stick dari L133B ke X134 Terbentuk,1,1,,,rute,SLO,123,5,1685
1687,SLO-L133B-X134-S-REQ,Permintaan Rute Langsir dari L133B ke X134 tidak Aktif,Permintaan Rute Langsir dari L133B ke X134 Aktif,1,1,,,rute,SLO,123,6,1686
1688,SLO-L134-62A-CTRL,Kombinasi Tombol Rute dari L134 ke JL62A tidak Aktif,Kombinasi Tombol Rute dari L134 ke JL62A Aktif,1,1,,,perintah,SLO,123,7,1687
1689,SLO-L134-62A-RS,Route Stick dari L134 ke JL62A Bebas,Route Stick dari L134 ke JL62A Terbentuk,1,1,,,rute,SLO,123,8,1688
1690,SLO-L134-62A-S-REQ,Permintaan Rute Langsir dari L134 ke JL62A tidak Aktif,Permintaan Rute Langsir dari L134 ke JL62A Aktif,1,1,,,rute,SLO,123,9,1689
1691,SLO-L134-42A-CTRL,Kombinasi Tombol Rute dari L134 ke JL42A tidak Aktif,Kombinasi Tombol Rute dari L134 ke JL42A Aktif,1,1,,,perintah,SLO,123,10,1690
1692,SLO-L134-42A-RS,Route Stick dari L134 ke JL42A Bebas,Route Stick dari L134 ke JL42A Terbentuk,1,1,,,rute,SLO,123,11,1691
1693,SLO-L134-42A-S-REQ,Permintaan Rute Langsir dari L134 ke JL42A tidak Aktif,Permintaan Rute Langsir dari L134 ke JL42A Aktif,1,1,,,rute,SLO,123,12,1692
1694,SLO-L134-22A-CTRL,Kombinasi Tombol Rute dari L134 ke JL22A tidak Aktif,Kombinasi Tombol Rute dari L134 ke JL22A Aktif,1,1,,,perintah,SLO,123,13,1693
1695,SLO-L134-22A-RS,Route Stick dari L134 ke JL22A Bebas,Route Stick dari L134 ke JL22A Terbentuk,1,1,,,rute,SLO,123,14,1694
1696,SLO-L134-22A-S-REQ,Permintaan Rute Langsir dari L134 ke JL22A tidak Aktif,Permintaan Rute Langsir dari L134 ke JL22A Aktif,1,1,,,rute,SLO,123,15,1695
1697,SLO-L134-12A-CTRL,Kombinasi Tombol Rute dari L134 ke JL12A tidak Aktif,Kombinasi Tombol Rute dari L134 ke JL12A Aktif,1,1,,,perintah,SLO,124,0,1696
1698,SLO-L134-12A-RS,Route Stick dari L134 ke JL12A Bebas,Route Stick dari L134 ke JL12A Terbentuk,1,1,,,rute,SLO,124,1,1697
1699,SLO-L134-12A-S-REQ,Permintaan Rute Langsir dari L134 ke JL12A tidak Aktif,Permintaan Rute Langsir dari L134 ke JL12A Aktif,1,1,,,rute,SLO,124,2,1698
1700,SLO-L134-133A-CTRL,Kombinasi Tombol Rute dari L134 ke L133A tidak Aktif,Kombinasi Tombol Rute dari L134 ke L133A Aktif,1,1,,,perintah,SLO,124,3,1699
1701,SLO-L134-133A-RS,Route Stick dari L134 ke L133A Bebas,Route Stick dari L134 ke L133A Terbentuk,1,1,,,rute,SLO,124,4,1700
1702,SLO-L134-133A-S-REQ,Permintaan Rute Langsir dari L134 ke L133A tidak Aktif,Permintaan Rute Langsir dari L134 ke L133A Aktif,1,1,,,rute,SLO,124,5,1701
1703,SLO-L134-92A-CTRL,Kombinasi Tombol Rute dari L134 ke JL92A tidak Aktif,Kombinasi Tombol Rute dari L134 ke JL92A Aktif,1,1,,,perintah,SLO,124,6,1702
1704,SLO-L134-92A-RS,Route Stick dari L134 ke JL92A Bebas,Route Stick dari L134 ke JL92A Terbentuk,1,1,,,rute,SLO,124,7,1703
1705,SLO-L134-92A-S-REQ,Permintaan Rute Langsir dari L134 ke JL92A tidak Aktif,Permintaan Rute Langsir dari L134 ke JL92A Aktif,1,1,,,rute,SLO,124,8,1704
1706,SLO-L134-112A-CTRL,Kombinasi Tombol Rute dari L134 ke JL112A tidak Aktif,Kombinasi Tombol Rute dari L134 ke JL112A Aktif,1,1,,,perintah,SLO,124,9,1705
1707,SLO-L134-112A-RS,Route Stick dari L134 ke JL112A Bebas,Route Stick dari L134 ke JL112A Terbentuk,1,1,,,rute,SLO,124,10,1706
1708,SLO-L134-112A-S-REQ,Permintaan Rute Langsir dari L134 ke JL112A tidak Aktif,Permintaan Rute Langsir dari L134 ke JL112A Aktif,1,1,,,rute,SLO,124,11,1707
1709,SLO-L154-12A-CTRL,Kombinasi Tombol Rute dari L154 ke JL12A tidak Aktif,Kombinasi Tombol Rute dari L154 ke JL12A Aktif,1,1,,,perintah,SLO,124,12,1708
1710,SLO-L154-12A-RS,Route Stick dari L154 ke JL12A Bebas,Route Stick dari L154 ke JL12A Terbentuk,1,1,,,rute,SLO,124,13,1709
1711,SLO-L154-12A-S-REQ,Permintaan Rute Langsir dari L154 ke JL12A tidak Aktif,Permintaan Rute Langsir dari L154 ke JL12A Aktif,1,1,,,rute,SLO,124,14,1710
1712,SLO-L154-92A-CTRL,Kombinasi Tombol Rute dari L154 ke JL92A tidak Aktif,Kombinasi Tombol Rute dari L154 ke JL92A Aktif,1,1,,,perintah,SLO,124,15,1711
1713,SLO-L154-92A-RS,Route Stick dari L154 ke JL92A Bebas,Route Stick dari L154 ke JL92A Terbentuk,1,1,,,rute,SLO,125,0,1712
1714,SLO-L154-92A-S-REQ,Permintaan Rute Langsir dari L154 ke JL92A tidak Aktif,Permintaan Rute Langsir dari L154 ke JL92A Aktif,1,1,,,rute,SLO,125,1,1713
1715,SLO-L154-112A-CTRL,Kombinasi Tombol Rute dari L154 ke JL112A tidak Aktif,Kombinasi Tombol Rute dari L154 ke JL112A Aktif,1,1,,,perintah,SLO,125,2,1714
1716,SLO-L154-112A-RS,Route Stick dari L154 ke JL112A Bebas,Route Stick dari L154 ke JL112A Terbentuk,1,1,,,rute,SLO,125,3,1715
1717,SLO-L154-112A-S-REQ,Permintaan Rute Langsir dari L154 ke JL112A tidak Aktif,Permintaan Rute Langsir dari L154 ke JL112A Aktif,1,1,,,rute,SLO,125,4,1716
1718,SLO-L154-132A-CTRL,Kombinasi Tombol Rute dari L154 ke JL132A tidak Aktif,Kombinasi Tombol Rute dari L154 ke JL132A Aktif,1,1,,,perintah,SLO,125,5,1717
1719,SLO-L154-132A-RS,Route Stick dari L154 ke JL132A Bebas,Route Stick dari L154 ke JL132A Terbentuk,1,1,,,rute,SLO,125,6,1718
1720,SLO-L154-132A-S-REQ,Permintaan Rute Langsir dari L154 ke JL132A tidak Aktif,Permintaan Rute Langsir dari L154 ke JL132A Aktif,1,1,,,rute,SLO,125,7,1719
1721,SLO-L154-152A-CTRL,Kombinasi Tombol Rute dari L154 ke JL152A tidak Aktif,Kombinasi Tombol Rute dari L154 ke JL152A Aktif,1,1,,,perintah,SLO,125,8,1720
1722,SLO-L154-152A-RS,Route Stick dari L154 ke JL152A Bebas,Route Stick dari L154 ke JL152A Terbentuk,1,1,,,rute,SLO,125,9,1721
1723,SLO-L154-152A-S-REQ,Permintaan Rute Langsir dari L154 ke JL152A tidak Aktif,Permintaan Rute Langsir dari L154 ke JL152A Aktif,1,1,,,rute,SLO,125,10,1722
1724,SLO-L154-172A-CTRL,Kombinasi Tombol Rute dari L154 ke JL172A tidak Aktif,Kombinasi Tombol Rute dari L154 ke JL172A Aktif,1,1,,,perintah,SLO,125,11,1723
1725,SLO-L154-172A-RS,Route Stick dari L154 ke JL172A Bebas,Route Stick dari L154 ke JL172A Terbentuk,1,1,,,rute,SLO,125,12,1724
1726,SLO-L154-172A-S-REQ,Permintaan Rute Langsir dari L154 ke JL172A tidak Aktif,Permintaan Rute Langsir dari L154 ke JL172A Aktif,1,1,,,rute,SLO,125,13,1725
1727,SLO-L154-192A-CTRL,Kombinasi Tombol Rute dari L154 ke JL192A tidak Aktif,Kombinasi Tombol Rute dari L154 ke JL192A Aktif,1,1,,,perintah,SLO,125,14,1726
1728,SLO-L154-192A-RS,Route Stick dari L154 ke JL192A Bebas,Route Stick dari L154 ke JL192A Terbentuk,1,1,,,rute,SLO,125,15,1727
1729,SLO-L154-192A-S-REQ,Permintaan Rute Langsir dari L154 ke JL192A tidak Aktif,Permintaan Rute Langsir dari L154 ke JL192A Aktif,1,1,,,rute,SLO,126,0,1728
1730,SLO-L154-X212-CTRL,Kombinasi Tombol Rute dari L154 ke X212 tidak Aktif,Kombinasi Tombol Rute dari L154 ke X212 Aktif,1,1,,,perintah,SLO,126,1,1729
1731,SLO-L154-X212-RS,Route Stick dari L154 ke X212 Bebas,Route Stick dari L154 ke X212 Terbentuk,1,1,,,rute,SLO,126,2,1730
1732,SLO-L154-X212-S-REQ,Permintaan Rute Langsir dari L154 ke X212 tidak Aktif,Permintaan Rute Langsir dari L154 ke X212 Aktif,1,1,,,rute,SLO,126,3,1731
1733,SLO-L154-X232-CTRL,Kombinasi Tombol Rute dari L154 ke X232 tidak Aktif,Kombinasi Tombol Rute dari L154 ke X232 Aktif,1,1,,,perintah,SLO,126,4,1732
1734,SLO-L154-X232-RS,Route Stick dari L154 ke X232 Bebas,Route Stick dari L154 ke X232 Terbentuk,1,1,,,rute,SLO,126,5,1733
1735,SLO-L154-X232-S-REQ,Permintaan Rute Langsir dari L154 ke X232 tidak Aktif,Permintaan Rute Langsir dari L154 ke X232 Aktif,1,1,,,rute,SLO,126,6,1734
1736,SLO-L174A-12A-CTRL,Kombinasi Tombol Rute dari L174A ke JL12A tidak Aktif,Kombinasi Tombol Rute dari L174A ke JL12A Aktif,1,1,,,perintah,SLO,126,7,1735
1737,SLO-L174A-12A-RS,Route Stick dari L174A ke JL12A Bebas,Route Stick dari L174A ke JL12A Terbentuk,1,1,,,rute,SLO,126,8,1736
1738,SLO-L174A-12A-S-REQ,Permintaan Rute Langsir dari L174A ke JL12A tidak Aktif,Permintaan Rute Langsir dari L174A ke JL12A Aktif,1,1,,,rute,SLO,126,9,1737
1739,SLO-L174A-92A-CTRL,Kombinasi Tombol Rute dari L174A ke JL92A tidak Aktif,Kombinasi Tombol Rute dari L174A ke JL92A Aktif,1,1,,,perintah,SLO,126,10,1738
1740,SLO-L174A-92A-RS,Route Stick dari L174A ke JL92A Bebas,Route Stick dari L174A ke JL92A Terbentuk,1,1,,,rute,SLO,126,11,1739
1741,SLO-L174A-92A-S-REQ,Permintaan Rute Langsir dari L174A ke JL92A tidak Aktif,Permintaan Rute Langsir dari L174A ke JL92A Aktif,1,1,,,rute,SLO,126,12,1740
1742,SLO-L174A-112A-CTRL,Kombinasi Tombol Rute dari L174A ke JL112A tidak Aktif,Kombinasi Tombol Rute dari L174A ke JL112A Aktif,1,1,,,perintah,SLO,126,13,1741
1743,SLO-L174A-112A-RS,Route Stick dari L174A ke JL112A Bebas,Route Stick dari L174A ke JL112A Terbentuk,1,1,,,rute,SLO,126,14,1742
1744,SLO-L174A-112A-S-REQ,Permintaan Rute Langsir dari L174A ke JL112A tidak Aktif,Permintaan Rute Langsir dari L174A ke JL112A Aktif,1,1,,,rute,SLO,126,15,1743
1745,SLO-L174A-132A-CTRL,Kombinasi Tombol Rute dari L174A ke JL132A tidak Aktif,Kombinasi Tombol Rute dari L174A ke JL132A Aktif,1,1,,,perintah,SLO,127,0,1744
1746,SLO-L174A-132A-RS,Route Stick dari L174A ke JL132A Bebas,Route Stick dari L174A ke JL132A Terbentuk,1,1,,,rute,SLO,127,1,1745
1747,SLO-L174A-132A-S-REQ,Permintaan Rute Langsir dari L174A ke JL132A tidak Aktif,Permintaan Rute Langsir dari L174A ke JL132A Aktif,1,1,,,rute,SLO,127,2,1746
1748,SLO-L174A-152A-CTRL,Kombinasi Tombol Rute dari L174A ke JL152A tidak Aktif,Kombinasi Tombol Rute dari L174A ke JL152A Aktif,1,1,,,perintah,SLO,127,3,1747
1749,SLO-L174A-152A-RS,Route Stick dari L174A ke JL152A Bebas,Route Stick dari L174A ke JL152A Terbentuk,1,1,,,rute,SLO,127,4,1748
1750,SLO-L174A-152A-S-REQ,Permintaan Rute Langsir dari L174A ke JL152A tidak Aktif,Permintaan Rute Langsir dari L174A ke JL152A Aktif,1,1,,,rute,SLO,127,5,1749
1751,SLO-L174A-172A-CTRL,Kombinasi Tombol Rute dari L174A ke JL172A tidak Aktif,Kombinasi Tombol Rute dari L174A ke JL172A Aktif,1,1,,,perintah,SLO,127,6,1750
1752,SLO-L174A-172A-RS,Route Stick dari L174A ke JL172A Bebas,Route Stick dari L174A ke JL172A Terbentuk,1,1,,,rute,SLO,127,7,1751
1753,SLO-L174A-172A-S-REQ,Permintaan Rute Langsir dari L174A ke JL172A tidak Aktif,Permintaan Rute Langsir dari L174A ke JL172A Aktif,1,1,,,rute,SLO,127,8,1752
1754,SLO-L174A-192A-CTRL,Kombinasi Tombol Rute dari L174A ke JL192A tidak Aktif,Kombinasi Tombol Rute dari L174A ke JL192A Aktif,1,1,,,perintah,SLO,127,9,1753
1755,SLO-L174A-192A-RS,Route Stick dari L174A ke JL192A Bebas,Route Stick dari L174A ke JL192A Terbentuk,1,1,,,rute,SLO,127,10,1754
1756,SLO-L174A-192A-S-REQ,Permintaan Rute Langsir dari L174A ke JL192A tidak Aktif,Permintaan Rute Langsir dari L174A ke JL192A Aktif,1,1,,,rute,SLO,127,11,1755
1757,SLO-L174A-X212-CTRL,Kombinasi Tombol Rute dari L174A ke X212 tidak Aktif,Kombinasi Tombol Rute dari L174A ke X212 Aktif,1,1,,,perintah,SLO,127,12,1756
1758,SLO-L174A-X212-RS,Route Stick dari L174A ke X212 Bebas,Route Stick dari L174A ke X212 Terbentuk,1,1,,,rute,SLO,127,13,1757
1759,SLO-L174A-X212-S-REQ,Permintaan Rute Langsir dari L174A ke X212 tidak Aktif,Permintaan Rute Langsir dari L174A ke X212 Aktif,1,1,,,rute,SLO,127,14,1758
1760,SLO-L174A-X232-CTRL,Kombinasi Tombol Rute dari L174A ke X232 tidak Aktif,Kombinasi Tombol Rute dari L174A ke X232 Aktif,1,1,,,perintah,SLO,127,15,1759
1761,SLO-L174A-X232-RS,Route Stick dari L174A ke X232 Bebas,Route Stick dari L174A ke X232 Terbentuk,1,1,,,rute,SLO,128,0,1760
1762,SLO-L174A-X232-S-REQ,Permintaan Rute Langsir dari L174A ke X232 tidak Aktif,Permintaan Rute Langsir dari L174A ke X232 Aktif,1,1,,,rute,SLO,128,1,1761
1763,SLO-L174B-12A-CTRL,Kombinasi Tombol Rute dari L174B ke JL12A tidak Aktif,Kombinasi Tombol Rute dari L174B ke JL12A Aktif,1,1,,,perintah,SLO,128,2,1762
1764,SLO-L174B-12A-RS,Route Stick dari L174B ke JL12A Bebas,Route Stick dari L174B ke JL12A Terbentuk,1,1,,,rute,SLO,128,3,1763
1765,SLO-L174B-12A-S-REQ,Permintaan Rute Langsir dari L174B ke JL12A tidak Aktif,Permintaan Rute Langsir dari L174B ke JL12A Aktif,1,1,,,rute,SLO,128,4,1764
1766,SLO-L174B-92A-CTRL,Kombinasi Tombol Rute dari L174B ke JL92A tidak Aktif,Kombinasi Tombol Rute dari L174B ke JL92A Aktif,1,1,,,perintah,SLO,128,5,1765
1767,SLO-L174B-92A-RS,Route Stick dari L174B ke JL92A Bebas,Route Stick dari L174B ke JL92A Terbentuk,1,1,,,rute,SLO,128,6,1766
1768,SLO-L174B-92A-S-REQ,Permintaan Rute Langsir dari L174B ke JL92A tidak Aktif,Permintaan Rute Langsir dari L174B ke JL92A Aktif,1,1,,,rute,SLO,128,7,1767
1769,SLO-L174B-112A-CTRL,Kombinasi Tombol Rute dari L174B ke JL112A tidak Aktif,Kombinasi Tombol Rute dari L174B ke JL112A Aktif,1,1,,,perintah,SLO,128,8,1768
1770,SLO-L174B-112A-RS,Route Stick dari L174B ke JL112A Bebas,Route Stick dari L174B ke JL112A Terbentuk,1,1,,,rute,SLO,128,9,1769
1771,SLO-L174B-112A-S-REQ,Permintaan Rute Langsir dari L174B ke JL112A tidak Aktif,Permintaan Rute Langsir dari L174B ke JL112A Aktif,1,1,,,rute,SLO,128,10,1770
1772,SLO-L174B-132A-CTRL,Kombinasi Tombol Rute dari L174B ke JL132A tidak Aktif,Kombinasi Tombol Rute dari L174B ke JL132A Aktif,1,1,,,perintah,SLO,128,11,1771
1773,SLO-L174B-132A-RS,Route Stick dari L174B ke JL132A Bebas,Route Stick dari L174B ke JL132A Terbentuk,1,1,,,rute,SLO,128,12,1772
1774,SLO-L174B-132A-S-REQ,Permintaan Rute Langsir dari L174B ke JL132A tidak Aktif,Permintaan Rute Langsir dari L174B ke JL132A Aktif,1,1,,,rute,SLO,128,13,1773
1775,SLO-L174B-152A-CTRL,Kombinasi Tombol Rute dari L174B ke JL152A tidak Aktif,Kombinasi Tombol Rute dari L174B ke JL152A Aktif,1,1,,,perintah,SLO,128,14,1774
1776,SLO-L174B-152A-RS,Route Stick dari L174B ke JL152A Bebas,Route Stick dari L174B ke JL152A Terbentuk,1,1,,,rute,SLO,128,15,1775
1777,SLO-L174B-152A-S-REQ,Permintaan Rute Langsir dari L174B ke JL152A tidak Aktif,Permintaan Rute Langsir dari L174B ke JL152A Aktif,1,1,,,rute,SLO,129,0,1776
1778,SLO-L174B-172A-CTRL,Kombinasi Tombol Rute dari L174B ke JL172A tidak Aktif,Kombinasi Tombol Rute dari L174B ke JL172A Aktif,1,1,,,perintah,SLO,129,1,1777
1779,SLO-L174B-172A-RS,Route Stick dari L174B ke JL172A Bebas,Route Stick dari L174B ke JL172A Terbentuk,1,1,,,rute,SLO,129,2,1778
1780,SLO-L174B-172A-S-REQ,Permintaan Rute Langsir dari L174B ke JL172A tidak Aktif,Permintaan Rute Langsir dari L174B ke JL172A Aktif,1,1,,,rute,SLO,129,3,1779
1781,SLO-L174B-192A-CTRL,Kombinasi Tombol Rute dari L174B ke JL192A tidak Aktif,Kombinasi Tombol Rute dari L174B ke JL192A Aktif,1,1,,,perintah,SLO,129,4,1780
1782,SLO-L174B-192A-RS,Route Stick dari L174B ke JL192A Bebas,Route Stick dari L174B ke JL192A Terbentuk,1,1,,,rute,SLO,129,5,1781
1783,SLO-L174B-192A-S-REQ,Permintaan Rute Langsir dari L174B ke JL192A tidak Aktif,Permintaan Rute Langsir dari L174B ke JL192A Aktif,1,1,,,rute,SLO,129,6,1782
1784,SLO-L174B-X212-CTRL,Kombinasi Tombol Rute dari L174B ke X212 tidak Aktif,Kombinasi Tombol Rute dari L174B ke X212 Aktif,1,1,,,perintah,SLO,129,7,1783
1785,SLO-L174B-X212-RS,Route Stick dari L174B ke X212 Bebas,Route Stick dari L174B ke X212 Terbentuk,1,1,,,rute,SLO,129,8,1784
1786,SLO-L174B-X212-S-REQ,Permintaan Rute Langsir dari L174B ke X212 tidak Aktif,Permintaan Rute Langsir dari L174B ke X212 Aktif,1,1,,,rute,SLO,129,9,1785
1787,SLO-L174B-X232-CTRL,Kombinasi Tombol Rute dari L174B ke X232 tidak Aktif,Kombinasi Tombol Rute dari L174B ke X232 Aktif,1,1,,,perintah,SLO,129,10,1786
1788,SLO-L174B-X232-RS,Route Stick dari L174B ke X232 Bebas,Route Stick dari L174B ke X232 Terbentuk,1,1,,,rute,SLO,129,11,1787
1789,SLO-L174B-X232-S-REQ,Permintaan Rute Langsir dari L174B ke X232 tidak Aktif,Permintaan Rute Langsir dari L174B ke X232 Aktif,1,1,,,rute,SLO,129,12,1788
1790,SLO-L20-62B-CTRL,Kombinasi Tombol Rute dari L20 ke JL62B tidak Aktif,Kombinasi Tombol Rute dari L20 ke JL62B Aktif,1,1,,,perintah,SLO,129,13,1789
1791,SLO-L20-62B-RS,Route Stick dari L20 ke JL62B Bebas,Route Stick dari L20 ke JL62B Terbentuk,1,1,,,rute,SLO,129,14,1790
1792,SLO-L20-62B-S-REQ,Permintaan Rute Langsir dari L20 ke JL62B tidak Aktif,Permintaan Rute Langsir dari L20 ke JL62B Aktif,1,1,,,rute,SLO,129,15,1791
1793,SLO-L20-42B-CTRL,Kombinasi Tombol Rute dari L20 ke JL42B tidak Aktif,Kombinasi Tombol Rute dari L20 ke JL42B Aktif,1,1,,,perintah,SLO,130,0,1792
1794,SLO-L20-42B-RS,Route Stick dari L20 ke JL42B Bebas,Route Stick dari L20 ke JL42B Terbentuk,1,1,,,rute,SLO,130,1,1793
1795,SLO-L20-42B-S-REQ,Permintaan Rute Langsir dari L20 ke JL42B tidak Aktif,Permintaan Rute Langsir dari L20 ke JL42B Aktif,1,1,,,rute,SLO,130,2,1794
1796,SLO-L20-22B-CTRL,Kombinasi Tombol Rute dari L20 ke JL22B tidak Aktif,Kombinasi Tombol Rute dari L20 ke JL22B Aktif,1,1,,,perintah,SLO,130,3,1795
1797,SLO-L20-22B-RS,Route Stick dari L20 ke JL22B Bebas,Route Stick dari L20 ke JL22B Terbentuk,1,1,,,rute,SLO,130,4,1796
1798,SLO-L20-22B-S-REQ,Permintaan Rute Langsir dari L20 ke JL22B tidak Aktif,Permintaan Rute Langsir dari L20 ke JL22B Aktif,1,1,,,rute,SLO,130,5,1797
1799,SLO-L20-11B-CTRL,Kombinasi Tombol Rute dari L20 ke L11B tidak Aktif,Kombinasi Tombol Rute dari L20 ke L11B Aktif,1,1,,,perintah,SLO,130,6,1798
1800,SLO-L20-11B-RS,Route Stick dari L20 ke L11B Bebas,Route Stick dari L20 ke L11B Terbentuk,1,1,,,rute,SLO,130,7,1799
1801,SLO-L20-11B-S-REQ,Permintaan Rute Langsir dari L20 ke L11B tidak Aktif,Permintaan Rute Langsir dari L20 ke L11B Aktif,1,1,,,rute,SLO,130,8,1800
1802,SLO-L20-31B2-CTRL,Kombinasi Tombol Rute dari L20 ke L31B2 tidak Aktif,Kombinasi Tombol Rute dari L20 ke L31B2 Aktif,1,1,,,perintah,SLO,130,9,1801
1803,SLO-L20-31B2-RS,Route Stick dari L20 ke L31B2 Bebas,Route Stick dari L20 ke L31B2 Terbentuk,1,1,,,rute,SLO,130,10,1802
1804,SLO-L20-31B2-S-REQ,Permintaan Rute Langsir dari L20 ke L31B2 tidak Aktif,Permintaan Rute Langsir dari L20 ke L31B2 Aktif,1,1,,,rute,SLO,130,11,1803
1805,SLO-L20-31A2-CTRL,Kombinasi Tombol Rute dari L20 ke L31A2 tidak Aktif,Kombinasi Tombol Rute dari L20 ke L31A2 Aktif,1,1,,,perintah,SLO,130,12,1804
1806,SLO-L20-31A2-RS,Route Stick dari L20 ke L31A2 Bebas,Route Stick dari L20 ke L31A2 Terbentuk,1,1,,,rute,SLO,130,13,1805
1807,SLO-L20-31A2-S-REQ,Permintaan Rute Langsir dari L20 ke L31A2 tidak Aktif,Permintaan Rute Langsir dari L20 ke L31A2 Aktif,1,1,,,rute,SLO,130,14,1806
1808,SLO-L23-62A-CTRL,Kombinasi Tombol Rute dari L23 ke JL62A tidak Aktif,Kombinasi Tombol Rute dari L23 ke JL62A Aktif,1,1,,,perintah,SLO,130,15,1807
1809,SLO-L23-62A-RS,Route Stick dari L23 ke JL62A Bebas,Route Stick dari L23 ke JL62A Terbentuk,1,1,,,rute,SLO,131,0,1808
1810,SLO-L23-62A-S-REQ,Permintaan Rute Langsir dari L23 ke JL62A tidak Aktif,Permintaan Rute Langsir dari L23 ke JL62A Aktif,1,1,,,rute,SLO,131,1,1809
1811,SLO-L23-42A-CTRL,Kombinasi Tombol Rute dari L23 ke JL42A tidak Aktif,Kombinasi Tombol Rute dari L23 ke JL42A Aktif,1,1,,,perintah,SLO,131,2,1810
1812,SLO-L23-42A-RS,Route Stick dari L23 ke JL42A Bebas,Route Stick dari L23 ke JL42A Terbentuk,1,1,,,rute,SLO,131,3,1811
1813,SLO-L23-42A-S-REQ,Permintaan Rute Langsir dari L23 ke JL42A tidak Aktif,Permintaan Rute Langsir dari L23 ke JL42A Aktif,1,1,,,rute,SLO,131,4,1812
1814,SLO-L23-22A-CTRL,Kombinasi Tombol Rute dari L23 ke JL22A tidak Aktif,Kombinasi Tombol Rute dari L23 ke JL22A Aktif,1,1,,,perintah,SLO,131,5,1813
1815,SLO-L23-22A-RS,Route Stick dari L23 ke JL22A Bebas,Route Stick dari L23 ke JL22A Terbentuk,1,1,,,rute,SLO,131,6,1814
1816,SLO-L23-22A-S-REQ,Permintaan Rute Langsir dari L23 ke JL22A tidak Aktif,Permintaan Rute Langsir dari L23 ke JL22A Aktif,1,1,,,rute,SLO,131,7,1815
1817,SLO-L23-12A-CTRL,Kombinasi Tombol Rute dari L23 ke JL12A tidak Aktif,Kombinasi Tombol Rute dari L23 ke JL12A Aktif,1,1,,,perintah,SLO,131,8,1816
1818,SLO-L23-12A-RS,Route Stick dari L23 ke JL12A Bebas,Route Stick dari L23 ke JL12A Terbentuk,1,1,,,rute,SLO,131,9,1817
1819,SLO-L23-12A-S-REQ,Permintaan Rute Langsir dari L23 ke JL12A tidak Aktif,Permintaan Rute Langsir dari L23 ke JL12A Aktif,1,1,,,rute,SLO,131,10,1818
1820,SLO-L31A1-X20-CTRL,Kombinasi Tombol Rute dari L31A1 ke X20 tidak Aktif,Kombinasi Tombol Rute dari L31A1 ke X20 Aktif,1,1,,,perintah,SLO,131,11,1819
1821,SLO-L31A1-X20-RS,Route Stick dari L31A1 ke X20 Bebas,Route Stick dari L31A1 ke X20 Terbentuk,1,1,,,rute,SLO,131,12,1820
1822,SLO-L31A1-X20-S-REQ,Permintaan Rute Langsir dari L31A1 ke X20 tidak Aktif,Permintaan Rute Langsir dari L31A1 ke X20 Aktif,1,1,,,rute,SLO,131,13,1821
1823,SLO-L31A2-X130-CTRL,Kombinasi Tombol Rute dari L31A2 ke X130 tidak Aktif,Kombinasi Tombol Rute dari L31A2 ke X130 Aktif,1,1,,,perintah,SLO,131,14,1822
1824,SLO-L31A2-X130-RS,Route Stick dari L31A2 ke X130 Bebas,Route Stick dari L31A2 ke X130 Terbentuk,1,1,,,rute,SLO,131,15,1823
1825,SLO-L31A2-X130-S-REQ,Permintaan Rute Langsir dari L31A2 ke X130 tidak Aktif,Permintaan Rute Langsir dari L31A2 ke X130 Aktif,1,1,,,rute,SLO,132,0,1824
1826,SLO-L31B1-X20-CTRL,Kombinasi Tombol Rute dari L31B1 ke X20 tidak Aktif,Kombinasi Tombol Rute dari L31B1 ke X20 Aktif,1,1,,,perintah,SLO,132,1,1825
1827,SLO-L31B1-X20-RS,Route Stick dari L31B1 ke X20 Bebas,Route Stick dari L31B1 ke X20 Terbentuk,1,1,,,rute,SLO,132,2,1826
1828,SLO-L31B1-X20-S-REQ,Permintaan Rute Langsir dari L31B1 ke X20 tidak Aktif,Permintaan Rute Langsir dari L31B1 ke X20 Aktif,1,1,,,rute,SLO,132,3,1827
1829,SLO-L31B2-92B-CTRL,Kombinasi Tombol Rute dari L31B2 ke JL92B tidak Aktif,Kombinasi Tombol Rute dari L31B2 ke JL92B Aktif,1,1,,,perintah,SLO,132,4,1828
1830,SLO-L31B2-92B-RS,Route Stick dari L31B2 ke JL92B Bebas,Route Stick dari L31B2 ke JL92B Terbentuk,1,1,,,rute,SLO,132,5,1829
1831,SLO-L31B2-92B-S-REQ,Permintaan Rute Langsir dari L31B2 ke JL92B tidak Aktif,Permintaan Rute Langsir dari L31B2 ke JL92B Aktif,1,1,,,rute,SLO,132,6,1830
1832,SLO-L31B2-112B-CTRL,Kombinasi Tombol Rute dari L31B2 ke JL112B tidak Aktif,Kombinasi Tombol Rute dari L31B2 ke JL112B Aktif,1,1,,,perintah,SLO,132,7,1831
1833,SLO-L31B2-112B-RS,Route Stick dari L31B2 ke JL112B Bebas,Route Stick dari L31B2 ke JL112B Terbentuk,1,1,,,rute,SLO,132,8,1832
1834,SLO-L31B2-112B-S-REQ,Permintaan Rute Langsir dari L31B2 ke JL112B tidak Aktif,Permintaan Rute Langsir dari L31B2 ke JL112B Aktif,1,1,,,rute,SLO,132,9,1833
1835,SLO-L31B2-132B-CTRL,Kombinasi Tombol Rute dari L31B2 ke JL132B tidak Aktif,Kombinasi Tombol Rute dari L31B2 ke JL132B Aktif,1,1,,,perintah,SLO,132,10,1834
1836,SLO-L31B2-132B-RS,Route Stick dari L31B2 ke JL132B Bebas,Route Stick dari L31B2 ke JL132B Terbentuk,1,1,,,rute,SLO,132,11,1835
1837,SLO-L31B2-132B-S-REQ,Permintaan Rute Langsir dari L31B2 ke JL132B tidak Aktif,Permintaan Rute Langsir dari L31B2 ke JL132B Aktif,1,1,,,rute,SLO,132,12,1836
1838,SLO-L31B2-152B-CTRL,Kombinasi Tombol Rute dari L31B2 ke JL152B tidak Aktif,Kombinasi Tombol Rute dari L31B2 ke JL152B Aktif,1,1,,,perintah,SLO,132,13,1837
1839,SLO-L31B2-152B-RS,Route Stick dari L31B2 ke JL152B Bebas,Route Stick dari L31B2 ke JL152B Terbentuk,1,1,,,rute,SLO,132,14,1838
1840,SLO-L31B2-152B-S-REQ,Permintaan Rute Langsir dari L31B2 ke JL152B tidak Aktif,Permintaan Rute Langsir dari L31B2 ke JL152B Aktif,1,1,,,rute,SLO,132,15,1839
1841,SLO-L31B2-172B-CTRL,Kombinasi Tombol Rute dari L31B2 ke JL172B tidak Aktif,Kombinasi Tombol Rute dari L31B2 ke JL172B Aktif,1,1,,,perintah,SLO,133,0,1840
1842,SLO-L31B2-172B-RS,Route Stick dari L31B2 ke JL172B Bebas,Route Stick dari L31B2 ke JL172B Terbentuk,1,1,,,rute,SLO,133,1,1841
1843,SLO-L31B2-172B-S-REQ,Permintaan Rute Langsir dari L31B2 ke JL172B tidak Aktif,Permintaan Rute Langsir dari L31B2 ke JL172B Aktif,1,1,,,rute,SLO,133,2,1842
1844,SLO-L31B2-192B-CTRL,Kombinasi Tombol Rute dari L31B2 ke JL192B tidak Aktif,Kombinasi Tombol Rute dari L31B2 ke JL192B Aktif,1,1,,,perintah,SLO,133,3,1843
1845,SLO-L31B2-192B-RS,Route Stick dari L31B2 ke JL192B Bebas,Route Stick dari L31B2 ke JL192B Terbentuk,1,1,,,rute,SLO,133,4,1844
1846,SLO-L31B2-192B-S-REQ,Permintaan Rute Langsir dari L31B2 ke JL192B tidak Aktif,Permintaan Rute Langsir dari L31B2 ke JL192B Aktif,1,1,,,rute,SLO,133,5,1845
1847,SLO-L34-12A-CTRL,Kombinasi Tombol Rute dari L34 ke JL12A tidak Aktif,Kombinasi Tombol Rute dari L34 ke JL12A Aktif,1,1,,,perintah,SLO,133,6,1846
1848,SLO-L34-12A-RS,Route Stick dari L34 ke JL12A Bebas,Route Stick dari L34 ke JL12A Terbentuk,1,1,,,rute,SLO,133,7,1847
1849,SLO-L34-12A-S-REQ,Permintaan Rute Langsir dari L34 ke JL12A tidak Aktif,Permintaan Rute Langsir dari L34 ke JL12A Aktif,1,1,,,rute,SLO,133,8,1848
1850,SLO-L44-62A-CTRL,Kombinasi Tombol Rute dari L44 ke JL62A tidak Aktif,Kombinasi Tombol Rute dari L44 ke JL62A Aktif,1,1,,,perintah,SLO,133,9,1849
1851,SLO-L44-62A-RS,Route Stick dari L44 ke JL62A Bebas,Route Stick dari L44 ke JL62A Terbentuk,1,1,,,rute,SLO,133,10,1850
1852,SLO-L44-62A-S-REQ,Permintaan Rute Langsir dari L44 ke JL62A tidak Aktif,Permintaan Rute Langsir dari L44 ke JL62A Aktif,1,1,,,rute,SLO,133,11,1851
1853,SLO-L44-42A-CTRL,Kombinasi Tombol Rute dari L44 ke JL42A tidak Aktif,Kombinasi Tombol Rute dari L44 ke JL42A Aktif,1,1,,,perintah,SLO,133,12,1852
1854,SLO-L44-42A-RS,Route Stick dari L44 ke JL42A Bebas,Route Stick dari L44 ke JL42A Terbentuk,1,1,,,rute,SLO,133,13,1853
1855,SLO-L44-42A-S-REQ,Permintaan Rute Langsir dari L44 ke JL42A tidak Aktif,Permintaan Rute Langsir dari L44 ke JL42A Aktif,1,1,,,rute,SLO,133,14,1854
1856,SLO-L54-12A-CTRL,Kombinasi Tombol Rute dari L54 ke JL12A tidak Aktif,Kombinasi Tombol Rute dari L54 ke JL12A Aktif,1,1,,,perintah,SLO,133,15,1855
1857,SLO-L54-12A-RS,Route Stick dari L54 ke JL12A Bebas,Route Stick dari L54 ke JL12A Terbentuk,1,1,,,rute,SLO,134,0,1856
1858,SLO-L54-12A-S-REQ,Permintaan Rute Langsir dari L54 ke JL12A tidak Aktif,Permintaan Rute Langsir dari L54 ke JL12A Aktif,1,1,,,rute,SLO,134,1,1857
1859,SLO-L74-12A-CTRL,Kombinasi Tombol Rute dari L74 ke JL12A tidak Aktif,Kombinasi Tombol Rute dari L74 ke JL12A Aktif,1,1,,,perintah,SLO,134,2,1858
1860,SLO-L74-12A-RS,Route Stick dari L74 ke JL12A Bebas,Route Stick dari L74 ke JL12A Terbentuk,1,1,,,rute,SLO,134,3,1859
1861,SLO-L74-12A-S-REQ,Permintaan Rute Langsir dari L74 ke JL12A tidak Aktif,Permintaan Rute Langsir dari L74 ke JL12A Aktif,1,1,,,rute,SLO,134,4,1860
1862,SLO-L94-12A-CTRL,Kombinasi Tombol Rute dari L94 ke JL12A tidak Aktif,Kombinasi Tombol Rute dari L94 ke JL12A Aktif,1,1,,,perintah,SLO,134,5,1861
1863,SLO-L94-12A-RS,Route Stick dari L94 ke JL12A Bebas,Route Stick dari L94 ke JL12A Terbentuk,1,1,,,rute,SLO,134,6,1862
1864,SLO-L94-12A-S-REQ,Permintaan Rute Langsir dari L94 ke JL12A tidak Aktif,Permintaan Rute Langsir dari L94 ke JL12A Aktif,1,1,,,rute,SLO,134,7,1863
1865,SLO-JL192A-A20-CTRL,Kombinasi Tombol Rute dari JL192A ke A20 tidak Aktif,Kombinasi Tombol Rute dari JL192A ke A20 Aktif,1,1,,,perintah,SLO,134,8,1864
1866,SLO-JL192A-A20-RS,Route Stick dari JL192A ke A20 Bebas,Route Stick dari JL192A ke A20 Terbentuk,1,1,,,rute,SLO,134,9,1865
1867,SLO-JL192A-A20-E-REQ,Permintaan Rute Darurat dari JL192A ke A20 tidak Aktif,Permintaan Rute Darurat dari JL192A ke A20 Aktif,1,1,,,rute,SLO,134,10,1866
1868,SLO-JL192A-A20-E-RST-TE,,Rute Darurat dari JL192A ke A20 Timeout,1,1,,,rute,SLO,134,11,1867
1869,SLO-JL192A-A20-T-REQ,Permintaan Rute Normal dari JL192A ke A20 tidak Aktif,Permintaan Rute Normal dari JL192A ke A20 Aktif,1,1,,,rute,SLO,134,12,1868
1870,SLO-JL192A-A20-D-REQ,Permintaan Rute Langsung dari JL192A ke A20 tidak Aktif,Permintaan Rute Langsung dari JL192A ke A20 Aktif,1,1,,,rute,SLO,134,13,1869
1871,SLO-JL192A-A10-CF-CTRL,Kombinasi Tombol Rute Contra Flow dari JL192A ke A10 tidak Aktif,Kombinasi Tombol Rute Contra Flow dari JL192A ke A10 Aktif,1,1,,,perintah,SLO,134,14,1870
1872,SLO-JL192A-A10-CF-RS,Route Stick dari JL192A ke A10 Bebas,Route Stick dari JL192A ke A10 Terbentuk,1,1,,,rute,SLO,134,15,1871
1873,SLO-JL192A-A10-CF-E-REQ,Permintaan Rute Contraflow dari JL192A ke A10 tidak Aktif,Permintaan Rute Contraflow dari JL192A ke A10 Aktif,1,1,,,rute,SLO,135,0,1872
1874,SLO-JL192A-A10-CF-E-RST-TE,,Rute Contraflow dari JL192A ke A10 Timeout,1,1,,,rute,SLO,135,1,1873
1875,SLO-JL192A-31B1-CTRL,Kombinasi Tombol Rute dari JL192A ke L31B1 tidak Aktif,Kombinasi Tombol Rute dari JL192A ke L31B1 Aktif,1,1,,,perintah,SLO,135,2,1874
1876,SLO-JL192A-31B1-RS,Route Stick dari JL192A ke L31B1 Bebas,Route Stick dari JL192A ke L31B1 Terbentuk,1,1,,,rute,SLO,135,3,1875
1877,SLO-JL192A-31B1-S-REQ,Permintaan Rute Langsir dari JL192A ke L31B1 tidak Aktif,Permintaan Rute Langsir dari JL192A ke L31B1 Aktif,1,1,,,rute,SLO,135,4,1876
1878,SLO-JL192A-A130-CTRL,Kombinasi Tombol Rute dari JL192A ke A130 tidak Aktif,Kombinasi Tombol Rute dari JL192A ke A130 Aktif,1,1,,,perintah,SLO,135,5,1877
1879,SLO-JL192A-A130-RS,Route Stick dari JL192A ke A130 Bebas,Route Stick dari JL192A ke A130 Terbentuk,1,1,,,rute,SLO,135,6,1878
1880,SLO-JL192A-A130-E-REQ,Permintaan Rute Darurat dari JL192A ke A130 tidak Aktif,Permintaan Rute Darurat dari JL192A ke A130 Aktif,1,1,,,rute,SLO,135,7,1879
1881,SLO-JL192A-A130-E-RST-TE,,Rute Darurat dari JL192A ke A130 Timeout,1,1,,,rute,SLO,135,8,1880
1882,SLO-JL192A-A130-T-REQ,Permintaan Rute Normal dari JL192A ke A130 tidak Aktif,Permintaan Rute Normal dari JL192A ke A130 Aktif,1,1,,,rute,SLO,135,9,1881
1883,SLO-JL192A-A130-D-REQ,Permintaan Rute Langsung dari JL192A ke A130 tidak Aktif,Permintaan Rute Langsung dari JL192A ke A130 Aktif,1,1,,,rute,SLO,135,10,1882
1884,SLO-JL192A-X130-CTRL,Kombinasi Tombol Rute dari JL192A ke X130 tidak Aktif,Kombinasi Tombol Rute dari JL192A ke X130 Aktif,1,1,,,perintah,SLO,135,11,1883
1885,SLO-JL192A-X130-RS,Route Stick dari JL192A ke X130 Bebas,Route Stick dari JL192A ke X130 Terbentuk,1,1,,,rute,SLO,135,12,1884
1886,SLO-JL192A-X130-S-REQ,Permintaan Rute Langsir dari JL192A ke X130 tidak Aktif,Permintaan Rute Langsir dari JL192A ke X130 Aktif,1,1,,,rute,SLO,135,13,1885
1887,SLO-JL192B-133B-CTRL,Kombinasi Tombol Rute dari JL192B ke L133B tidak Aktif,Kombinasi Tombol Rute dari JL192B ke L133B Aktif,1,1,,,perintah,SLO,135,14,1886
1888,SLO-JL192B-133B-RS,Route Stick dari JL192B ke L133B Bebas,Route Stick dari JL192B ke L133B Terbentuk,1,1,,,rute,SLO,135,15,1887
1889,SLO-JL192B-133B-S-REQ,Permintaan Rute Langsir dari JL192B ke L133B tidak Aktif,Permintaan Rute Langsir dari JL192B ke L133B Aktif,1,1,,,rute,SLO,136,0,1888
1890,SLO-JL192B-X154-CTRL,Kombinasi Tombol Rute dari JL192B ke X154 tidak Aktif,Kombinasi Tombol Rute dari JL192B ke X154 Aktif,1,1,,,perintah,SLO,136,1,1889
1891,SLO-JL192B-X154-RS,Route Stick dari JL192B ke X154 Bebas,Route Stick dari JL192B ke X154 Terbentuk,1,1,,,rute,SLO,136,2,1890
1892,SLO-JL192B-X154-S-REQ,Permintaan Rute Langsir dari JL192B ke X154 tidak Aktif,Permintaan Rute Langsir dari JL192B ke X154 Aktif,1,1,,,rute,SLO,136,3,1891
1893,SLO-JL192B-X174A-CTRL,Kombinasi Tombol Rute dari JL192B ke X174A tidak Aktif,Kombinasi Tombol Rute dari JL192B ke X174A Aktif,1,1,,,perintah,SLO,136,4,1892
1894,SLO-JL192B-X174A-RS,Route Stick dari JL192B ke X174A Bebas,Route Stick dari JL192B ke X174A Terbentuk,1,1,,,rute,SLO,136,5,1893
1895,SLO-JL192B-X174A-S-REQ,Permintaan Rute Langsir dari JL192B ke X174A tidak Aktif,Permintaan Rute Langsir dari JL192B ke X174A Aktif,1,1,,,rute,SLO,136,6,1894
1896,SLO-JL192B-X174B-CTRL,Kombinasi Tombol Rute dari JL192B ke X174B tidak Aktif,Kombinasi Tombol Rute dari JL192B ke X174B Aktif,1,1,,,perintah,SLO,136,7,1895
1897,SLO-JL192B-X174B-RS,Route Stick dari JL192B ke X174B Bebas,Route Stick dari JL192B ke X174B Terbentuk,1,1,,,rute,SLO,136,8,1896
1898,SLO-JL192B-X174B-S-REQ,Permintaan Rute Langsir dari JL192B ke X174B tidak Aktif,Permintaan Rute Langsir dari JL192B ke X174B Aktif,1,1,,,rute,SLO,136,9,1897
1899,SLO-JL192B-A114-CF-CTRL,Kombinasi Tombol Rute Contra Flow dari JL192B ke A114 tidak Aktif,Kombinasi Tombol Rute Contra Flow dari JL192B ke A114 Aktif,1,1,,,perintah,SLO,136,10,1898
1900,SLO-JL192B-A114-CF-RS,Route Stick dari JL192B ke A114 Bebas,Route Stick dari JL192B ke A114 Terbentuk,1,1,,,rute,SLO,136,11,1899
1901,SLO-JL192B-A114-CF-E-REQ,Permintaan Rute Contraflow dari JL192B ke A114 tidak Aktif,Permintaan Rute Contraflow dari JL192B ke A114 Aktif,1,1,,,rute,SLO,136,12,1900
1902,SLO-JL192B-A114-CF-E-RST-TE,,Rute Contraflow dari JL192B ke A114 Timeout,1,1,,,rute,SLO,136,13,1901
1903,SLO-JL192B-A134-CTRL,Kombinasi Tombol Rute dari JL192B ke A134 tidak Aktif,Kombinasi Tombol Rute dari JL192B ke A134 Aktif,1,1,,,perintah,SLO,136,14,1902
1904,SLO-JL192B-A134-RS,Route Stick dari JL192B ke A134 Bebas,Route Stick dari JL192B ke A134 Terbentuk,1,1,,,rute,SLO,136,15,1903
1905,SLO-JL192B-A134-E-REQ,Permintaan Rute Darurat dari JL192B ke A134 tidak Aktif,Permintaan Rute Darurat dari JL192B ke A134 Aktif,1,1,,,rute,SLO,137,0,1904
1906,SLO-JL192B-A134-E-RST-TE,,Rute Darurat dari JL192B ke A134 Timeout,1,1,,,rute,SLO,137,1,1905
1907,SLO-JL192B-A134-T-REQ,Permintaan Rute Normal dari JL192B ke A134 tidak Aktif,Permintaan Rute Normal dari JL192B ke A134 Aktif,1,1,,,rute,SLO,137,2,1906
1908,SLO-L110-92B-CTRL,Kombinasi Tombol Rute dari L110 ke JL92B tidak Aktif,Kombinasi Tombol Rute dari L110 ke JL92B Aktif,1,1,,,perintah,SLO,137,3,1907
1909,SLO-L110-92B-RS,Route Stick dari L110 ke JL92B Bebas,Route Stick dari L110 ke JL92B Terbentuk,1,1,,,rute,SLO,137,4,1908
1910,SLO-L110-92B-S-REQ,Permintaan Rute Langsir dari L110 ke JL92B tidak Aktif,Permintaan Rute Langsir dari L110 ke JL92B Aktif,1,1,,,rute,SLO,137,5,1909
1911,SLO-L110-112B-CTRL,Kombinasi Tombol Rute dari L110 ke JL112B tidak Aktif,Kombinasi Tombol Rute dari L110 ke JL112B Aktif,1,1,,,perintah,SLO,137,6,1910
1912,SLO-L110-112B-RS,Route Stick dari L110 ke JL112B Bebas,Route Stick dari L110 ke JL112B Terbentuk,1,1,,,rute,SLO,137,7,1911
1913,SLO-L110-112B-S-REQ,Permintaan Rute Langsir dari L110 ke JL112B tidak Aktif,Permintaan Rute Langsir dari L110 ke JL112B Aktif,1,1,,,rute,SLO,137,8,1912
1914,SLO-L212-133B-CTRL,Kombinasi Tombol Rute dari L212 ke L133B tidak Aktif,Kombinasi Tombol Rute dari L212 ke L133B Aktif,1,1,,,perintah,SLO,137,9,1913
1915,SLO-L212-133B-RS,Route Stick dari L212 ke L133B Bebas,Route Stick dari L212 ke L133B Terbentuk,1,1,,,rute,SLO,137,10,1914
1916,SLO-L212-133B-S-REQ,Permintaan Rute Langsir dari L212 ke L133B tidak Aktif,Permintaan Rute Langsir dari L212 ke L133B Aktif,1,1,,,rute,SLO,137,11,1915
1917,SLO-L212-X154-CTRL,Kombinasi Tombol Rute dari L212 ke X154 tidak Aktif,Kombinasi Tombol Rute dari L212 ke X154 Aktif,1,1,,,perintah,SLO,137,12,1916
1918,SLO-L212-X154-RS,Route Stick dari L212 ke X154 Bebas,Route Stick dari L212 ke X154 Terbentuk,1,1,,,rute,SLO,137,13,1917
1919,SLO-L212-X154-S-REQ,Permintaan Rute Langsir dari L212 ke X154 tidak Aktif,Permintaan Rute Langsir dari L212 ke X154 Aktif,1,1,,,rute,SLO,137,14,1918
1920,SLO-L212-X174A-CTRL,Kombinasi Tombol Rute dari L212 ke X174A tidak Aktif,Kombinasi Tombol Rute dari L212 ke X174A Aktif,1,1,,,perintah,SLO,137,15,1919
1921,SLO-L212-X174A-RS,Route Stick dari L212 ke X174A Bebas,Route Stick dari L212 ke X174A Terbentuk,1,1,,,rute,SLO,138,0,1920
1922,SLO-L212-X174A-S-REQ,Permintaan Rute Langsir dari L212 ke X174A tidak Aktif,Permintaan Rute Langsir dari L212 ke X174A Aktif,1,1,,,rute,SLO,138,1,1921
1923,SLO-L212-X174B-CTRL,Kombinasi Tombol Rute dari L212 ke X174B tidak Aktif,Kombinasi Tombol Rute dari L212 ke X174B Aktif,1,1,,,perintah,SLO,138,2,1922
1924,SLO-L212-X174B-RS,Route Stick dari L212 ke X174B Bebas,Route Stick dari L212 ke X174B Terbentuk,1,1,,,rute,SLO,138,3,1923
1925,SLO-L212-X174B-S-REQ,Permintaan Rute Langsir dari L212 ke X174B tidak Aktif,Permintaan Rute Langsir dari L212 ke X174B Aktif,1,1,,,rute,SLO,138,4,1924
1926,SLO-L232-X174A-CTRL,Kombinasi Tombol Rute dari L232 ke X174A tidak Aktif,Kombinasi Tombol Rute dari L232 ke X174A Aktif,1,1,,,perintah,SLO,138,5,1925
1927,SLO-L232-X174A-RS,Route Stick dari L232 ke X174A Bebas,Route Stick dari L232 ke X174A Terbentuk,1,1,,,rute,SLO,138,6,1926
1928,SLO-L232-X174A-S-REQ,Permintaan Rute Langsir dari L232 ke X174A tidak Aktif,Permintaan Rute Langsir dari L232 ke X174A Aktif,1,1,,,rute,SLO,138,7,1927
1929,SLO-L232-X174B-CTRL,Kombinasi Tombol Rute dari L232 ke X174B tidak Aktif,Kombinasi Tombol Rute dari L232 ke X174B Aktif,1,1,,,perintah,SLO,138,8,1928
1930,SLO-L232-X174B-RS,Route Stick dari L232 ke X174B Bebas,Route Stick dari L232 ke X174B Terbentuk,1,1,,,rute,SLO,138,9,1929
1931,SLO-L232-X174B-S-REQ,Permintaan Rute Langsir dari L232 ke X174B tidak Aktif,Permintaan Rute Langsir dari L232 ke X174B Aktif,1,1,,,rute,SLO,138,10,1930
1932,SLO-L232-133B-CTRL,Kombinasi Tombol Rute dari L232 ke L133B tidak Aktif,Kombinasi Tombol Rute dari L232 ke L133B Aktif,1,1,,,perintah,SLO,138,11,1931
1933,SLO-L232-133B-RS,Route Stick dari L232 ke L133B Bebas,Route Stick dari L232 ke L133B Terbentuk,1,1,,,rute,SLO,138,12,1932
1934,SLO-L232-133B-S-REQ,Permintaan Rute Langsir dari L232 ke L133B tidak Aktif,Permintaan Rute Langsir dari L232 ke L133B Aktif,1,1,,,rute,SLO,138,13,1933
1935,SLO-L232-X154-CTRL,Kombinasi Tombol Rute dari L232 ke X154 tidak Aktif,Kombinasi Tombol Rute dari L232 ke X154 Aktif,1,1,,,perintah,SLO,138,14,1934
1936,SLO-L232-X154-RS,Route Stick dari L232 ke X154 Bebas,Route Stick dari L232 ke X154 Terbentuk,1,1,,,rute,SLO,138,15,1935
1937,SLO-L232-X154-S-REQ,Permintaan Rute Langsir dari L232 ke X154 tidak Aktif,Permintaan Rute Langsir dari L232 ke X154 Aktif,1,1,,,rute,SLO,139,0,1936
1938,SLO-J10-FF-TE,ECR Sinyal J10 Normal,Gangguan ECR Sinyal J10,1,1,1,0>1,sinyal,SLO,139,1,1937
1939,SLO-J10-EKR-DI,Intensitas Cahaya (EKR) Sinyal J10 Berkurang,Intensitas Cahaya (EKR) Sinyal J10 Normal,1,1,,,sinyal,SLO,139,2,1938
1940,SLO-J10-EK-TE,EKR Sinyal J10 Normal,Gangguan EKR Sinyal J10,1,1,1,0>1,sinyal,SLO,139,3,1939
1941,SLO-J10-I3-FF-TE,SECR Sinyal J10 Normal,Gangguan SECR Sinyal J10,1,1,1,0>1,sinyal,SLO,139,4,1940
1942,SLO-J10-DKR-DI,Intensitas Cahaya Aspek Direction (EKR) Sinyal J10 Berkurang,Intensitas Cahaya Aspek Direction (EKR) Sinyal J10 Normal,1,1,,,sinyal,SLO,139,5,1941
1943,SLO-J10-RK-TE,EKR Aspek Right Direction Sinyal J10 Normal,Gangguan EKR Aspek Right Direction Sinyal J10,1,1,1,0>1,sinyal,SLO,139,6,1942
1944,SLO-J10-RST-CTRL,Kombinasi Tombol Hapus Rute Sinyal Asal J10 tidak Aktif,Kombinasi Tombol Hapus Rute Sinyal Asal J10 Aktif,1,1,,,perintah,SLO,139,7,1943
1945,SLO-J10-E-CTRL,Kombinasi Tombol TSD dan J10 tidak Aktif,Kombinasi Tombol TSD dan J10 Aktif,1,1,,,perintah,SLO,139,8,1944
1946,SLO-J10-F-CTRL,Kombinasi Tombol TUR Sinyal J10 tidak Aktif,Kombinasi Tombol TUR Sinyal J10 Aktif,1,1,,,perintah,SLO,139,9,1945
1947,SLO-J10-F-RS,Route Stick TUR dari Sinyal J10 tidak Aktif,Route Stick TUR dari Sinyal J10 Aktif,1,1,,,Sinyal,SLO,139,10,1946
1948,SLO-J114-FF-TE,ECR Sinyal J114 Normal,Gangguan ECR Sinyal J114,1,1,1,0>1,sinyal,SLO,139,11,1947
1949,SLO-J114-EKR-DI,Intensitas Cahaya (EKR) Sinyal J114 Berkurang,Intensitas Cahaya (EKR) Sinyal J114 Normal,1,1,,,sinyal,SLO,139,12,1948
1950,SLO-J114-EK-TE,EKR Sinyal J114 Normal,Gangguan EKR Sinyal J114,1,1,1,0>1,sinyal,SLO,139,13,1949
1951,SLO-J114-I3-FF-TE,SECR Sinyal J114 Normal,Gangguan SECR Sinyal J114,1,1,1,0>1,sinyal,SLO,139,14,1950
1952,SLO-J114-DKR-DI,Intensitas Cahaya Aspek Direction (EKR) Sinyal J114 Berkurang,Intensitas Cahaya Aspek Direction (EKR) Sinyal J114 Normal,1,1,,,sinyal,SLO,139,15,1951
1953,SLO-J114-RK-TE,EKR Aspek Right Direction Sinyal J114 Normal,Gangguan EKR Aspek Right Direction Sinyal J114,1,1,1,0>1,sinyal,SLO,140,0,1952
1954,SLO-J114-RST-CTRL,Kombinasi Tombol Hapus Rute Sinyal Asal J114 tidak Aktif,Kombinasi Tombol Hapus Rute Sinyal Asal J114 Aktif,1,1,,,perintah,SLO,140,1,1953
1955,SLO-J114-E-CTRL,Kombinasi Tombol TSD dan J114 tidak Aktif,Kombinasi Tombol TSD dan J114 Aktif,1,1,,,perintah,SLO,140,2,1954
1956,SLO-J114-F-CTRL,Kombinasi Tombol TUR Sinyal J114 tidak Aktif,Kombinasi Tombol TUR Sinyal J114 Aktif,1,1,,,perintah,SLO,140,3,1955
1957,SLO-J114-F-RS,Route Stick TUR dari Sinyal J114 tidak Aktif,Route Stick TUR dari Sinyal J114 Aktif,1,1,,,Sinyal,SLO,140,4,1956
1958,SLO-J130-FF-TE,ECR Sinyal J130 Normal,Gangguan ECR Sinyal J130,1,1,1,0>1,sinyal,SLO,140,5,1957
1959,SLO-J130-EKR-DI,Intensitas Cahaya (EKR) Sinyal J130 Berkurang,Intensitas Cahaya (EKR) Sinyal J130 Normal,1,1,,,sinyal,SLO,140,6,1958
1960,SLO-J130-EK-TE,EKR Sinyal J130 Normal,Gangguan EKR Sinyal J130,1,1,1,0>1,sinyal,SLO,140,7,1959
1961,SLO-J130-I3-FF-TE,SECR Sinyal J130 Normal,Gangguan SECR Sinyal J130,1,1,1,0>1,sinyal,SLO,140,8,1960
1962,SLO-J130-DKR-DI,Intensitas Cahaya Aspek Direction (EKR) Sinyal J130 Berkurang,Intensitas Cahaya Aspek Direction (EKR) Sinyal J130 Normal,1,1,,,sinyal,SLO,140,9,1961
1963,SLO-J130-LK-TE,EKR Aspek Left Direction Sinyal J130 Normal,Gangguan EKR Aspek Left Direction Sinyal J130,1,1,1,0>1,sinyal,SLO,140,10,1962
1964,SLO-J130-RST-CTRL,Kombinasi Tombol Hapus Rute Sinyal Asal J130 tidak Aktif,Kombinasi Tombol Hapus Rute Sinyal Asal J130 Aktif,1,1,,,perintah,SLO,140,11,1963
1965,SLO-J130-E-CTRL,Kombinasi Tombol TSD dan J130 tidak Aktif,Kombinasi Tombol TSD dan J130 Aktif,1,1,,,perintah,SLO,140,12,1964
1966,SLO-J130-F-CTRL,Kombinasi Tombol TUR Sinyal J130 tidak Aktif,Kombinasi Tombol TUR Sinyal J130 Aktif,1,1,,,perintah,SLO,140,13,1965
1967,SLO-J130-F-RS,Route Stick TUR dari Sinyal J130 tidak Aktif,Route Stick TUR dari Sinyal J130 Aktif,1,1,,,Sinyal,SLO,140,14,1966
1968,SLO-J134-FF-TE,ECR Sinyal J134 Normal,Gangguan ECR Sinyal J134,1,1,1,0>1,sinyal,SLO,140,15,1967
1969,SLO-J134-EKR-DI,Intensitas Cahaya (EKR) Sinyal J134 Berkurang,Intensitas Cahaya (EKR) Sinyal J134 Normal,1,1,,,sinyal,SLO,141,0,1968
1970,SLO-J134-EK-TE,EKR Sinyal J134 Normal,Gangguan EKR Sinyal J134,1,1,1,0>1,sinyal,SLO,141,1,1969
1971,SLO-J134-RST-CTRL,Kombinasi Tombol Hapus Rute Sinyal Asal J134 tidak Aktif,Kombinasi Tombol Hapus Rute Sinyal Asal J134 Aktif,1,1,,,perintah,SLO,141,2,1970
1972,SLO-J134-E-CTRL,Kombinasi Tombol TSD dan J134 tidak Aktif,Kombinasi Tombol TSD dan J134 Aktif,1,1,,,perintah,SLO,141,3,1971
1973,SLO-J20-FF-TE,ECR Sinyal J20 Normal,Gangguan ECR Sinyal J20,1,1,1,0>1,sinyal,SLO,141,4,1972
1974,SLO-J20-EKR-DI,Intensitas Cahaya (EKR) Sinyal J20 Berkurang,Intensitas Cahaya (EKR) Sinyal J20 Normal,1,1,,,sinyal,SLO,141,5,1973
1975,SLO-J20-EK-TE,EKR Sinyal J20 Normal,Gangguan EKR Sinyal J20,1,1,1,0>1,sinyal,SLO,141,6,1974
1976,SLO-J20-RST-CTRL,Kombinasi Tombol Hapus Rute Sinyal Asal J20 tidak Aktif,Kombinasi Tombol Hapus Rute Sinyal Asal J20 Aktif,1,1,,,perintah,SLO,141,7,1975
1977,SLO-J20-E-CTRL,Kombinasi Tombol TSD dan J20 tidak Aktif,Kombinasi Tombol TSD dan J20 Aktif,1,1,,,perintah,SLO,141,8,1976
1978,SLO-JL112A-FF-TE,ECR Sinyal JL112A Normal,Gangguan ECR Sinyal JL112A,1,1,1,0>1,sinyal,SLO,141,9,1977
1979,SLO-JL112A-EKR-DI,Intensitas Cahaya (EKR) Sinyal JL112A Berkurang,Intensitas Cahaya (EKR) Sinyal JL112A Normal,1,1,,,sinyal,SLO,141,10,1978
1980,SLO-JL112A-EK-TE,EKR Sinyal JL112A Normal,Gangguan EKR Sinyal JL112A,1,1,1,0>1,sinyal,SLO,141,11,1979
1981,SLO-JL112A-CFEK-DI,Intensitas Cahaya (EKR) Aspek Contra Flow Sinyal JL112A Berkurang,Intensitas Cahaya (EKR) Aspek Contra Flow Sinyal JL112A Normal,1,1,,,sinyal,SLO,141,12,1980
1982,SLO-JL112A-CF-TE,EKR Aspek Contra Flow Sinyal JL112A Normal,Gangguan EKR Aspek Contra Flow Sinyal JL112A,1,1,1,0>1,sinyal,SLO,141,13,1981
1983,SLO-JL112A-DKR-DI,Intensitas Cahaya Aspek Direction (EKR) Sinyal JL112A Berkurang,Intensitas Cahaya Aspek Direction (EKR) Sinyal JL112A Normal,1,1,,,sinyal,SLO,141,14,1982
1984,SLO-JL112A-RK-TE,EKR Aspek Right Direction Sinyal JL112A Normal,Gangguan EKR Aspek Right Direction Sinyal JL112A,1,1,1,0>1,sinyal,SLO,141,15,1983
1985,SLO-JL112A-RST-CTRL,Kombinasi Tombol Hapus Rute Sinyal Asal JL112A tidak Aktif,Kombinasi Tombol Hapus Rute Sinyal Asal JL112A Aktif,1,1,,,perintah,SLO,142,0,1984
1986,SLO-JL112A-RRLSPB-CTRL,Kombinasi Tombol Hapus Rute Sinyal Tujuan JL112A tidak Aktif,Kombinasi Tombol Hapus Rute Sinyal Tujuan JL112A Aktif,1,1,,,perintah,SLO,142,1,1985
1987,SLO-JL112A-E-CTRL,Kombinasi Tombol TSD dan JL112A tidak Aktif,Kombinasi Tombol TSD dan JL112A Aktif,1,1,,,perintah,SLO,142,2,1986
1988,SLO-JL112B-FF-TE,ECR Sinyal JL112B Normal,Gangguan ECR Sinyal JL112B,1,1,1,0>1,sinyal,SLO,142,3,1987
1989,SLO-JL112B-EKR-DI,Intensitas Cahaya (EKR) Sinyal JL112B Berkurang,Intensitas Cahaya (EKR) Sinyal JL112B Normal,1,1,,,sinyal,SLO,142,4,1988
1990,SLO-JL112B-EK-TE,EKR Sinyal JL112B Normal,Gangguan EKR Sinyal JL112B,1,1,1,0>1,sinyal,SLO,142,5,1989
1991,SLO-JL112B-CFEK-DI,Intensitas Cahaya (EKR) Aspek Contra Flow Sinyal JL112B Berkurang,Intensitas Cahaya (EKR) Aspek Contra Flow Sinyal JL112B Normal,1,1,,,sinyal,SLO,142,6,1990
1992,SLO-JL112B-CF-TE,EKR Aspek Contra Flow Sinyal JL112B Normal,Gangguan EKR Aspek Contra Flow Sinyal JL112B,1,1,1,0>1,sinyal,SLO,142,7,1991
1993,SLO-JL112B-RST-CTRL,Kombinasi Tombol Hapus Rute Sinyal Asal JL112B tidak Aktif,Kombinasi Tombol Hapus Rute Sinyal Asal JL112B Aktif,1,1,,,perintah,SLO,142,8,1992
1994,SLO-JL112B-RRLSPB-CTRL,Kombinasi Tombol Hapus Rute Sinyal Tujuan JL112B tidak Aktif,Kombinasi Tombol Hapus Rute Sinyal Tujuan JL112B Aktif,1,1,,,perintah,SLO,142,9,1993
1995,SLO-JL112B-E-CTRL,Kombinasi Tombol TSD dan JL112B tidak Aktif,Kombinasi Tombol TSD dan JL112B Aktif,1,1,,,perintah,SLO,142,10,1994
1996,SLO-JL12A-FF-TE,ECR Sinyal JL12A Normal,Gangguan ECR Sinyal JL12A,1,1,1,0>1,sinyal,SLO,142,11,1995
1997,SLO-JL12A-EKR-DI,Intensitas Cahaya (EKR) Sinyal JL12A Berkurang,Intensitas Cahaya (EKR) Sinyal JL12A Normal,1,1,,,sinyal,SLO,142,12,1996
1998,SLO-JL12A-EK-TE,EKR Sinyal JL12A Normal,Gangguan EKR Sinyal JL12A,1,1,1,0>1,sinyal,SLO,142,13,1997
1999,SLO-JL12A-CFEK-DI,Intensitas Cahaya (EKR) Aspek Contra Flow Sinyal JL12A Berkurang,Intensitas Cahaya (EKR) Aspek Contra Flow Sinyal JL12A Normal,1,1,,,sinyal,SLO,142,14,1998
2000,SLO-JL12A-CF-TE,EKR Aspek Contra Flow Sinyal JL12A Normal,Gangguan EKR Aspek Contra Flow Sinyal JL12A,1,1,1,0>1,sinyal,SLO,142,15,1999
2001,SLO-JL12A-DKR-DI,Intensitas Cahaya Aspek Direction (EKR) Sinyal JL12A Berkurang,Intensitas Cahaya Aspek Direction (EKR) Sinyal JL12A Normal,1,1,,,sinyal,SLO,143,0,0
2002,SLO-JL12A-LK-TE,EKR Aspek Left Direction Sinyal JL12A Normal,Gangguan EKR Aspek Left Direction Sinyal JL12A,1,1,1,0>1,sinyal,SLO,143,1,1
2003,SLO-JL12A-RST-CTRL,Kombinasi Tombol Hapus Rute Sinyal Asal JL12A tidak Aktif,Kombinasi Tombol Hapus Rute Sinyal Asal JL12A Aktif,1,1,,,perintah,SLO,143,2,2
2004,SLO-JL12A-RRLSPB-CTRL,Kombinasi Tombol Hapus Rute Sinyal Tujuan JL12A tidak Aktif,Kombinasi Tombol Hapus Rute Sinyal Tujuan JL12A Aktif,1,1,,,perintah,SLO,143,3,3
2005,SLO-JL12A-E-CTRL,Kombinasi Tombol TSD dan JL12A tidak Aktif,Kombinasi Tombol TSD dan JL12A Aktif,1,1,,,perintah,SLO,143,4,4
2006,SLO-JL12B-FF-TE,ECR Sinyal JL12B Normal,Gangguan ECR Sinyal JL12B,1,1,1,0>1,sinyal,SLO,143,5,5
2007,SLO-JL12B-EKR-DI,Intensitas Cahaya (EKR) Sinyal JL12B Berkurang,Intensitas Cahaya (EKR) Sinyal JL12B Normal,1,1,,,sinyal,SLO,143,6,6
2008,SLO-JL12B-EK-TE,EKR Sinyal JL12B Normal,Gangguan EKR Sinyal JL12B,1,1,1,0>1,sinyal,SLO,143,7,7
2009,SLO-JL12B-RST-CTRL,Kombinasi Tombol Hapus Rute Sinyal Asal JL12B tidak Aktif,Kombinasi Tombol Hapus Rute Sinyal Asal JL12B Aktif,1,1,,,perintah,SLO,143,8,8
2010,SLO-JL12B-RRLSPB-CTRL,Kombinasi Tombol Hapus Rute Sinyal Tujuan JL12B tidak Aktif,Kombinasi Tombol Hapus Rute Sinyal Tujuan JL12B Aktif,1,1,,,perintah,SLO,143,9,9
2011,SLO-JL12B-E-CTRL,Kombinasi Tombol TSD dan JL12B tidak Aktif,Kombinasi Tombol TSD dan JL12B Aktif,1,1,,,perintah,SLO,143,10,10
2012,SLO-JL12B-F-CTRL,Kombinasi Tombol TUR Sinyal JL12B tidak Aktif,Kombinasi Tombol TUR Sinyal JL12B Aktif,1,1,,,perintah,SLO,143,11,11
2013,SLO-JL12B-F-RS,Route Stick TUR dari Sinyal JL12B tidak Aktif,Route Stick TUR dari Sinyal JL12B Aktif,1,1,,,Sinyal,SLO,143,12,12
2014,SLO-JL132A-FF-TE,ECR Sinyal JL132A Normal,Gangguan ECR Sinyal JL132A,1,1,1,0>1,sinyal,SLO,143,13,13
2015,SLO-JL132A-EKR-DI,Intensitas Cahaya (EKR) Sinyal JL132A Berkurang,Intensitas Cahaya (EKR) Sinyal JL132A Normal,1,1,,,sinyal,SLO,143,14,14
2016,SLO-JL132A-EK-TE,EKR Sinyal JL132A Normal,Gangguan EKR Sinyal JL132A,1,1,1,0>1,sinyal,SLO,143,15,15
2017,SLO-JL132A-I3-FF-TE,SECR Sinyal JL132A Normal,Gangguan SECR Sinyal JL132A,1,1,1,0>1,sinyal,SLO,144,0,16
2018,SLO-JL132A-DKR-DI,Intensitas Cahaya Aspek Direction (EKR) Sinyal JL132A Berkurang,Intensitas Cahaya Aspek Direction (EKR) Sinyal JL132A Normal,1,1,,,sinyal,SLO,144,1,17
2019,SLO-JL132A-RK-TE,EKR Aspek Right Direction Sinyal JL132A Normal,Gangguan EKR Aspek Right Direction Sinyal JL132A,1,1,1,0>1,sinyal,SLO,144,2,18
2020,SLO-JL132A-RST-CTRL,Kombinasi Tombol Hapus Rute Sinyal Asal JL132A tidak Aktif,Kombinasi Tombol Hapus Rute Sinyal Asal JL132A Aktif,1,1,,,perintah,SLO,144,3,19
2021,SLO-JL132A-RRLSPB-CTRL,Kombinasi Tombol Hapus Rute Sinyal Tujuan JL132A tidak Aktif,Kombinasi Tombol Hapus Rute Sinyal Tujuan JL132A Aktif,1,1,,,perintah,SLO,144,4,20
2022,SLO-JL132A-E-CTRL,Kombinasi Tombol TSD dan JL132A tidak Aktif,Kombinasi Tombol TSD dan JL132A Aktif,1,1,,,perintah,SLO,144,5,21
2023,SLO-JL132A-F-CTRL,Kombinasi Tombol TUR Sinyal JL132A tidak Aktif,Kombinasi Tombol TUR Sinyal JL132A Aktif,1,1,,,perintah,SLO,144,6,22
2024,SLO-JL132A-F-RS,Route Stick TUR dari Sinyal JL132A tidak Aktif,Route Stick TUR dari Sinyal JL132A Aktif,1,1,,,Sinyal,SLO,144,7,23
2025,SLO-JL132B-FF-TE,ECR Sinyal JL132B Normal,Gangguan ECR Sinyal JL132B,1,1,1,0>1,sinyal,SLO,144,8,24
2026,SLO-JL132B-EKR-DI,Intensitas Cahaya (EKR) Sinyal JL132B Berkurang,Intensitas Cahaya (EKR) Sinyal JL132B Normal,1,1,,,sinyal,SLO,144,9,25
2027,SLO-JL132B-EK-TE,EKR Sinyal JL132B Normal,Gangguan EKR Sinyal JL132B,1,1,1,0>1,sinyal,SLO,144,10,26
2028,SLO-JL132B-RST-CTRL,Kombinasi Tombol Hapus Rute Sinyal Asal JL132B tidak Aktif,Kombinasi Tombol Hapus Rute Sinyal Asal JL132B Aktif,1,1,,,perintah,SLO,144,11,27
2029,SLO-JL132B-RRLSPB-CTRL,Kombinasi Tombol Hapus Rute Sinyal Tujuan JL132B tidak Aktif,Kombinasi Tombol Hapus Rute Sinyal Tujuan JL132B Aktif,1,1,,,perintah,SLO,144,12,28
2030,SLO-JL132B-E-CTRL,Kombinasi Tombol TSD dan JL132B tidak Aktif,Kombinasi Tombol TSD dan JL132B Aktif,1,1,,,perintah,SLO,144,13,29
2031,SLO-JL132B-F-CTRL,Kombinasi Tombol TUR Sinyal JL132B tidak Aktif,Kombinasi Tombol TUR Sinyal JL132B Aktif,1,1,,,perintah,SLO,144,14,30
2032,SLO-JL132B-F-RS,Route Stick TUR dari Sinyal JL132B tidak Aktif,Route Stick TUR dari Sinyal JL132B Aktif,1,1,,,Sinyal,SLO,144,15,31
2033,SLO-JL152A-FF-TE,ECR Sinyal JL152A Normal,Gangguan ECR Sinyal JL152A,1,1,1,0>1,sinyal,SLO,145,0,32
2034,SLO-JL152A-EKR-DI,Intensitas Cahaya (EKR) Sinyal JL152A Berkurang,Intensitas Cahaya (EKR) Sinyal JL152A Normal,1,1,,,sinyal,SLO,145,1,33
2035,SLO-JL152A-EK-TE,EKR Sinyal JL152A Normal,Gangguan EKR Sinyal JL152A,1,1,1,0>1,sinyal,SLO,145,2,34
2036,SLO-JL152A-CFEK-DI,Intensitas Cahaya (EKR) Aspek Contra Flow Sinyal JL152A Berkurang,Intensitas Cahaya (EKR) Aspek Contra Flow Sinyal JL152A Normal,1,1,,,sinyal,SLO,145,3,35
2037,SLO-JL152A-CF-TE,EKR Aspek Contra Flow Sinyal JL152A Normal,Gangguan EKR Aspek Contra Flow Sinyal JL152A,1,1,1,0>1,sinyal,SLO,145,4,36
2038,SLO-JL152A-DKR-DI,Intensitas Cahaya Aspek Direction (EKR) Sinyal JL152A Berkurang,Intensitas Cahaya Aspek Direction (EKR) Sinyal JL152A Normal,1,1,,,sinyal,SLO,145,5,37
2039,SLO-JL152A-RK-TE,EKR Aspek Right Direction Sinyal JL152A Normal,Gangguan EKR Aspek Right Direction Sinyal JL152A,1,1,1,0>1,sinyal,SLO,145,6,38
2040,SLO-JL152A-RST-CTRL,Kombinasi Tombol Hapus Rute Sinyal Asal JL152A tidak Aktif,Kombinasi Tombol Hapus Rute Sinyal Asal JL152A Aktif,1,1,,,perintah,SLO,145,7,39
2041,SLO-JL152A-RRLSPB-CTRL,Kombinasi Tombol Hapus Rute Sinyal Tujuan JL152A tidak Aktif,Kombinasi Tombol Hapus Rute Sinyal Tujuan JL152A Aktif,1,1,,,perintah,SLO,145,8,40
2042,SLO-JL152A-E-CTRL,Kombinasi Tombol TSD dan JL152A tidak Aktif,Kombinasi Tombol TSD dan JL152A Aktif,1,1,,,perintah,SLO,145,9,41
2043,SLO-JL152B-FF-TE,ECR Sinyal JL152B Normal,Gangguan ECR Sinyal JL152B,1,1,1,0>1,sinyal,SLO,145,10,42
2044,SLO-JL152B-EKR-DI,Intensitas Cahaya (EKR) Sinyal JL152B Berkurang,Intensitas Cahaya (EKR) Sinyal JL152B Normal,1,1,,,sinyal,SLO,145,11,43
2045,SLO-JL152B-EK-TE,EKR Sinyal JL152B Normal,Gangguan EKR Sinyal JL152B,1,1,1,0>1,sinyal,SLO,145,12,44
2046,SLO-JL152B-CFEK-DI,Intensitas Cahaya (EKR) Aspek Contra Flow Sinyal JL152B Berkurang,Intensitas Cahaya (EKR) Aspek Contra Flow Sinyal JL152B Normal,1,1,,,sinyal,SLO,145,13,45
2047,SLO-JL152B-CF-TE,EKR Aspek Contra Flow Sinyal JL152B Normal,Gangguan EKR Aspek Contra Flow Sinyal JL152B,1,1,1,0>1,sinyal,SLO,145,14,46
2048,SLO-JL152B-RST-CTRL,Kombinasi Tombol Hapus Rute Sinyal Asal JL152B tidak Aktif,Kombinasi Tombol Hapus Rute Sinyal Asal JL152B Aktif,1,1,,,perintah,SLO,145,15,47
2049,SLO-JL152B-RRLSPB-CTRL,Kombinasi Tombol Hapus Rute Sinyal Tujuan JL152B tidak Aktif,Kombinasi Tombol Hapus Rute Sinyal Tujuan JL152B Aktif,1,1,,,perintah,SLO,146,0,48
2050,SLO-JL152B-E-CTRL,Kombinasi Tombol TSD dan JL152B tidak Aktif,Kombinasi Tombol TSD dan JL152B Aktif,1,1,,,perintah,SLO,146,1,49
2051,SLO-JL172A-FF-TE,ECR Sinyal JL172A Normal,Gangguan ECR Sinyal JL172A,1,1,1,0>1,sinyal,SLO,146,2,50
2052,SLO-JL172A-EKR-DI,Intensitas Cahaya (EKR) Sinyal JL172A Berkurang,Intensitas Cahaya (EKR) Sinyal JL172A Normal,1,1,,,sinyal,SLO,146,3,51
2053,SLO-JL172A-EK-TE,EKR Sinyal JL172A Normal,Gangguan EKR Sinyal JL172A,1,1,1,0>1,sinyal,SLO,146,4,52
2054,SLO-JL172A-CFEK-DI,Intensitas Cahaya (EKR) Aspek Contra Flow Sinyal JL172A Berkurang,Intensitas Cahaya (EKR) Aspek Contra Flow Sinyal JL172A Normal,1,1,,,sinyal,SLO,146,5,53
2055,SLO-JL172A-CF-TE,EKR Aspek Contra Flow Sinyal JL172A Normal,Gangguan EKR Aspek Contra Flow Sinyal JL172A,1,1,1,0>1,sinyal,SLO,146,6,54
2056,SLO-JL172A-DKR-DI,Intensitas Cahaya Aspek Direction (EKR) Sinyal JL172A Berkurang,Intensitas Cahaya Aspek Direction (EKR) Sinyal JL172A Normal,1,1,,,sinyal,SLO,146,7,55
2057,SLO-JL172A-RK-TE,EKR Aspek Right Direction Sinyal JL172A Normal,Gangguan EKR Aspek Right Direction Sinyal JL172A,1,1,1,0>1,sinyal,SLO,146,8,56
2058,SLO-JL172A-RST-CTRL,Kombinasi Tombol Hapus Rute Sinyal Asal JL172A tidak Aktif,Kombinasi Tombol Hapus Rute Sinyal Asal JL172A Aktif,1,1,,,perintah,SLO,146,9,57
2059,SLO-JL172A-RRLSPB-CTRL,Kombinasi Tombol Hapus Rute Sinyal Tujuan JL172A tidak Aktif,Kombinasi Tombol Hapus Rute Sinyal Tujuan JL172A Aktif,1,1,,,perintah,SLO,146,10,58
2060,SLO-JL172A-E-CTRL,Kombinasi Tombol TSD dan JL172A tidak Aktif,Kombinasi Tombol TSD dan JL172A Aktif,1,1,,,perintah,SLO,146,11,59
2061,SLO-JL172B-FF-TE,ECR Sinyal JL172B Normal,Gangguan ECR Sinyal JL172B,1,1,1,0>1,sinyal,SLO,146,12,60
2062,SLO-JL172B-EKR-DI,Intensitas Cahaya (EKR) Sinyal JL172B Berkurang,Intensitas Cahaya (EKR) Sinyal JL172B Normal,1,1,,,sinyal,SLO,146,13,61
2063,SLO-JL172B-EK-TE,EKR Sinyal JL172B Normal,Gangguan EKR Sinyal JL172B,1,1,1,0>1,sinyal,SLO,146,14,62
2064,SLO-JL172B-CFEK-DI,Intensitas Cahaya (EKR) Aspek Contra Flow Sinyal JL172B Berkurang,Intensitas Cahaya (EKR) Aspek Contra Flow Sinyal JL172B Normal,1,1,,,sinyal,SLO,146,15,63
2065,SLO-JL172B-CF-TE,EKR Aspek Contra Flow Sinyal JL172B Normal,Gangguan EKR Aspek Contra Flow Sinyal JL172B,1,1,1,0>1,sinyal,SLO,147,0,64
2066,SLO-JL172B-RST-CTRL,Kombinasi Tombol Hapus Rute Sinyal Asal JL172B tidak Aktif,Kombinasi Tombol Hapus Rute Sinyal Asal JL172B Aktif,1,1,,,perintah,SLO,147,1,65
2067,SLO-JL172B-RRLSPB-CTRL,Kombinasi Tombol Hapus Rute Sinyal Tujuan JL172B tidak Aktif,Kombinasi Tombol Hapus Rute Sinyal Tujuan JL172B Aktif,1,1,,,perintah,SLO,147,2,66
2068,SLO-JL172B-E-CTRL,Kombinasi Tombol TSD dan JL172B tidak Aktif,Kombinasi Tombol TSD dan JL172B Aktif,1,1,,,perintah,SLO,147,3,67
2069,SLO-JL192A-FF-TE,ECR Sinyal JL192A Normal,Gangguan ECR Sinyal JL192A,1,1,1,0>1,sinyal,SLO,147,4,68
2070,SLO-JL192A-EKR-DI,Intensitas Cahaya (EKR) Sinyal JL192A Berkurang,Intensitas Cahaya (EKR) Sinyal JL192A Normal,1,1,,,sinyal,SLO,147,5,69
2071,SLO-JL192A-EK-TE,EKR Sinyal JL192A Normal,Gangguan EKR Sinyal JL192A,1,1,1,0>1,sinyal,SLO,147,6,70
2072,SLO-JL192A-CFEK-DI,Intensitas Cahaya (EKR) Aspek Contra Flow Sinyal JL192A Berkurang,Intensitas Cahaya (EKR) Aspek Contra Flow Sinyal JL192A Normal,1,1,,,sinyal,SLO,147,7,71
2073,SLO-JL192A-CF-TE,EKR Aspek Contra Flow Sinyal JL192A Normal,Gangguan EKR Aspek Contra Flow Sinyal JL192A,1,1,1,0>1,sinyal,SLO,147,8,72
2074,SLO-JL192A-DKR-DI,Intensitas Cahaya Aspek Direction (EKR) Sinyal JL192A Berkurang,Intensitas Cahaya Aspek Direction (EKR) Sinyal JL192A Normal,1,1,,,sinyal,SLO,147,9,73
2075,SLO-JL192A-RK-TE,EKR Aspek Right Direction Sinyal JL192A Normal,Gangguan EKR Aspek Right Direction Sinyal JL192A,1,1,1,0>1,sinyal,SLO,147,10,74
2076,SLO-JL192A-RST-CTRL,Kombinasi Tombol Hapus Rute Sinyal Asal JL192A tidak Aktif,Kombinasi Tombol Hapus Rute Sinyal Asal JL192A Aktif,1,1,,,perintah,SLO,147,11,75
2077,SLO-JL192A-RRLSPB-CTRL,Kombinasi Tombol Hapus Rute Sinyal Tujuan JL192A tidak Aktif,Kombinasi Tombol Hapus Rute Sinyal Tujuan JL192A Aktif,1,1,,,perintah,SLO,147,12,76
2078,SLO-JL192A-E-CTRL,Kombinasi Tombol TSD dan JL192A tidak Aktif,Kombinasi Tombol TSD dan JL192A Aktif,1,1,,,perintah,SLO,147,13,77
2079,SLO-JL192B-FF-TE,ECR Sinyal JL192B Normal,Gangguan ECR Sinyal JL192B,1,1,1,0>1,sinyal,SLO,147,14,78
2080,SLO-JL192B-EKR-DI,Intensitas Cahaya (EKR) Sinyal JL192B Berkurang,Intensitas Cahaya (EKR) Sinyal JL192B Normal,1,1,,,sinyal,SLO,147,15,79
2081,SLO-JL192B-EK-TE,EKR Sinyal JL192B Normal,Gangguan EKR Sinyal JL192B,1,1,1,0>1,sinyal,SLO,148,0,80
2082,SLO-JL192B-CFEK-DI,Intensitas Cahaya (EKR) Aspek Contra Flow Sinyal JL192B Berkurang,Intensitas Cahaya (EKR) Aspek Contra Flow Sinyal JL192B Normal,1,1,,,sinyal,SLO,148,1,81
2083,SLO-JL192B-CF-TE,EKR Aspek Contra Flow Sinyal JL192B Normal,Gangguan EKR Aspek Contra Flow Sinyal JL192B,1,1,1,0>1,sinyal,SLO,148,2,82
2084,SLO-JL192B-RST-CTRL,Kombinasi Tombol Hapus Rute Sinyal Asal JL192B tidak Aktif,Kombinasi Tombol Hapus Rute Sinyal Asal JL192B Aktif,1,1,,,perintah,SLO,148,3,83
2085,SLO-JL192B-RRLSPB-CTRL,Kombinasi Tombol Hapus Rute Sinyal Tujuan JL192B tidak Aktif,Kombinasi Tombol Hapus Rute Sinyal Tujuan JL192B Aktif,1,1,,,perintah,SLO,148,4,84
2086,SLO-JL192B-E-CTRL,Kombinasi Tombol TSD dan JL192B tidak Aktif,Kombinasi Tombol TSD dan JL192B Aktif,1,1,,,perintah,SLO,148,5,85
2087,SLO-JL22A-FF-TE,ECR Sinyal JL22A Normal,Gangguan ECR Sinyal JL22A,1,1,1,0>1,sinyal,SLO,148,6,86
2088,SLO-JL22A-EKR-DI,Intensitas Cahaya (EKR) Sinyal JL22A Berkurang,Intensitas Cahaya (EKR) Sinyal JL22A Normal,1,1,,,sinyal,SLO,148,7,87
2089,SLO-JL22A-EK-TE,EKR Sinyal JL22A Normal,Gangguan EKR Sinyal JL22A,1,1,1,0>1,sinyal,SLO,148,8,88
2090,SLO-JL22A-I3-FF-TE,SECR Sinyal JL22A Normal,Gangguan SECR Sinyal JL22A,1,1,1,0>1,sinyal,SLO,148,9,89
2091,SLO-JL22A-DKR-DI,Intensitas Cahaya Aspek Direction (EKR) Sinyal JL22A Berkurang,Intensitas Cahaya Aspek Direction (EKR) Sinyal JL22A Normal,1,1,,,sinyal,SLO,148,10,90
2092,SLO-JL22A-LK-TE,EKR Aspek Left Direction Sinyal JL22A Normal,Gangguan EKR Aspek Left Direction Sinyal JL22A,1,1,1,0>1,sinyal,SLO,148,11,91
2093,SLO-JL22A-RST-CTRL,Kombinasi Tombol Hapus Rute Sinyal Asal JL22A tidak Aktif,Kombinasi Tombol Hapus Rute Sinyal Asal JL22A Aktif,1,1,,,perintah,SLO,148,12,92
2094,SLO-JL22A-RRLSPB-CTRL,Kombinasi Tombol Hapus Rute Sinyal Tujuan JL22A tidak Aktif,Kombinasi Tombol Hapus Rute Sinyal Tujuan JL22A Aktif,1,1,,,perintah,SLO,148,13,93
2095,SLO-JL22A-E-CTRL,Kombinasi Tombol TSD dan JL22A tidak Aktif,Kombinasi Tombol TSD dan JL22A Aktif,1,1,,,perintah,SLO,148,14,94
2096,SLO-JL22A-F-CTRL,Kombinasi Tombol TUR Sinyal JL22A tidak Aktif,Kombinasi Tombol TUR Sinyal JL22A Aktif,1,1,,,perintah,SLO,148,15,95
2097,SLO-JL22A-F-RS,Route Stick TUR dari Sinyal JL22A tidak Aktif,Route Stick TUR dari Sinyal JL22A Aktif,1,1,,,Sinyal,SLO,149,0,96
2098,SLO-JL22B-FF-TE,ECR Sinyal JL22B Normal,Gangguan ECR Sinyal JL22B,1,1,1,0>1,sinyal,SLO,149,1,97
2099,SLO-JL22B-EKR-DI,Intensitas Cahaya (EKR) Sinyal JL22B Berkurang,Intensitas Cahaya (EKR) Sinyal JL22B Normal,1,1,,,sinyal,SLO,149,2,98
2100,SLO-JL22B-EK-TE,EKR Sinyal JL22B Normal,Gangguan EKR Sinyal JL22B,1,1,1,0>1,sinyal,SLO,149,3,99
2101,SLO-JL22B-CFEK-DI,Intensitas Cahaya (EKR) Aspek Contra Flow Sinyal JL22B Berkurang,Intensitas Cahaya (EKR) Aspek Contra Flow Sinyal JL22B Normal,1,1,,,sinyal,SLO,149,4,100
2102,SLO-JL22B-CF-TE,EKR Aspek Contra Flow Sinyal JL22B Normal,Gangguan EKR Aspek Contra Flow Sinyal JL22B,1,1,1,0>1,sinyal,SLO,149,5,101
2103,SLO-JL22B-RST-CTRL,Kombinasi Tombol Hapus Rute Sinyal Asal JL22B tidak Aktif,Kombinasi Tombol Hapus Rute Sinyal Asal JL22B Aktif,1,1,,,perintah,SLO,149,6,102
2104,SLO-JL22B-RRLSPB-CTRL,Kombinasi Tombol Hapus Rute Sinyal Tujuan JL22B tidak Aktif,Kombinasi Tombol Hapus Rute Sinyal Tujuan JL22B Aktif,1,1,,,perintah,SLO,149,7,103
2105,SLO-JL22B-E-CTRL,Kombinasi Tombol TSD dan JL22B tidak Aktif,Kombinasi Tombol TSD dan JL22B Aktif,1,1,,,perintah,SLO,149,8,104
2106,SLO-JL42A-FF-TE,ECR Sinyal JL42A Normal,Gangguan ECR Sinyal JL42A,1,1,1,0>1,sinyal,SLO,149,9,105
2107,SLO-JL42A-EKR-DI,Intensitas Cahaya (EKR) Sinyal JL42A Berkurang,Intensitas Cahaya (EKR) Sinyal JL42A Normal,1,1,,,sinyal,SLO,149,10,106
2108,SLO-JL42A-EK-TE,EKR Sinyal JL42A Normal,Gangguan EKR Sinyal JL42A,1,1,1,0>1,sinyal,SLO,149,11,107
2109,SLO-JL42A-CFEK-DI,Intensitas Cahaya (EKR) Aspek Contra Flow Sinyal JL42A Berkurang,Intensitas Cahaya (EKR) Aspek Contra Flow Sinyal JL42A Normal,1,1,,,sinyal,SLO,149,12,108
2110,SLO-JL42A-CF-TE,EKR Aspek Contra Flow Sinyal JL42A Normal,Gangguan EKR Aspek Contra Flow Sinyal JL42A,1,1,1,0>1,sinyal,SLO,149,13,109
2111,SLO-JL42A-DKR-DI,Intensitas Cahaya Aspek Direction (EKR) Sinyal JL42A Berkurang,Intensitas Cahaya Aspek Direction (EKR) Sinyal JL42A Normal,1,1,,,sinyal,SLO,149,14,110
2112,SLO-JL42A-LK-TE,EKR Aspek Left Direction Sinyal JL42A Normal,Gangguan EKR Aspek Left Direction Sinyal JL42A,1,1,1,0>1,sinyal,SLO,149,15,111
2113,SLO-JL42A-RST-CTRL,Kombinasi Tombol Hapus Rute Sinyal Asal JL42A tidak Aktif,Kombinasi Tombol Hapus Rute Sinyal Asal JL42A Aktif,1,1,,,perintah,SLO,150,0,112
2114,SLO-JL42A-RRLSPB-CTRL,Kombinasi Tombol Hapus Rute Sinyal Tujuan JL42A tidak Aktif,Kombinasi Tombol Hapus Rute Sinyal Tujuan JL42A Aktif,1,1,,,perintah,SLO,150,1,113
2115,SLO-JL42A-E-CTRL,Kombinasi Tombol TSD dan JL42A tidak Aktif,Kombinasi Tombol TSD dan JL42A Aktif,1,1,,,perintah,SLO,150,2,114
2116,SLO-JL42B-FF-TE,ECR Sinyal JL42B Normal,Gangguan ECR Sinyal JL42B,1,1,1,0>1,sinyal,SLO,150,3,115
2117,SLO-JL42B-EKR-DI,Intensitas Cahaya (EKR) Sinyal JL42B Berkurang,Intensitas Cahaya (EKR) Sinyal JL42B Normal,1,1,,,sinyal,SLO,150,4,116
2118,SLO-JL42B-EK-TE,EKR Sinyal JL42B Normal,Gangguan EKR Sinyal JL42B,1,1,1,0>1,sinyal,SLO,150,5,117
2119,SLO-JL42B-CFEK-DI,Intensitas Cahaya (EKR) Aspek Contra Flow Sinyal JL42B Berkurang,Intensitas Cahaya (EKR) Aspek Contra Flow Sinyal JL42B Normal,1,1,,,sinyal,SLO,150,6,118
2120,SLO-JL42B-CF-TE,EKR Aspek Contra Flow Sinyal JL42B Normal,Gangguan EKR Aspek Contra Flow Sinyal JL42B,1,1,1,0>1,sinyal,SLO,150,7,119
2121,SLO-JL42B-RST-CTRL,Kombinasi Tombol Hapus Rute Sinyal Asal JL42B tidak Aktif,Kombinasi Tombol Hapus Rute Sinyal Asal JL42B Aktif,1,1,,,perintah,SLO,150,8,120
2122,SLO-JL42B-RRLSPB-CTRL,Kombinasi Tombol Hapus Rute Sinyal Tujuan JL42B tidak Aktif,Kombinasi Tombol Hapus Rute Sinyal Tujuan JL42B Aktif,1,1,,,perintah,SLO,150,9,121
2123,SLO-JL42B-E-CTRL,Kombinasi Tombol TSD dan JL42B tidak Aktif,Kombinasi Tombol TSD dan JL42B Aktif,1,1,,,perintah,SLO,150,10,122
2124,SLO-JL62A-FF-TE,ECR Sinyal JL62A Normal,Gangguan ECR Sinyal JL62A,1,1,1,0>1,sinyal,SLO,150,11,123
2125,SLO-JL62A-EKR-DI,Intensitas Cahaya (EKR) Sinyal JL62A Berkurang,Intensitas Cahaya (EKR) Sinyal JL62A Normal,1,1,,,sinyal,SLO,150,12,124
2126,SLO-JL62A-EK-TE,EKR Sinyal JL62A Normal,Gangguan EKR Sinyal JL62A,1,1,1,0>1,sinyal,SLO,150,13,125
2127,SLO-JL62A-CFEK-DI,Intensitas Cahaya (EKR) Aspek Contra Flow Sinyal JL62A Berkurang,Intensitas Cahaya (EKR) Aspek Contra Flow Sinyal JL62A Normal,1,1,,,sinyal,SLO,150,14,126
2128,SLO-JL62A-CF-TE,EKR Aspek Contra Flow Sinyal JL62A Normal,Gangguan EKR Aspek Contra Flow Sinyal JL62A,1,1,1,0>1,sinyal,SLO,150,15,127
2129,SLO-JL62A-DKR-DI,Intensitas Cahaya Aspek Direction (EKR) Sinyal JL62A Berkurang,Intensitas Cahaya Aspek Direction (EKR) Sinyal JL62A Normal,1,1,,,sinyal,SLO,151,0,128
2130,SLO-JL62A-LK-TE,EKR Aspek Left Direction Sinyal JL62A Normal,Gangguan EKR Aspek Left Direction Sinyal JL62A,1,1,1,0>1,sinyal,SLO,151,1,129
2131,SLO-JL62A-RST-CTRL,Kombinasi Tombol Hapus Rute Sinyal Asal JL62A tidak Aktif,Kombinasi Tombol Hapus Rute Sinyal Asal JL62A Aktif,1,1,,,perintah,SLO,151,2,130
2132,SLO-JL62A-RRLSPB-CTRL,Kombinasi Tombol Hapus Rute Sinyal Tujuan JL62A tidak Aktif,Kombinasi Tombol Hapus Rute Sinyal Tujuan JL62A Aktif,1,1,,,perintah,SLO,151,3,131
2133,SLO-JL62A-E-CTRL,Kombinasi Tombol TSD dan JL62A tidak Aktif,Kombinasi Tombol TSD dan JL62A Aktif,1,1,,,perintah,SLO,151,4,132
2134,SLO-JL62B-FF-TE,ECR Sinyal JL62B Normal,Gangguan ECR Sinyal JL62B,1,1,1,0>1,sinyal,SLO,151,5,133
2135,SLO-JL62B-EKR-DI,Intensitas Cahaya (EKR) Sinyal JL62B Berkurang,Intensitas Cahaya (EKR) Sinyal JL62B Normal,1,1,,,sinyal,SLO,151,6,134
2136,SLO-JL62B-EK-TE,EKR Sinyal JL62B Normal,Gangguan EKR Sinyal JL62B,1,1,1,0>1,sinyal,SLO,151,7,135
2137,SLO-JL62B-CFEK-DI,Intensitas Cahaya (EKR) Aspek Contra Flow Sinyal JL62B Berkurang,Intensitas Cahaya (EKR) Aspek Contra Flow Sinyal JL62B Normal,1,1,,,sinyal,SLO,151,8,136
2138,SLO-JL62B-CF-TE,EKR Aspek Contra Flow Sinyal JL62B Normal,Gangguan EKR Aspek Contra Flow Sinyal JL62B,1,1,1,0>1,sinyal,SLO,151,9,137
2139,SLO-JL62B-RST-CTRL,Kombinasi Tombol Hapus Rute Sinyal Asal JL62B tidak Aktif,Kombinasi Tombol Hapus Rute Sinyal Asal JL62B Aktif,1,1,,,perintah,SLO,151,10,138
2140,SLO-JL62B-RRLSPB-CTRL,Kombinasi Tombol Hapus Rute Sinyal Tujuan JL62B tidak Aktif,Kombinasi Tombol Hapus Rute Sinyal Tujuan JL62B Aktif,1,1,,,perintah,SLO,151,11,139
2141,SLO-JL62B-E-CTRL,Kombinasi Tombol TSD dan JL62B tidak Aktif,Kombinasi Tombol TSD dan JL62B Aktif,1,1,,,perintah,SLO,151,12,140
2142,SLO-JL92A-FF-TE,ECR Sinyal JL92A Normal,Gangguan ECR Sinyal JL92A,1,1,1,0>1,sinyal,SLO,151,13,141
2143,SLO-JL92A-EKR-DI,Intensitas Cahaya (EKR) Sinyal JL92A Berkurang,Intensitas Cahaya (EKR) Sinyal JL92A Normal,1,1,,,sinyal,SLO,151,14,142
2144,SLO-JL92A-EK-TE,EKR Sinyal JL92A Normal,Gangguan EKR Sinyal JL92A,1,1,1,0>1,sinyal,SLO,151,15,143
2145,SLO-JL92A-CFEK-DI,Intensitas Cahaya (EKR) Aspek Contra Flow Sinyal JL92A Berkurang,Intensitas Cahaya (EKR) Aspek Contra Flow Sinyal JL92A Normal,1,1,,,sinyal,SLO,152,0,144
2146,SLO-JL92A-CF-TE,EKR Aspek Contra Flow Sinyal JL92A Normal,Gangguan EKR Aspek Contra Flow Sinyal JL92A,1,1,1,0>1,sinyal,SLO,152,1,145
2147,SLO-JL92A-DKR-DI,Intensitas Cahaya Aspek Direction (EKR) Sinyal JL92A Berkurang,Intensitas Cahaya Aspek Direction (EKR) Sinyal JL92A Normal,1,1,,,sinyal,SLO,152,2,146
2148,SLO-JL92A-RK-TE,EKR Aspek Right Direction Sinyal JL92A Normal,Gangguan EKR Aspek Right Direction Sinyal JL92A,1,1,1,0>1,sinyal,SLO,152,3,147
2149,SLO-JL92A-RST-CTRL,Kombinasi Tombol Hapus Rute Sinyal Asal JL92A tidak Aktif,Kombinasi Tombol Hapus Rute Sinyal Asal JL92A Aktif,1,1,,,perintah,SLO,152,4,148
2150,SLO-JL92A-RRLSPB-CTRL,Kombinasi Tombol Hapus Rute Sinyal Tujuan JL92A tidak Aktif,Kombinasi Tombol Hapus Rute Sinyal Tujuan JL92A Aktif,1,1,,,perintah,SLO,152,5,149
2151,SLO-JL92A-E-CTRL,Kombinasi Tombol TSD dan JL92A tidak Aktif,Kombinasi Tombol TSD dan JL92A Aktif,1,1,,,perintah,SLO,152,6,150
2152,SLO-JL92B-FF-TE,ECR Sinyal JL92B Normal,Gangguan ECR Sinyal JL92B,1,1,1,0>1,sinyal,SLO,152,7,151
2153,SLO-JL92B-EKR-DI,Intensitas Cahaya (EKR) Sinyal JL92B Berkurang,Intensitas Cahaya (EKR) Sinyal JL92B Normal,1,1,,,sinyal,SLO,152,8,152
2154,SLO-JL92B-EK-TE,EKR Sinyal JL92B Normal,Gangguan EKR Sinyal JL92B,1,1,1,0>1,sinyal,SLO,152,9,153
2155,SLO-JL92B-CFEK-DI,Intensitas Cahaya (EKR) Aspek Contra Flow Sinyal JL92B Berkurang,Intensitas Cahaya (EKR) Aspek Contra Flow Sinyal JL92B Normal,1,1,,,sinyal,SLO,152,10,154
2156,SLO-JL92B-CF-TE,EKR Aspek Contra Flow Sinyal JL92B Normal,Gangguan EKR Aspek Contra Flow Sinyal JL92B,1,1,1,0>1,sinyal,SLO,152,11,155
2157,SLO-JL92B-RST-CTRL,Kombinasi Tombol Hapus Rute Sinyal Asal JL92B tidak Aktif,Kombinasi Tombol Hapus Rute Sinyal Asal JL92B Aktif,1,1,,,perintah,SLO,152,12,156
2158,SLO-JL92B-RRLSPB-CTRL,Kombinasi Tombol Hapus Rute Sinyal Tujuan JL92B tidak Aktif,Kombinasi Tombol Hapus Rute Sinyal Tujuan JL92B Aktif,1,1,,,perintah,SLO,152,13,157
2159,SLO-JL92B-E-CTRL,Kombinasi Tombol TSD dan JL92B tidak Aktif,Kombinasi Tombol TSD dan JL92B Aktif,1,1,,,perintah,SLO,152,14,158
2160,SLO-L11A-RST-CTRL,Kombinasi Tombol Hapus Rute Sinyal Asal L11A tidak Aktif,Kombinasi Tombol Hapus Rute Sinyal Asal L11A Aktif,1,1,,,perintah,SLO,152,15,159
2161,SLO-L11A-RRLSPB-CTRL,Kombinasi Tombol Hapus Rute Sinyal Tujuan L11A tidak Aktif,Kombinasi Tombol Hapus Rute Sinyal Tujuan L11A Aktif,1,1,,,perintah,SLO,153,0,160
2162,SLO-L11B-RST-CTRL,Kombinasi Tombol Hapus Rute Sinyal Asal L11B tidak Aktif,Kombinasi Tombol Hapus Rute Sinyal Asal L11B Aktif,1,1,,,perintah,SLO,153,1,161
2163,SLO-L11B-RRLSPB-CTRL,Kombinasi Tombol Hapus Rute Sinyal Tujuan L11B tidak Aktif,Kombinasi Tombol Hapus Rute Sinyal Tujuan L11B Aktif,1,1,,,perintah,SLO,153,2,162
2164,SLO-L130-RST-CTRL,Kombinasi Tombol Hapus Rute Sinyal Asal L130 tidak Aktif,Kombinasi Tombol Hapus Rute Sinyal Asal L130 Aktif,1,1,,,perintah,SLO,153,3,163
2165,SLO-L133A-RST-CTRL,Kombinasi Tombol Hapus Rute Sinyal Asal L133A tidak Aktif,Kombinasi Tombol Hapus Rute Sinyal Asal L133A Aktif,1,1,,,perintah,SLO,153,4,164
2166,SLO-L133A-RRLSPB-CTRL,Kombinasi Tombol Hapus Rute Sinyal Tujuan L133A tidak Aktif,Kombinasi Tombol Hapus Rute Sinyal Tujuan L133A Aktif,1,1,,,perintah,SLO,153,5,165
2167,SLO-L133B-RST-CTRL,Kombinasi Tombol Hapus Rute Sinyal Asal L133B tidak Aktif,Kombinasi Tombol Hapus Rute Sinyal Asal L133B Aktif,1,1,,,perintah,SLO,153,6,166
2168,SLO-L133B-RRLSPB-CTRL,Kombinasi Tombol Hapus Rute Sinyal Tujuan L133B tidak Aktif,Kombinasi Tombol Hapus Rute Sinyal Tujuan L133B Aktif,1,1,,,perintah,SLO,153,7,167
2169,SLO-L134-RST-CTRL,Kombinasi Tombol Hapus Rute Sinyal Asal L134 tidak Aktif,Kombinasi Tombol Hapus Rute Sinyal Asal L134 Aktif,1,1,,,perintah,SLO,153,8,168
2170,SLO-L154-RST-CTRL,Kombinasi Tombol Hapus Rute Sinyal Asal L154 tidak Aktif,Kombinasi Tombol Hapus Rute Sinyal Asal L154 Aktif,1,1,,,perintah,SLO,153,9,169
2171,SLO-L174A-RST-CTRL,Kombinasi Tombol Hapus Rute Sinyal Asal L174A tidak Aktif,Kombinasi Tombol Hapus Rute Sinyal Asal L174A Aktif,1,1,,,perintah,SLO,153,10,170
2172,SLO-L174B-RST-CTRL,Kombinasi Tombol Hapus Rute Sinyal Asal L174B tidak Aktif,Kombinasi Tombol Hapus Rute Sinyal Asal L174B Aktif,1,1,,,perintah,SLO,153,11,171
2173,SLO-L20-RST-CTRL,Kombinasi Tombol Hapus Rute Sinyal Asal L20 tidak Aktif,Kombinasi Tombol Hapus Rute Sinyal Asal L20 Aktif,1,1,,,perintah,SLO,153,12,172
2174,SLO-L212-RST-CTRL,Kombinasi Tombol Hapus Rute Sinyal Asal L212 tidak Aktif,Kombinasi Tombol Hapus Rute Sinyal Asal L212 Aktif,1,1,,,perintah,SLO,153,13,173
2175,SLO-L23-RST-CTRL,Kombinasi Tombol Hapus Rute Sinyal Asal L23 tidak Aktif,Kombinasi Tombol Hapus Rute Sinyal Asal L23 Aktif,1,1,,,perintah,SLO,153,14,174
2176,SLO-L232-RST-CTRL,Kombinasi Tombol Hapus Rute Sinyal Asal L232 tidak Aktif,Kombinasi Tombol Hapus Rute Sinyal Asal L232 Aktif,1,1,,,perintah,SLO,153,15,175
2177,SLO-L31A1-RST-CTRL,Kombinasi Tombol Hapus Rute Sinyal Asal L31A1 tidak Aktif,Kombinasi Tombol Hapus Rute Sinyal Asal L31A1 Aktif,1,1,,,perintah,SLO,154,0,176
2178,SLO-L31A1-RRLSPB-CTRL,Kombinasi Tombol Hapus Rute Sinyal Tujuan L31A1 tidak Aktif,Kombinasi Tombol Hapus Rute Sinyal Tujuan L31A1 Aktif,1,1,,,perintah,SLO,154,1,177
2179,SLO-L31A2-RST-CTRL,Kombinasi Tombol Hapus Rute Sinyal Asal L31A2 tidak Aktif,Kombinasi Tombol Hapus Rute Sinyal Asal L31A2 Aktif,1,1,,,perintah,SLO,154,2,178
2180,SLO-L31A2-RRLSPB-CTRL,Kombinasi Tombol Hapus Rute Sinyal Tujuan L31A2 tidak Aktif,Kombinasi Tombol Hapus Rute Sinyal Tujuan L31A2 Aktif,1,1,,,perintah,SLO,154,3,179
2181,SLO-L31B1-RST-CTRL,Kombinasi Tombol Hapus Rute Sinyal Asal L31B1 tidak Aktif,Kombinasi Tombol Hapus Rute Sinyal Asal L31B1 Aktif,1,1,,,perintah,SLO,154,4,180
2182,SLO-L31B1-RRLSPB-CTRL,Kombinasi Tombol Hapus Rute Sinyal Tujuan L31B1 tidak Aktif,Kombinasi Tombol Hapus Rute Sinyal Tujuan L31B1 Aktif,1,1,,,perintah,SLO,154,5,181
2183,SLO-L31B2-RST-CTRL,Kombinasi Tombol Hapus Rute Sinyal Asal L31B2 tidak Aktif,Kombinasi Tombol Hapus Rute Sinyal Asal L31B2 Aktif,1,1,,,perintah,SLO,154,6,182
2184,SLO-L31B2-RRLSPB-CTRL,Kombinasi Tombol Hapus Rute Sinyal Tujuan L31B2 tidak Aktif,Kombinasi Tombol Hapus Rute Sinyal Tujuan L31B2 Aktif,1,1,,,perintah,SLO,154,7,183
2185,SLO-L34-RST-CTRL,Kombinasi Tombol Hapus Rute Sinyal Asal L34 tidak Aktif,Kombinasi Tombol Hapus Rute Sinyal Asal L34 Aktif,1,1,,,perintah,SLO,154,8,184
2186,SLO-L44-RST-CTRL,Kombinasi Tombol Hapus Rute Sinyal Asal L44 tidak Aktif,Kombinasi Tombol Hapus Rute Sinyal Asal L44 Aktif,1,1,,,perintah,SLO,154,9,185
2187,SLO-L54-RST-CTRL,Kombinasi Tombol Hapus Rute Sinyal Asal L54 tidak Aktif,Kombinasi Tombol Hapus Rute Sinyal Asal L54 Aktif,1,1,,,perintah,SLO,154,10,186
2188,SLO-L74-RST-CTRL,Kombinasi Tombol Hapus Rute Sinyal Asal L74 tidak Aktif,Kombinasi Tombol Hapus Rute Sinyal Asal L74 Aktif,1,1,,,perintah,SLO,154,11,187
2189,SLO-L94-RST-CTRL,Kombinasi Tombol Hapus Rute Sinyal Asal L94 tidak Aktif,Kombinasi Tombol Hapus Rute Sinyal Asal L94 Aktif,1,1,,,perintah,SLO,154,12,188
2190,SLO-MJ114-FF-TE,ECR Sinyal MJ114 Normal,Gangguan ECR Sinyal MJ114,1,1,1,0>1,sinyal,SLO,154,13,189
2191,SLO-MJ114-EKR-DI,Intensitas Cahaya (EKR) Sinyal MJ114 Berkurang,Intensitas Cahaya (EKR) Sinyal MJ114 Normal,1,1,,,sinyal,SLO,154,14,190
2192,SLO-MJ114-EK-TE,EKR Sinyal MJ114 Normal,Gangguan EKR Sinyal MJ114,1,1,1,0>1,sinyal,SLO,154,15,191
2193,SLO-MJ130-FF-TE,ECR Sinyal MJ130 Normal,Gangguan ECR Sinyal MJ130,1,1,1,0>1,sinyal,SLO,155,0,192
2194,SLO-MJ130-EKR-DI,Intensitas Cahaya (EKR) Sinyal MJ130 Berkurang,Intensitas Cahaya (EKR) Sinyal MJ130 Normal,1,1,,,sinyal,SLO,155,1,193
2195,SLO-MJ130-EK-TE,EKR Sinyal MJ130 Normal,Gangguan EKR Sinyal MJ130,1,1,1,0>1,sinyal,SLO,155,2,194
2196,SLO-X130-RRLSPB-CTRL,Kombinasi Tombol Hapus Rute Sinyal Tujuan X130 tidak Aktif,Kombinasi Tombol Hapus Rute Sinyal Tujuan X130 Aktif,1,1,,,perintah,SLO,155,3,195
2197,SLO-X134-RRLSPB-CTRL,Kombinasi Tombol Hapus Rute Sinyal Tujuan X134 tidak Aktif,Kombinasi Tombol Hapus Rute Sinyal Tujuan X134 Aktif,1,1,,,perintah,SLO,155,4,196
2198,SLO-X154-RRLSPB-CTRL,Kombinasi Tombol Hapus Rute Sinyal Tujuan X154 tidak Aktif,Kombinasi Tombol Hapus Rute Sinyal Tujuan X154 Aktif,1,1,,,perintah,SLO,155,5,197
2199,SLO-X174A-RRLSPB-CTRL,Kombinasi Tombol Hapus Rute Sinyal Tujuan X174A tidak Aktif,Kombinasi Tombol Hapus Rute Sinyal Tujuan X174A Aktif,1,1,,,perintah,SLO,155,6,198
2200,SLO-X174B-RRLSPB-CTRL,Kombinasi Tombol Hapus Rute Sinyal Tujuan X174B tidak Aktif,Kombinasi Tombol Hapus Rute Sinyal Tujuan X174B Aktif,1,1,,,perintah,SLO,155,7,199
2201,SLO-X20-RRLSPB-CTRL,Kombinasi Tombol Hapus Rute Sinyal Tujuan X20 tidak Aktif,Kombinasi Tombol Hapus Rute Sinyal Tujuan X20 Aktif,1,1,,,perintah,SLO,155,8,200
2202,SLO-X212-RRLSPB-CTRL,Kombinasi Tombol Hapus Rute Sinyal Tujuan X212 tidak Aktif,Kombinasi Tombol Hapus Rute Sinyal Tujuan X212 Aktif,1,1,,,perintah,SLO,155,9,201
2203,SLO-X23-RRLSPB-CTRL,Kombinasi Tombol Hapus Rute Sinyal Tujuan X23 tidak Aktif,Kombinasi Tombol Hapus Rute Sinyal Tujuan X23 Aktif,1,1,,,perintah,SLO,155,10,202
2204,SLO-X232-RRLSPB-CTRL,Kombinasi Tombol Hapus Rute Sinyal Tujuan X232 tidak Aktif,Kombinasi Tombol Hapus Rute Sinyal Tujuan X232 Aktif,1,1,,,perintah,SLO,155,11,203
2205,SLO-X34-RRLSPB-CTRL,Kombinasi Tombol Hapus Rute Sinyal Tujuan X34 tidak Aktif,Kombinasi Tombol Hapus Rute Sinyal Tujuan X34 Aktif,1,1,,,perintah,SLO,155,12,204
2206,SLO-X44-RRLSPB-CTRL,Kombinasi Tombol Hapus Rute Sinyal Tujuan X44 tidak Aktif,Kombinasi Tombol Hapus Rute Sinyal Tujuan X44 Aktif,1,1,,,perintah,SLO,155,13,205
2207,SLO-X54-RRLSPB-CTRL,Kombinasi Tombol Hapus Rute Sinyal Tujuan X54 tidak Aktif,Kombinasi Tombol Hapus Rute Sinyal Tujuan X54 Aktif,1,1,,,perintah,SLO,155,14,206
2208,SLO-X74-RRLSPB-CTRL,Kombinasi Tombol Hapus Rute Sinyal Tujuan X74 tidak Aktif,Kombinasi Tombol Hapus Rute Sinyal Tujuan X74 Aktif,1,1,,,perintah,SLO,155,15,207
2209,SLO-X94-RRLSPB-CTRL,Kombinasi Tombol Hapus Rute Sinyal Tujuan X94 tidak Aktif,Kombinasi Tombol Hapus Rute Sinyal Tujuan X94 Aktif,1,1,,,perintah,SLO,156,0,208
2210,SLO-L110-RST-CTRL,Kombinasi Tombol Hapus Rute Sinyal Asal L110 tidak Aktif,Kombinasi Tombol Hapus Rute Sinyal Asal L110 Aktif,1,1,,,perintah,SLO,156,1,209
2211,SLO-X110-RRLSPB-CTRL,Kombinasi Tombol Hapus Rute Sinyal Tujuan X110 tidak Aktif,Kombinasi Tombol Hapus Rute Sinyal Tujuan X110 Aktif,1,1,,,perintah,SLO,156,2,210
2212,SLO-W11A/21A-N-REQ,Permintaan Wesel W11A/21A ke Arah Normal tidak Aktif,Permintaan Wesel W11A/21A ke Arah Normal Aktif,1,1,,,wesel,SLO,156,3,211
2213,SLO-W11A/21A-R-REQ,Permintaan Wesel W11A/21A ke Arah Reverse tidak Aktif,Permintaan Wesel W11A/21A ke Arah Reverse Aktif,1,1,,,wesel,SLO,156,4,212
2214,SLO-W11A/21A-SWINIT,Wesel W11A/21A  belum Terinisiasi,Wesel W11A/21A  sudah Terinisiasi,1,1,,,wesel,SLO,156,5,213
2215,SLO-W11A/21A-N-BLOCK,Wesel W11A/21A tidak Terkancing,Wesel W11A/21A Terkancing di Posisi Normal,1,1,,,wesel,SLO,156,6,214
2216,SLO-W11A/21A-R-BLOCK,Wesel W11A/21A tidak Terkancing,Wesel W11A/21A Terkancing di Posisi Reverse,1,1,,,wesel,SLO,156,7,215
2217,SLO-W11A/21A-N-FAIL,,,,,,,,SLO,156,8,216
2218,SLO-W11A/21A-R-FAIL,,,,,,,,SLO,156,9,217
2219,SLO-W11A/21A-BACK-TO-N,,Wesel W11A/21A  Terganjal di Reverse dan Kembali ke Posisi Normal,1,1,1,0>1,wesel,SLO,156,10,218
2220,SLO-W11A/21A-BACK-TO-R,,Wesel W11A/21A  Terganjal di Normal dan Kembali ke Posisi Reverse,1,1,1,0>1,wesel,SLO,156,11,219
2221,SLO-W11A/21A-TRAIL-CTRL,Kombinasi Tombol TWT dan Tombol Wesel W11A/21A tidak Aktif,Kombinasi Tombol TWT dan Tombol Wesel W11A/21A Aktif,1,1,,,perintah,SLO,156,12,220
2222,SLO-W11A/21A-CAL-CTRL,Kombinasi Tombol TKW dan Tombol Wesel W11A/21A tidak Aktif,Kombinasi Tombol TKW dan Tombol Wesel W11A/21A Aktif,1,1,,,perintah,SLO,156,13,221
2223,SLO-W11A/21A-SWRLSPB-CTRL,Kombinasi Tombol TBW dan Tombol Wesel W11A/21A tidak Aktif,Kombinasi Tombol TBW dan Tombol Wesel W11A/21A Aktif,1,1,,,perintah,SLO,156,14,222
2224,SLO-W11A/21A-B-CTRL,Kombinasi Tombol TKGW dan Tombol Wesel W11A/21A tidak Aktif,Kombinasi Tombol TKGW dan Tombol Wesel W11A/21A Aktif,1,1,,,perintah,SLO,156,15,223
2225,SLO-W11A/21A-RST-CTRL,Kombinasi Tombol TBKW dan Tombol Wesel W11A/21A tidak Aktif,Kombinasi Tombol TBKW dan Tombol Wesel W11A/21A Aktif,1,1,,,perintah,SLO,157,0,224
2226,SLO-W11A/21A-OOC,Wesel W11A/21A tidak Gangguan Deteksi,Wesel W11A/21A Gangguan Deteksi,1,1,1,0>1,wesel,SLO,157,1,225
2227,SLO-W111A/131D-N-REQ,Permintaan Wesel W111A/131D ke Arah Normal tidak Aktif,Permintaan Wesel W111A/131D ke Arah Normal Aktif,1,1,,,wesel,SLO,157,2,226
2228,SLO-W111A/131D-R-REQ,Permintaan Wesel W111A/131D ke Arah Reverse tidak Aktif,Permintaan Wesel W111A/131D ke Arah Reverse Aktif,1,1,,,wesel,SLO,157,3,227
2229,SLO-W111A/131D-SWINIT,Wesel W111A/131D  belum Terinisiasi,Wesel W111A/131D  sudah Terinisiasi,1,1,,,wesel,SLO,157,4,228
2230,SLO-W111A/131D-N-BLOCK,Wesel W111A/131D tidak Terkancing,Wesel W111A/131D Terkancing di Posisi Normal,1,1,,,wesel,SLO,157,5,229
2231,SLO-W111A/131D-R-BLOCK,Wesel W111A/131D tidak Terkancing,Wesel W111A/131D Terkancing di Posisi Reverse,1,1,,,wesel,SLO,157,6,230
2232,SLO-W111A/131D-N-FAIL,,,,,,,,SLO,157,7,231
2233,SLO-W111A/131D-R-FAIL,,,,,,,,SLO,157,8,232
2234,SLO-W111A/131D-BACK-TO-N,,Wesel W111A/131D  Terganjal di Reverse dan Kembali ke Posisi Normal,1,1,1,0>1,wesel,SLO,157,9,233
2235,SLO-W111A/131D-BACK-TO-R,,Wesel W111A/131D  Terganjal di Normal dan Kembali ke Posisi Reverse,1,1,1,0>1,wesel,SLO,157,10,234
2236,SLO-W111A/131D-TRAIL-CTRL,Kombinasi Tombol TWT dan Tombol Wesel W111A/131D tidak Aktif,Kombinasi Tombol TWT dan Tombol Wesel W111A/131D Aktif,1,1,,,perintah,SLO,157,11,235
2237,SLO-W111A/131D-CAL-CTRL,Kombinasi Tombol TKW dan Tombol Wesel W111A/131D tidak Aktif,Kombinasi Tombol TKW dan Tombol Wesel W111A/131D Aktif,1,1,,,perintah,SLO,157,12,236
2238,SLO-W111A/131D-SWRLSPB-CTRL,Kombinasi Tombol TBW dan Tombol Wesel W111A/131D tidak Aktif,Kombinasi Tombol TBW dan Tombol Wesel W111A/131D Aktif,1,1,,,perintah,SLO,157,13,237
2239,SLO-W111A/131D-B-CTRL,Kombinasi Tombol TKGW dan Tombol Wesel W111A/131D tidak Aktif,Kombinasi Tombol TKGW dan Tombol Wesel W111A/131D Aktif,1,1,,,perintah,SLO,157,14,238
2240,SLO-W111A/131D-RST-CTRL,Kombinasi Tombol TBKW dan Tombol Wesel W111A/131D tidak Aktif,Kombinasi Tombol TBKW dan Tombol Wesel W111A/131D Aktif,1,1,,,perintah,SLO,157,15,239
2241,SLO-W111A/131D-OOC,Wesel W111A/131D tidak Gangguan Deteksi,Wesel W111A/131D Gangguan Deteksi,1,1,1,0>1,wesel,SLO,158,0,240
2242,SLO-W111B-N-REQ,Permintaan Wesel W111B ke Arah Normal tidak Aktif,Permintaan Wesel W111B ke Arah Normal Aktif,1,1,,,wesel,SLO,158,1,241
2243,SLO-W111B-R-REQ,Permintaan Wesel W111B ke Arah Reverse tidak Aktif,Permintaan Wesel W111B ke Arah Reverse Aktif,1,1,,,wesel,SLO,158,2,242
2244,SLO-W111B-SWINIT,Wesel W111B  belum Terinisiasi,Wesel W111B  sudah Terinisiasi,1,1,,,wesel,SLO,158,3,243
2245,SLO-W111B-N-BLOCK,Wesel W111B tidak Terkancing,Wesel W111B Terkancing di Posisi Normal,1,1,,,wesel,SLO,158,4,244
2246,SLO-W111B-R-BLOCK,Wesel W111B tidak Terkancing,Wesel W111B Terkancing di Posisi Reverse,1,1,,,wesel,SLO,158,5,245
2247,SLO-W111B-N-FAIL,,,,,,,,SLO,158,6,246
2248,SLO-W111B-R-FAIL,,,,,,,,SLO,158,7,247
2249,SLO-W111B-BACK-TO-N,,Wesel W111B  Terganjal di Reverse dan Kembali ke Posisi Normal,1,1,1,0>1,wesel,SLO,158,8,248
2250,SLO-W111B-BACK-TO-R,,Wesel W111B  Terganjal di Normal dan Kembali ke Posisi Reverse,1,1,1,0>1,wesel,SLO,158,9,249
2251,SLO-W111B-TRAIL-CTRL,Kombinasi Tombol TWT dan Tombol Wesel W111B tidak Aktif,Kombinasi Tombol TWT dan Tombol Wesel W111B Aktif,1,1,,,perintah,SLO,158,10,250
2252,SLO-W111B-CAL-CTRL,Kombinasi Tombol TKW dan Tombol Wesel W111B tidak Aktif,Kombinasi Tombol TKW dan Tombol Wesel W111B Aktif,1,1,,,perintah,SLO,158,11,251
2253,SLO-W111B-SWRLSPB-CTRL,Kombinasi Tombol TBW dan Tombol Wesel W111B tidak Aktif,Kombinasi Tombol TBW dan Tombol Wesel W111B Aktif,1,1,,,perintah,SLO,158,12,252
2254,SLO-W111B-B-CTRL,Kombinasi Tombol TKGW dan Tombol Wesel W111B tidak Aktif,Kombinasi Tombol TKGW dan Tombol Wesel W111B Aktif,1,1,,,perintah,SLO,158,13,253
2255,SLO-W111B-RST-CTRL,Kombinasi Tombol TBKW dan Tombol Wesel W111B tidak Aktif,Kombinasi Tombol TBKW dan Tombol Wesel W111B Aktif,1,1,,,perintah,SLO,158,14,254
2256,SLO-W111B-OOC,Wesel W111B tidak Gangguan Deteksi,Wesel W111B Gangguan Deteksi,1,1,1,0>1,wesel,SLO,158,15,255
2257,SLO-W113A-N-REQ,Permintaan Wesel W113A ke Arah Normal tidak Aktif,Permintaan Wesel W113A ke Arah Normal Aktif,1,1,,,wesel,SLO,159,0,256
2258,SLO-W113A-R-REQ,Permintaan Wesel W113A ke Arah Reverse tidak Aktif,Permintaan Wesel W113A ke Arah Reverse Aktif,1,1,,,wesel,SLO,159,1,257
2259,SLO-W113A-SWINIT,Wesel W113A  belum Terinisiasi,Wesel W113A  sudah Terinisiasi,1,1,,,wesel,SLO,159,2,258
2260,SLO-W113A-N-BLOCK,Wesel W113A tidak Terkancing,Wesel W113A Terkancing di Posisi Normal,1,1,,,wesel,SLO,159,3,259
2261,SLO-W113A-R-BLOCK,Wesel W113A tidak Terkancing,Wesel W113A Terkancing di Posisi Reverse,1,1,,,wesel,SLO,159,4,260
2262,SLO-W113A-N-FAIL,,,,,,,,SLO,159,5,261
2263,SLO-W113A-R-FAIL,,,,,,,,SLO,159,6,262
2264,SLO-W113A-BACK-TO-N,,Wesel W113A  Terganjal di Reverse dan Kembali ke Posisi Normal,1,1,1,0>1,wesel,SLO,159,7,263
2265,SLO-W113A-BACK-TO-R,,Wesel W113A  Terganjal di Normal dan Kembali ke Posisi Reverse,1,1,1,0>1,wesel,SLO,159,8,264
2266,SLO-W113A-TRAIL-CTRL,Kombinasi Tombol TWT dan Tombol Wesel W113A tidak Aktif,Kombinasi Tombol TWT dan Tombol Wesel W113A Aktif,1,1,,,perintah,SLO,159,9,265
2267,SLO-W113A-CAL-CTRL,Kombinasi Tombol TKW dan Tombol Wesel W113A tidak Aktif,Kombinasi Tombol TKW dan Tombol Wesel W113A Aktif,1,1,,,perintah,SLO,159,10,266
2268,SLO-W113A-SWRLSPB-CTRL,Kombinasi Tombol TBW dan Tombol Wesel W113A tidak Aktif,Kombinasi Tombol TBW dan Tombol Wesel W113A Aktif,1,1,,,perintah,SLO,159,11,267
2269,SLO-W113A-B-CTRL,Kombinasi Tombol TKGW dan Tombol Wesel W113A tidak Aktif,Kombinasi Tombol TKGW dan Tombol Wesel W113A Aktif,1,1,,,perintah,SLO,159,12,268
2270,SLO-W113A-RST-CTRL,Kombinasi Tombol TBKW dan Tombol Wesel W113A tidak Aktif,Kombinasi Tombol TBKW dan Tombol Wesel W113A Aktif,1,1,,,perintah,SLO,159,13,269
2271,SLO-W113A-OOC,Wesel W113A tidak Gangguan Deteksi,Wesel W113A Gangguan Deteksi,1,1,1,0>1,wesel,SLO,159,14,270
2272,SLO-W113B-N-REQ,Permintaan Wesel W113B ke Arah Normal tidak Aktif,Permintaan Wesel W113B ke Arah Normal Aktif,1,1,,,wesel,SLO,159,15,271
2273,SLO-W113B-R-REQ,Permintaan Wesel W113B ke Arah Reverse tidak Aktif,Permintaan Wesel W113B ke Arah Reverse Aktif,1,1,,,wesel,SLO,160,0,272
2274,SLO-W113B-SWINIT,Wesel W113B  belum Terinisiasi,Wesel W113B  sudah Terinisiasi,1,1,,,wesel,SLO,160,1,273
2275,SLO-W113B-N-BLOCK,Wesel W113B tidak Terkancing,Wesel W113B Terkancing di Posisi Normal,1,1,,,wesel,SLO,160,2,274
2276,SLO-W113B-R-BLOCK,Wesel W113B tidak Terkancing,Wesel W113B Terkancing di Posisi Reverse,1,1,,,wesel,SLO,160,3,275
2277,SLO-W113B-N-FAIL,,,,,,,,SLO,160,4,276
2278,SLO-W113B-R-FAIL,,,,,,,,SLO,160,5,277
2279,SLO-W113B-BACK-TO-N,,Wesel W113B  Terganjal di Reverse dan Kembali ke Posisi Normal,1,1,1,0>1,wesel,SLO,160,6,278
2280,SLO-W113B-BACK-TO-R,,Wesel W113B  Terganjal di Normal dan Kembali ke Posisi Reverse,1,1,1,0>1,wesel,SLO,160,7,279
2281,SLO-W113B-TRAIL-CTRL,Kombinasi Tombol TWT dan Tombol Wesel W113B tidak Aktif,Kombinasi Tombol TWT dan Tombol Wesel W113B Aktif,1,1,,,perintah,SLO,160,8,280
2282,SLO-W113B-CAL-CTRL,Kombinasi Tombol TKW dan Tombol Wesel W113B tidak Aktif,Kombinasi Tombol TKW dan Tombol Wesel W113B Aktif,1,1,,,perintah,SLO,160,9,281
2283,SLO-W113B-SWRLSPB-CTRL,Kombinasi Tombol TBW dan Tombol Wesel W113B tidak Aktif,Kombinasi Tombol TBW dan Tombol Wesel W113B Aktif,1,1,,,perintah,SLO,160,10,282
2284,SLO-W113B-B-CTRL,Kombinasi Tombol TKGW dan Tombol Wesel W113B tidak Aktif,Kombinasi Tombol TKGW dan Tombol Wesel W113B Aktif,1,1,,,perintah,SLO,160,11,283
2285,SLO-W113B-RST-CTRL,Kombinasi Tombol TBKW dan Tombol Wesel W113B tidak Aktif,Kombinasi Tombol TBKW dan Tombol Wesel W113B Aktif,1,1,,,perintah,SLO,160,12,284
2286,SLO-W113B-OOC,Wesel W113B tidak Gangguan Deteksi,Wesel W113B Gangguan Deteksi,1,1,1,0>1,wesel,SLO,160,13,285
2287,SLO-W113C/133A-N-REQ,Permintaan Wesel W113C/133A ke Arah Normal tidak Aktif,Permintaan Wesel W113C/133A ke Arah Normal Aktif,1,1,,,wesel,SLO,160,14,286
2288,SLO-W113C/133A-R-REQ,Permintaan Wesel W113C/133A ke Arah Reverse tidak Aktif,Permintaan Wesel W113C/133A ke Arah Reverse Aktif,1,1,,,wesel,SLO,160,15,287
2289,SLO-W113C/133A-SWINIT,Wesel W113C/133A  belum Terinisiasi,Wesel W113C/133A  sudah Terinisiasi,1,1,,,wesel,SLO,161,0,288
2290,SLO-W113C/133A-N-BLOCK,Wesel W113C/133A tidak Terkancing,Wesel W113C/133A Terkancing di Posisi Normal,1,1,,,wesel,SLO,161,1,289
2291,SLO-W113C/133A-R-BLOCK,Wesel W113C/133A tidak Terkancing,Wesel W113C/133A Terkancing di Posisi Reverse,1,1,,,wesel,SLO,161,2,290
2292,SLO-W113C/133A-N-FAIL,,,,,,,,SLO,161,3,291
2293,SLO-W113C/133A-R-FAIL,,,,,,,,SLO,161,4,292
2294,SLO-W113C/133A-BACK-TO-N,,Wesel W113C/133A  Terganjal di Reverse dan Kembali ke Posisi Normal,1,1,1,0>1,wesel,SLO,161,5,293
2295,SLO-W113C/133A-BACK-TO-R,,Wesel W113C/133A  Terganjal di Normal dan Kembali ke Posisi Reverse,1,1,1,0>1,wesel,SLO,161,6,294
2296,SLO-W113C/133A-TRAIL-CTRL,Kombinasi Tombol TWT dan Tombol Wesel W113C/133A tidak Aktif,Kombinasi Tombol TWT dan Tombol Wesel W113C/133A Aktif,1,1,,,perintah,SLO,161,7,295
2297,SLO-W113C/133A-CAL-CTRL,Kombinasi Tombol TKW dan Tombol Wesel W113C/133A tidak Aktif,Kombinasi Tombol TKW dan Tombol Wesel W113C/133A Aktif,1,1,,,perintah,SLO,161,8,296
2298,SLO-W113C/133A-SWRLSPB-CTRL,Kombinasi Tombol TBW dan Tombol Wesel W113C/133A tidak Aktif,Kombinasi Tombol TBW dan Tombol Wesel W113C/133A Aktif,1,1,,,perintah,SLO,161,9,297
2299,SLO-W113C/133A-B-CTRL,Kombinasi Tombol TKGW dan Tombol Wesel W113C/133A tidak Aktif,Kombinasi Tombol TKGW dan Tombol Wesel W113C/133A Aktif,1,1,,,perintah,SLO,161,10,298
2300,SLO-W113C/133A-RST-CTRL,Kombinasi Tombol TBKW dan Tombol Wesel W113C/133A tidak Aktif,Kombinasi Tombol TBKW dan Tombol Wesel W113C/133A Aktif,1,1,,,perintah,SLO,161,11,299
2301,SLO-W113C/133A-OOC,Wesel W113C/133A tidak Gangguan Deteksi,Wesel W113C/133A Gangguan Deteksi,1,1,1,0>1,wesel,SLO,161,12,300
2302,SLO-W113D/133D-N-REQ,Permintaan Wesel W113D/133D ke Arah Normal tidak Aktif,Permintaan Wesel W113D/133D ke Arah Normal Aktif,1,1,,,wesel,SLO,161,13,301
2303,SLO-W113D/133D-R-REQ,Permintaan Wesel W113D/133D ke Arah Reverse tidak Aktif,Permintaan Wesel W113D/133D ke Arah Reverse Aktif,1,1,,,wesel,SLO,161,14,302
2304,SLO-W113D/133D-SWINIT,Wesel W113D/133D  belum Terinisiasi,Wesel W113D/133D  sudah Terinisiasi,1,1,,,wesel,SLO,161,15,303
2305,SLO-W113D/133D-N-BLOCK,Wesel W113D/133D tidak Terkancing,Wesel W113D/133D Terkancing di Posisi Normal,1,1,,,wesel,SLO,162,0,304
2306,SLO-W113D/133D-R-BLOCK,Wesel W113D/133D tidak Terkancing,Wesel W113D/133D Terkancing di Posisi Reverse,1,1,,,wesel,SLO,162,1,305
2307,SLO-W113D/133D-N-FAIL,,,,,,,,SLO,162,2,306
2308,SLO-W113D/133D-R-FAIL,,,,,,,,SLO,162,3,307
2309,SLO-W113D/133D-BACK-TO-N,,Wesel W113D/133D  Terganjal di Reverse dan Kembali ke Posisi Normal,1,1,1,0>1,wesel,SLO,162,4,308
2310,SLO-W113D/133D-BACK-TO-R,,Wesel W113D/133D  Terganjal di Normal dan Kembali ke Posisi Reverse,1,1,1,0>1,wesel,SLO,162,5,309
2311,SLO-W113D/133D-TRAIL-CTRL,Kombinasi Tombol TWT dan Tombol Wesel W113D/133D tidak Aktif,Kombinasi Tombol TWT dan Tombol Wesel W113D/133D Aktif,1,1,,,perintah,SLO,162,6,310
2312,SLO-W113D/133D-CAL-CTRL,Kombinasi Tombol TKW dan Tombol Wesel W113D/133D tidak Aktif,Kombinasi Tombol TKW dan Tombol Wesel W113D/133D Aktif,1,1,,,perintah,SLO,162,7,311
2313,SLO-W113D/133D-SWRLSPB-CTRL,Kombinasi Tombol TBW dan Tombol Wesel W113D/133D tidak Aktif,Kombinasi Tombol TBW dan Tombol Wesel W113D/133D Aktif,1,1,,,perintah,SLO,162,8,312
2314,SLO-W113D/133D-B-CTRL,Kombinasi Tombol TKGW dan Tombol Wesel W113D/133D tidak Aktif,Kombinasi Tombol TKGW dan Tombol Wesel W113D/133D Aktif,1,1,,,perintah,SLO,162,9,313
2315,SLO-W113D/133D-RST-CTRL,Kombinasi Tombol TBKW dan Tombol Wesel W113D/133D tidak Aktif,Kombinasi Tombol TBKW dan Tombol Wesel W113D/133D Aktif,1,1,,,perintah,SLO,162,10,314
2316,SLO-W113D/133D-OOC,Wesel W113D/133D tidak Gangguan Deteksi,Wesel W113D/133D Gangguan Deteksi,1,1,1,0>1,wesel,SLO,162,11,315
2317,SLO-W113E-N-REQ,Permintaan Wesel W113E ke Arah Normal tidak Aktif,Permintaan Wesel W113E ke Arah Normal Aktif,1,1,,,wesel,SLO,162,12,316
2318,SLO-W113E-R-REQ,Permintaan Wesel W113E ke Arah Reverse tidak Aktif,Permintaan Wesel W113E ke Arah Reverse Aktif,1,1,,,wesel,SLO,162,13,317
2319,SLO-W113E-SWINIT,Wesel W113E  belum Terinisiasi,Wesel W113E  sudah Terinisiasi,1,1,,,wesel,SLO,162,14,318
2320,SLO-W113E-N-BLOCK,Wesel W113E tidak Terkancing,Wesel W113E Terkancing di Posisi Normal,1,1,,,wesel,SLO,162,15,319
2321,SLO-W113E-R-BLOCK,Wesel W113E tidak Terkancing,Wesel W113E Terkancing di Posisi Reverse,1,1,,,wesel,SLO,163,0,320
2322,SLO-W113E-N-FAIL,,,,,,,,SLO,163,1,321
2323,SLO-W113E-R-FAIL,,,,,,,,SLO,163,2,322
2324,SLO-W113E-BACK-TO-N,,Wesel W113E  Terganjal di Reverse dan Kembali ke Posisi Normal,1,1,1,0>1,wesel,SLO,163,3,323
2325,SLO-W113E-BACK-TO-R,,Wesel W113E  Terganjal di Normal dan Kembali ke Posisi Reverse,1,1,1,0>1,wesel,SLO,163,4,324
2326,SLO-W113E-TRAIL-CTRL,Kombinasi Tombol TWT dan Tombol Wesel W113E tidak Aktif,Kombinasi Tombol TWT dan Tombol Wesel W113E Aktif,1,1,,,perintah,SLO,163,5,325
2327,SLO-W113E-CAL-CTRL,Kombinasi Tombol TKW dan Tombol Wesel W113E tidak Aktif,Kombinasi Tombol TKW dan Tombol Wesel W113E Aktif,1,1,,,perintah,SLO,163,6,326
2328,SLO-W113E-SWRLSPB-CTRL,Kombinasi Tombol TBW dan Tombol Wesel W113E tidak Aktif,Kombinasi Tombol TBW dan Tombol Wesel W113E Aktif,1,1,,,perintah,SLO,163,7,327
2329,SLO-W113E-B-CTRL,Kombinasi Tombol TKGW dan Tombol Wesel W113E tidak Aktif,Kombinasi Tombol TKGW dan Tombol Wesel W113E Aktif,1,1,,,perintah,SLO,163,8,328
2330,SLO-W113E-RST-CTRL,Kombinasi Tombol TBKW dan Tombol Wesel W113E tidak Aktif,Kombinasi Tombol TBKW dan Tombol Wesel W113E Aktif,1,1,,,perintah,SLO,163,9,329
2331,SLO-W113E-OOC,Wesel W113E tidak Gangguan Deteksi,Wesel W113E Gangguan Deteksi,1,1,1,0>1,wesel,SLO,163,10,330
2332,SLO-W113F/133E-N-REQ,Permintaan Wesel W113F/133E ke Arah Normal tidak Aktif,Permintaan Wesel W113F/133E ke Arah Normal Aktif,1,1,,,wesel,SLO,163,11,331
2333,SLO-W113F/133E-R-REQ,Permintaan Wesel W113F/133E ke Arah Reverse tidak Aktif,Permintaan Wesel W113F/133E ke Arah Reverse Aktif,1,1,,,wesel,SLO,163,12,332
2334,SLO-W113F/133E-SWINIT,Wesel W113F/133E  belum Terinisiasi,Wesel W113F/133E  sudah Terinisiasi,1,1,,,wesel,SLO,163,13,333
2335,SLO-W113F/133E-N-BLOCK,Wesel W113F/133E tidak Terkancing,Wesel W113F/133E Terkancing di Posisi Normal,1,1,,,wesel,SLO,163,14,334
2336,SLO-W113F/133E-R-BLOCK,Wesel W113F/133E tidak Terkancing,Wesel W113F/133E Terkancing di Posisi Reverse,1,1,,,wesel,SLO,163,15,335
2337,SLO-W113F/133E-N-FAIL,,,,,,,,SLO,164,0,336
2338,SLO-W113F/133E-R-FAIL,,,,,,,,SLO,164,1,337
2339,SLO-W113F/133E-BACK-TO-N,,Wesel W113F/133E  Terganjal di Reverse dan Kembali ke Posisi Normal,1,1,1,0>1,wesel,SLO,164,2,338
2340,SLO-W113F/133E-BACK-TO-R,,Wesel W113F/133E  Terganjal di Normal dan Kembali ke Posisi Reverse,1,1,1,0>1,wesel,SLO,164,3,339
2341,SLO-W113F/133E-TRAIL-CTRL,Kombinasi Tombol TWT dan Tombol Wesel W113F/133E tidak Aktif,Kombinasi Tombol TWT dan Tombol Wesel W113F/133E Aktif,1,1,,,perintah,SLO,164,4,340
2342,SLO-W113F/133E-CAL-CTRL,Kombinasi Tombol TKW dan Tombol Wesel W113F/133E tidak Aktif,Kombinasi Tombol TKW dan Tombol Wesel W113F/133E Aktif,1,1,,,perintah,SLO,164,5,341
2343,SLO-W113F/133E-SWRLSPB-CTRL,Kombinasi Tombol TBW dan Tombol Wesel W113F/133E tidak Aktif,Kombinasi Tombol TBW dan Tombol Wesel W113F/133E Aktif,1,1,,,perintah,SLO,164,6,342
2344,SLO-W113F/133E-B-CTRL,Kombinasi Tombol TKGW dan Tombol Wesel W113F/133E tidak Aktif,Kombinasi Tombol TKGW dan Tombol Wesel W113F/133E Aktif,1,1,,,perintah,SLO,164,7,343
2345,SLO-W113F/133E-RST-CTRL,Kombinasi Tombol TBKW dan Tombol Wesel W113F/133E tidak Aktif,Kombinasi Tombol TBKW dan Tombol Wesel W113F/133E Aktif,1,1,,,perintah,SLO,164,8,344
2346,SLO-W113F/133E-OOC,Wesel W113F/133E tidak Gangguan Deteksi,Wesel W113F/133E Gangguan Deteksi,1,1,1,0>1,wesel,SLO,164,9,345
2347,SLO-W113G-N-REQ,Permintaan Wesel W113G ke Arah Normal tidak Aktif,Permintaan Wesel W113G ke Arah Normal Aktif,1,1,,,wesel,SLO,164,10,346
2348,SLO-W113G-R-REQ,Permintaan Wesel W113G ke Arah Reverse tidak Aktif,Permintaan Wesel W113G ke Arah Reverse Aktif,1,1,,,wesel,SLO,164,11,347
2349,SLO-W113G-SWINIT,Wesel W113G  belum Terinisiasi,Wesel W113G  sudah Terinisiasi,1,1,,,wesel,SLO,164,12,348
2350,SLO-W113G-N-BLOCK,Wesel W113G tidak Terkancing,Wesel W113G Terkancing di Posisi Normal,1,1,,,wesel,SLO,164,13,349
2351,SLO-W113G-R-BLOCK,Wesel W113G tidak Terkancing,Wesel W113G Terkancing di Posisi Reverse,1,1,,,wesel,SLO,164,14,350
2352,SLO-W113G-N-FAIL,,,,,,,,SLO,164,15,351
2353,SLO-W113G-R-FAIL,,,,,,,,SLO,165,0,352
2354,SLO-W113G-BACK-TO-N,,Wesel W113G  Terganjal di Reverse dan Kembali ke Posisi Normal,1,1,1,0>1,wesel,SLO,165,1,353
2355,SLO-W113G-BACK-TO-R,,Wesel W113G  Terganjal di Normal dan Kembali ke Posisi Reverse,1,1,1,0>1,wesel,SLO,165,2,354
2356,SLO-W113G-TRAIL-CTRL,Kombinasi Tombol TWT dan Tombol Wesel W113G tidak Aktif,Kombinasi Tombol TWT dan Tombol Wesel W113G Aktif,1,1,,,perintah,SLO,165,3,355
2357,SLO-W113G-CAL-CTRL,Kombinasi Tombol TKW dan Tombol Wesel W113G tidak Aktif,Kombinasi Tombol TKW dan Tombol Wesel W113G Aktif,1,1,,,perintah,SLO,165,4,356
2358,SLO-W113G-SWRLSPB-CTRL,Kombinasi Tombol TBW dan Tombol Wesel W113G tidak Aktif,Kombinasi Tombol TBW dan Tombol Wesel W113G Aktif,1,1,,,perintah,SLO,165,5,357
2359,SLO-W113G-B-CTRL,Kombinasi Tombol TKGW dan Tombol Wesel W113G tidak Aktif,Kombinasi Tombol TKGW dan Tombol Wesel W113G Aktif,1,1,,,perintah,SLO,165,6,358
2360,SLO-W113G-RST-CTRL,Kombinasi Tombol TBKW dan Tombol Wesel W113G tidak Aktif,Kombinasi Tombol TBKW dan Tombol Wesel W113G Aktif,1,1,,,perintah,SLO,165,7,359
2361,SLO-W113G-OOC,Wesel W113G tidak Gangguan Deteksi,Wesel W113G Gangguan Deteksi,1,1,1,0>1,wesel,SLO,165,8,360
2362,SLO-W11B/21B-N-REQ,Permintaan Wesel W11B/21B ke Arah Normal tidak Aktif,Permintaan Wesel W11B/21B ke Arah Normal Aktif,1,1,,,wesel,SLO,165,9,361
2363,SLO-W11B/21B-R-REQ,Permintaan Wesel W11B/21B ke Arah Reverse tidak Aktif,Permintaan Wesel W11B/21B ke Arah Reverse Aktif,1,1,,,wesel,SLO,165,10,362
2364,SLO-W11B/21B-SWINIT,Wesel W11B/21B  belum Terinisiasi,Wesel W11B/21B  sudah Terinisiasi,1,1,,,wesel,SLO,165,11,363
2365,SLO-W11B/21B-N-BLOCK,Wesel W11B/21B tidak Terkancing,Wesel W11B/21B Terkancing di Posisi Normal,1,1,,,wesel,SLO,165,12,364
2366,SLO-W11B/21B-R-BLOCK,Wesel W11B/21B tidak Terkancing,Wesel W11B/21B Terkancing di Posisi Reverse,1,1,,,wesel,SLO,165,13,365
2367,SLO-W11B/21B-N-FAIL,,,,,,,,SLO,165,14,366
2368,SLO-W11B/21B-R-FAIL,,,,,,,,SLO,165,15,367
2369,SLO-W11B/21B-BACK-TO-N,,Wesel W11B/21B  Terganjal di Reverse dan Kembali ke Posisi Normal,1,1,1,0>1,wesel,SLO,166,0,368
2370,SLO-W11B/21B-BACK-TO-R,,Wesel W11B/21B  Terganjal di Normal dan Kembali ke Posisi Reverse,1,1,1,0>1,wesel,SLO,166,1,369
2371,SLO-W11B/21B-TRAIL-CTRL,Kombinasi Tombol TWT dan Tombol Wesel W11B/21B tidak Aktif,Kombinasi Tombol TWT dan Tombol Wesel W11B/21B Aktif,1,1,,,perintah,SLO,166,2,370
2372,SLO-W11B/21B-CAL-CTRL,Kombinasi Tombol TKW dan Tombol Wesel W11B/21B tidak Aktif,Kombinasi Tombol TKW dan Tombol Wesel W11B/21B Aktif,1,1,,,perintah,SLO,166,3,371
2373,SLO-W11B/21B-SWRLSPB-CTRL,Kombinasi Tombol TBW dan Tombol Wesel W11B/21B tidak Aktif,Kombinasi Tombol TBW dan Tombol Wesel W11B/21B Aktif,1,1,,,perintah,SLO,166,4,372
2374,SLO-W11B/21B-B-CTRL,Kombinasi Tombol TKGW dan Tombol Wesel W11B/21B tidak Aktif,Kombinasi Tombol TKGW dan Tombol Wesel W11B/21B Aktif,1,1,,,perintah,SLO,166,5,373
2375,SLO-W11B/21B-RST-CTRL,Kombinasi Tombol TBKW dan Tombol Wesel W11B/21B tidak Aktif,Kombinasi Tombol TBKW dan Tombol Wesel W11B/21B Aktif,1,1,,,perintah,SLO,166,6,374
2376,SLO-W11B/21B-OOC,Wesel W11B/21B tidak Gangguan Deteksi,Wesel W11B/21B Gangguan Deteksi,1,1,1,0>1,wesel,SLO,166,7,375
2377,SLO-W11C-N-REQ,Permintaan Wesel W11C ke Arah Normal tidak Aktif,Permintaan Wesel W11C ke Arah Normal Aktif,1,1,,,wesel,SLO,166,8,376
2378,SLO-W11C-R-REQ,Permintaan Wesel W11C ke Arah Reverse tidak Aktif,Permintaan Wesel W11C ke Arah Reverse Aktif,1,1,,,wesel,SLO,166,9,377
2379,SLO-W11C-SWINIT,Wesel W11C  belum Terinisiasi,Wesel W11C  sudah Terinisiasi,1,1,,,wesel,SLO,166,10,378
2380,SLO-W11C-N-BLOCK,Wesel W11C tidak Terkancing,Wesel W11C Terkancing di Posisi Normal,1,1,,,wesel,SLO,166,11,379
2381,SLO-W11C-R-BLOCK,Wesel W11C tidak Terkancing,Wesel W11C Terkancing di Posisi Reverse,1,1,,,wesel,SLO,166,12,380
2382,SLO-W11C-N-FAIL,,,,,,,,SLO,166,13,381
2383,SLO-W11C-R-FAIL,,,,,,,,SLO,166,14,382
2384,SLO-W11C-BACK-TO-N,,Wesel W11C  Terganjal di Reverse dan Kembali ke Posisi Normal,1,1,1,0>1,wesel,SLO,166,15,383
2385,SLO-W11C-BACK-TO-R,,Wesel W11C  Terganjal di Normal dan Kembali ke Posisi Reverse,1,1,1,0>1,wesel,SLO,167,0,384
2386,SLO-W11C-TRAIL-CTRL,Kombinasi Tombol TWT dan Tombol Wesel W11C tidak Aktif,Kombinasi Tombol TWT dan Tombol Wesel W11C Aktif,1,1,,,perintah,SLO,167,1,385
2387,SLO-W11C-CAL-CTRL,Kombinasi Tombol TKW dan Tombol Wesel W11C tidak Aktif,Kombinasi Tombol TKW dan Tombol Wesel W11C Aktif,1,1,,,perintah,SLO,167,2,386
2388,SLO-W11C-SWRLSPB-CTRL,Kombinasi Tombol TBW dan Tombol Wesel W11C tidak Aktif,Kombinasi Tombol TBW dan Tombol Wesel W11C Aktif,1,1,,,perintah,SLO,167,3,387
2389,SLO-W11C-B-CTRL,Kombinasi Tombol TKGW dan Tombol Wesel W11C tidak Aktif,Kombinasi Tombol TKGW dan Tombol Wesel W11C Aktif,1,1,,,perintah,SLO,167,4,388
2390,SLO-W11C-RST-CTRL,Kombinasi Tombol TBKW dan Tombol Wesel W11C tidak Aktif,Kombinasi Tombol TBKW dan Tombol Wesel W11C Aktif,1,1,,,perintah,SLO,167,5,389
2391,SLO-W11C-OOC,Wesel W11C tidak Gangguan Deteksi,Wesel W11C Gangguan Deteksi,1,1,1,0>1,wesel,SLO,167,6,390
2392,SLO-W11D-N-REQ,Permintaan Wesel W11D ke Arah Normal tidak Aktif,Permintaan Wesel W11D ke Arah Normal Aktif,1,1,,,wesel,SLO,167,7,391
2393,SLO-W11D-R-REQ,Permintaan Wesel W11D ke Arah Reverse tidak Aktif,Permintaan Wesel W11D ke Arah Reverse Aktif,1,1,,,wesel,SLO,167,8,392
2394,SLO-W11D-SWINIT,Wesel W11D  belum Terinisiasi,Wesel W11D  sudah Terinisiasi,1,1,,,wesel,SLO,167,9,393
2395,SLO-W11D-N-BLOCK,Wesel W11D tidak Terkancing,Wesel W11D Terkancing di Posisi Normal,1,1,,,wesel,SLO,167,10,394
2396,SLO-W11D-R-BLOCK,Wesel W11D tidak Terkancing,Wesel W11D Terkancing di Posisi Reverse,1,1,,,wesel,SLO,167,11,395
2397,SLO-W11D-N-FAIL,,,,,,,,SLO,167,12,396
2398,SLO-W11D-R-FAIL,,,,,,,,SLO,167,13,397
2399,SLO-W11D-BACK-TO-N,,Wesel W11D  Terganjal di Reverse dan Kembali ke Posisi Normal,1,1,1,0>1,wesel,SLO,167,14,398
2400,SLO-W11D-BACK-TO-R,,Wesel W11D  Terganjal di Normal dan Kembali ke Posisi Reverse,1,1,1,0>1,wesel,SLO,167,15,399
2401,SLO-W11D-TRAIL-CTRL,Kombinasi Tombol TWT dan Tombol Wesel W11D tidak Aktif,Kombinasi Tombol TWT dan Tombol Wesel W11D Aktif,1,1,,,perintah,SLO,168,0,400
2402,SLO-W11D-CAL-CTRL,Kombinasi Tombol TKW dan Tombol Wesel W11D tidak Aktif,Kombinasi Tombol TKW dan Tombol Wesel W11D Aktif,1,1,,,perintah,SLO,168,1,401
2403,SLO-W11D-SWRLSPB-CTRL,Kombinasi Tombol TBW dan Tombol Wesel W11D tidak Aktif,Kombinasi Tombol TBW dan Tombol Wesel W11D Aktif,1,1,,,perintah,SLO,168,2,402
2404,SLO-W11D-B-CTRL,Kombinasi Tombol TKGW dan Tombol Wesel W11D tidak Aktif,Kombinasi Tombol TKGW dan Tombol Wesel W11D Aktif,1,1,,,perintah,SLO,168,3,403
2405,SLO-W11D-RST-CTRL,Kombinasi Tombol TBKW dan Tombol Wesel W11D tidak Aktif,Kombinasi Tombol TBKW dan Tombol Wesel W11D Aktif,1,1,,,perintah,SLO,168,4,404
2406,SLO-W11D-OOC,Wesel W11D tidak Gangguan Deteksi,Wesel W11D Gangguan Deteksi,1,1,1,0>1,wesel,SLO,168,5,405
2407,SLO-W11E-N-REQ,Permintaan Wesel W11E ke Arah Normal tidak Aktif,Permintaan Wesel W11E ke Arah Normal Aktif,1,1,,,wesel,SLO,168,6,406
2408,SLO-W11E-R-REQ,Permintaan Wesel W11E ke Arah Reverse tidak Aktif,Permintaan Wesel W11E ke Arah Reverse Aktif,1,1,,,wesel,SLO,168,7,407
2409,SLO-W11E-SWINIT,Wesel W11E  belum Terinisiasi,Wesel W11E  sudah Terinisiasi,1,1,,,wesel,SLO,168,8,408
2410,SLO-W11E-N-BLOCK,Wesel W11E tidak Terkancing,Wesel W11E Terkancing di Posisi Normal,1,1,,,wesel,SLO,168,9,409
2411,SLO-W11E-R-BLOCK,Wesel W11E tidak Terkancing,Wesel W11E Terkancing di Posisi Reverse,1,1,,,wesel,SLO,168,10,410
2412,SLO-W11E-N-FAIL,,,,,,,,SLO,168,11,411
2413,SLO-W11E-R-FAIL,,,,,,,,SLO,168,12,412
2414,SLO-W11E-BACK-TO-N,,Wesel W11E  Terganjal di Reverse dan Kembali ke Posisi Normal,1,1,1,0>1,wesel,SLO,168,13,413
2415,SLO-W11E-BACK-TO-R,,Wesel W11E  Terganjal di Normal dan Kembali ke Posisi Reverse,1,1,1,0>1,wesel,SLO,168,14,414
2416,SLO-W11E-TRAIL-CTRL,Kombinasi Tombol TWT dan Tombol Wesel W11E tidak Aktif,Kombinasi Tombol TWT dan Tombol Wesel W11E Aktif,1,1,,,perintah,SLO,168,15,415
2417,SLO-W11E-CAL-CTRL,Kombinasi Tombol TKW dan Tombol Wesel W11E tidak Aktif,Kombinasi Tombol TKW dan Tombol Wesel W11E Aktif,1,1,,,perintah,SLO,169,0,416
2418,SLO-W11E-SWRLSPB-CTRL,Kombinasi Tombol TBW dan Tombol Wesel W11E tidak Aktif,Kombinasi Tombol TBW dan Tombol Wesel W11E Aktif,1,1,,,perintah,SLO,169,1,417
2419,SLO-W11E-B-CTRL,Kombinasi Tombol TKGW dan Tombol Wesel W11E tidak Aktif,Kombinasi Tombol TKGW dan Tombol Wesel W11E Aktif,1,1,,,perintah,SLO,169,2,418
2420,SLO-W11E-RST-CTRL,Kombinasi Tombol TBKW dan Tombol Wesel W11E tidak Aktif,Kombinasi Tombol TBKW dan Tombol Wesel W11E Aktif,1,1,,,perintah,SLO,169,3,419
2421,SLO-W11E-OOC,Wesel W11E tidak Gangguan Deteksi,Wesel W11E Gangguan Deteksi,1,1,1,0>1,wesel,SLO,169,4,420
2422,SLO-W11F/21C-N-REQ,Permintaan Wesel W11F/21C ke Arah Normal tidak Aktif,Permintaan Wesel W11F/21C ke Arah Normal Aktif,1,1,,,wesel,SLO,169,5,421
2423,SLO-W11F/21C-R-REQ,Permintaan Wesel W11F/21C ke Arah Reverse tidak Aktif,Permintaan Wesel W11F/21C ke Arah Reverse Aktif,1,1,,,wesel,SLO,169,6,422
2424,SLO-W11F/21C-SWINIT,Wesel W11F/21C  belum Terinisiasi,Wesel W11F/21C  sudah Terinisiasi,1,1,,,wesel,SLO,169,7,423
2425,SLO-W11F/21C-N-BLOCK,Wesel W11F/21C tidak Terkancing,Wesel W11F/21C Terkancing di Posisi Normal,1,1,,,wesel,SLO,169,8,424
2426,SLO-W11F/21C-R-BLOCK,Wesel W11F/21C tidak Terkancing,Wesel W11F/21C Terkancing di Posisi Reverse,1,1,,,wesel,SLO,169,9,425
2427,SLO-W11F/21C-N-FAIL,,,,,,,,SLO,169,10,426
2428,SLO-W11F/21C-R-FAIL,,,,,,,,SLO,169,11,427
2429,SLO-W11F/21C-BACK-TO-N,,Wesel W11F/21C  Terganjal di Reverse dan Kembali ke Posisi Normal,1,1,1,0>1,wesel,SLO,169,12,428
2430,SLO-W11F/21C-BACK-TO-R,,Wesel W11F/21C  Terganjal di Normal dan Kembali ke Posisi Reverse,1,1,1,0>1,wesel,SLO,169,13,429
2431,SLO-W11F/21C-TRAIL-CTRL,Kombinasi Tombol TWT dan Tombol Wesel W11F/21C tidak Aktif,Kombinasi Tombol TWT dan Tombol Wesel W11F/21C Aktif,1,1,,,perintah,SLO,169,14,430
2432,SLO-W11F/21C-CAL-CTRL,Kombinasi Tombol TKW dan Tombol Wesel W11F/21C tidak Aktif,Kombinasi Tombol TKW dan Tombol Wesel W11F/21C Aktif,1,1,,,perintah,SLO,169,15,431
2433,SLO-W11F/21C-SWRLSPB-CTRL,Kombinasi Tombol TBW dan Tombol Wesel W11F/21C tidak Aktif,Kombinasi Tombol TBW dan Tombol Wesel W11F/21C Aktif,1,1,,,perintah,SLO,170,0,432
2434,SLO-W11F/21C-B-CTRL,Kombinasi Tombol TKGW dan Tombol Wesel W11F/21C tidak Aktif,Kombinasi Tombol TKGW dan Tombol Wesel W11F/21C Aktif,1,1,,,perintah,SLO,170,1,433
2435,SLO-W11F/21C-RST-CTRL,Kombinasi Tombol TBKW dan Tombol Wesel W11F/21C tidak Aktif,Kombinasi Tombol TBKW dan Tombol Wesel W11F/21C Aktif,1,1,,,perintah,SLO,170,2,434
2436,SLO-W11F/21C-OOC,Wesel W11F/21C tidak Gangguan Deteksi,Wesel W11F/21C Gangguan Deteksi,1,1,1,0>1,wesel,SLO,170,3,435
2437,SLO-W131A-N-REQ,Permintaan Wesel W131A ke Arah Normal tidak Aktif,Permintaan Wesel W131A ke Arah Normal Aktif,1,1,,,wesel,SLO,170,4,436
2438,SLO-W131A-R-REQ,Permintaan Wesel W131A ke Arah Reverse tidak Aktif,Permintaan Wesel W131A ke Arah Reverse Aktif,1,1,,,wesel,SLO,170,5,437
2439,SLO-W131A-SWINIT,Wesel W131A  belum Terinisiasi,Wesel W131A  sudah Terinisiasi,1,1,,,wesel,SLO,170,6,438
2440,SLO-W131A-N-BLOCK,Wesel W131A tidak Terkancing,Wesel W131A Terkancing di Posisi Normal,1,1,,,wesel,SLO,170,7,439
2441,SLO-W131A-R-BLOCK,Wesel W131A tidak Terkancing,Wesel W131A Terkancing di Posisi Reverse,1,1,,,wesel,SLO,170,8,440
2442,SLO-W131A-N-FAIL,,,,,,,,SLO,170,9,441
2443,SLO-W131A-R-FAIL,,,,,,,,SLO,170,10,442
2444,SLO-W131A-BACK-TO-N,,Wesel W131A  Terganjal di Reverse dan Kembali ke Posisi Normal,1,1,1,0>1,wesel,SLO,170,11,443
2445,SLO-W131A-BACK-TO-R,,Wesel W131A  Terganjal di Normal dan Kembali ke Posisi Reverse,1,1,1,0>1,wesel,SLO,170,12,444
2446,SLO-W131A-TRAIL-CTRL,Kombinasi Tombol TWT dan Tombol Wesel W131A tidak Aktif,Kombinasi Tombol TWT dan Tombol Wesel W131A Aktif,1,1,,,perintah,SLO,170,13,445
2447,SLO-W131A-CAL-CTRL,Kombinasi Tombol TKW dan Tombol Wesel W131A tidak Aktif,Kombinasi Tombol TKW dan Tombol Wesel W131A Aktif,1,1,,,perintah,SLO,170,14,446
2448,SLO-W131A-SWRLSPB-CTRL,Kombinasi Tombol TBW dan Tombol Wesel W131A tidak Aktif,Kombinasi Tombol TBW dan Tombol Wesel W131A Aktif,1,1,,,perintah,SLO,170,15,447
2449,SLO-W131A-B-CTRL,Kombinasi Tombol TKGW dan Tombol Wesel W131A tidak Aktif,Kombinasi Tombol TKGW dan Tombol Wesel W131A Aktif,1,1,,,perintah,SLO,171,0,448
2450,SLO-W131A-RST-CTRL,Kombinasi Tombol TBKW dan Tombol Wesel W131A tidak Aktif,Kombinasi Tombol TBKW dan Tombol Wesel W131A Aktif,1,1,,,perintah,SLO,171,1,449
2451,SLO-W131A-OOC,Wesel W131A tidak Gangguan Deteksi,Wesel W131A Gangguan Deteksi,1,1,1,0>1,wesel,SLO,171,2,450
2452,SLO-W131B-N-REQ,Permintaan Wesel W131B ke Arah Normal tidak Aktif,Permintaan Wesel W131B ke Arah Normal Aktif,1,1,,,wesel,SLO,171,3,451
2453,SLO-W131B-R-REQ,Permintaan Wesel W131B ke Arah Reverse tidak Aktif,Permintaan Wesel W131B ke Arah Reverse Aktif,1,1,,,wesel,SLO,171,4,452
2454,SLO-W131B-SWINIT,Wesel W131B  belum Terinisiasi,Wesel W131B  sudah Terinisiasi,1,1,,,wesel,SLO,171,5,453
2455,SLO-W131B-N-BLOCK,Wesel W131B tidak Terkancing,Wesel W131B Terkancing di Posisi Normal,1,1,,,wesel,SLO,171,6,454
2456,SLO-W131B-R-BLOCK,Wesel W131B tidak Terkancing,Wesel W131B Terkancing di Posisi Reverse,1,1,,,wesel,SLO,171,7,455
2457,SLO-W131B-N-FAIL,,,,,,,,SLO,171,8,456
2458,SLO-W131B-R-FAIL,,,,,,,,SLO,171,9,457
2459,SLO-W131B-BACK-TO-N,,Wesel W131B  Terganjal di Reverse dan Kembali ke Posisi Normal,1,1,1,0>1,wesel,SLO,171,10,458
2460,SLO-W131B-BACK-TO-R,,Wesel W131B  Terganjal di Normal dan Kembali ke Posisi Reverse,1,1,1,0>1,wesel,SLO,171,11,459
2461,SLO-W131B-TRAIL-CTRL,Kombinasi Tombol TWT dan Tombol Wesel W131B tidak Aktif,Kombinasi Tombol TWT dan Tombol Wesel W131B Aktif,1,1,,,perintah,SLO,171,12,460
2462,SLO-W131B-CAL-CTRL,Kombinasi Tombol TKW dan Tombol Wesel W131B tidak Aktif,Kombinasi Tombol TKW dan Tombol Wesel W131B Aktif,1,1,,,perintah,SLO,171,13,461
2463,SLO-W131B-SWRLSPB-CTRL,Kombinasi Tombol TBW dan Tombol Wesel W131B tidak Aktif,Kombinasi Tombol TBW dan Tombol Wesel W131B Aktif,1,1,,,perintah,SLO,171,14,462
2464,SLO-W131B-B-CTRL,Kombinasi Tombol TKGW dan Tombol Wesel W131B tidak Aktif,Kombinasi Tombol TKGW dan Tombol Wesel W131B Aktif,1,1,,,perintah,SLO,171,15,463
2465,SLO-W131B-RST-CTRL,Kombinasi Tombol TBKW dan Tombol Wesel W131B tidak Aktif,Kombinasi Tombol TBKW dan Tombol Wesel W131B Aktif,1,1,,,perintah,SLO,172,0,464
2466,SLO-W131B-OOC,Wesel W131B tidak Gangguan Deteksi,Wesel W131B Gangguan Deteksi,1,1,1,0>1,wesel,SLO,172,1,465
2467,SLO-W131C-N-REQ,Permintaan Wesel W131C ke Arah Normal tidak Aktif,Permintaan Wesel W131C ke Arah Normal Aktif,1,1,,,wesel,SLO,172,2,466
2468,SLO-W131C-R-REQ,Permintaan Wesel W131C ke Arah Reverse tidak Aktif,Permintaan Wesel W131C ke Arah Reverse Aktif,1,1,,,wesel,SLO,172,3,467
2469,SLO-W131C-SWINIT,Wesel W131C  belum Terinisiasi,Wesel W131C  sudah Terinisiasi,1,1,,,wesel,SLO,172,4,468
2470,SLO-W131C-N-BLOCK,Wesel W131C tidak Terkancing,Wesel W131C Terkancing di Posisi Normal,1,1,,,wesel,SLO,172,5,469
2471,SLO-W131C-R-BLOCK,Wesel W131C tidak Terkancing,Wesel W131C Terkancing di Posisi Reverse,1,1,,,wesel,SLO,172,6,470
2472,SLO-W131C-N-FAIL,,,,,,,,SLO,172,7,471
2473,SLO-W131C-R-FAIL,,,,,,,,SLO,172,8,472
2474,SLO-W131C-BACK-TO-N,,Wesel W131C  Terganjal di Reverse dan Kembali ke Posisi Normal,1,1,1,0>1,wesel,SLO,172,9,473
2475,SLO-W131C-BACK-TO-R,,Wesel W131C  Terganjal di Normal dan Kembali ke Posisi Reverse,1,1,1,0>1,wesel,SLO,172,10,474
2476,SLO-W131C-TRAIL-CTRL,Kombinasi Tombol TWT dan Tombol Wesel W131C tidak Aktif,Kombinasi Tombol TWT dan Tombol Wesel W131C Aktif,1,1,,,perintah,SLO,172,11,475
2477,SLO-W131C-CAL-CTRL,Kombinasi Tombol TKW dan Tombol Wesel W131C tidak Aktif,Kombinasi Tombol TKW dan Tombol Wesel W131C Aktif,1,1,,,perintah,SLO,172,12,476
2478,SLO-W131C-SWRLSPB-CTRL,Kombinasi Tombol TBW dan Tombol Wesel W131C tidak Aktif,Kombinasi Tombol TBW dan Tombol Wesel W131C Aktif,1,1,,,perintah,SLO,172,13,477
2479,SLO-W131C-B-CTRL,Kombinasi Tombol TKGW dan Tombol Wesel W131C tidak Aktif,Kombinasi Tombol TKGW dan Tombol Wesel W131C Aktif,1,1,,,perintah,SLO,172,14,478
2480,SLO-W131C-RST-CTRL,Kombinasi Tombol TBKW dan Tombol Wesel W131C tidak Aktif,Kombinasi Tombol TBKW dan Tombol Wesel W131C Aktif,1,1,,,perintah,SLO,172,15,479
2481,SLO-W131C-OOC,Wesel W131C tidak Gangguan Deteksi,Wesel W131C Gangguan Deteksi,1,1,1,0>1,wesel,SLO,173,0,480
2482,SLO-W131E-N-REQ,Permintaan Wesel W131E ke Arah Normal tidak Aktif,Permintaan Wesel W131E ke Arah Normal Aktif,1,1,,,wesel,SLO,173,1,481
2483,SLO-W131E-R-REQ,Permintaan Wesel W131E ke Arah Reverse tidak Aktif,Permintaan Wesel W131E ke Arah Reverse Aktif,1,1,,,wesel,SLO,173,2,482
2484,SLO-W131E-SWINIT,Wesel W131E  belum Terinisiasi,Wesel W131E  sudah Terinisiasi,1,1,,,wesel,SLO,173,3,483
2485,SLO-W131E-N-BLOCK,Wesel W131E tidak Terkancing,Wesel W131E Terkancing di Posisi Normal,1,1,,,wesel,SLO,173,4,484
2486,SLO-W131E-R-BLOCK,Wesel W131E tidak Terkancing,Wesel W131E Terkancing di Posisi Reverse,1,1,,,wesel,SLO,173,5,485
2487,SLO-W131E-N-FAIL,,,,,,,,SLO,173,6,486
2488,SLO-W131E-R-FAIL,,,,,,,,SLO,173,7,487
2489,SLO-W131E-BACK-TO-N,,Wesel W131E  Terganjal di Reverse dan Kembali ke Posisi Normal,1,1,1,0>1,wesel,SLO,173,8,488
2490,SLO-W131E-BACK-TO-R,,Wesel W131E  Terganjal di Normal dan Kembali ke Posisi Reverse,1,1,1,0>1,wesel,SLO,173,9,489
2491,SLO-W131E-TRAIL-CTRL,Kombinasi Tombol TWT dan Tombol Wesel W131E tidak Aktif,Kombinasi Tombol TWT dan Tombol Wesel W131E Aktif,1,1,,,perintah,SLO,173,10,490
2492,SLO-W131E-CAL-CTRL,Kombinasi Tombol TKW dan Tombol Wesel W131E tidak Aktif,Kombinasi Tombol TKW dan Tombol Wesel W131E Aktif,1,1,,,perintah,SLO,173,11,491
2493,SLO-W131E-SWRLSPB-CTRL,Kombinasi Tombol TBW dan Tombol Wesel W131E tidak Aktif,Kombinasi Tombol TBW dan Tombol Wesel W131E Aktif,1,1,,,perintah,SLO,173,12,492
2494,SLO-W131E-B-CTRL,Kombinasi Tombol TKGW dan Tombol Wesel W131E tidak Aktif,Kombinasi Tombol TKGW dan Tombol Wesel W131E Aktif,1,1,,,perintah,SLO,173,13,493
2495,SLO-W131E-RST-CTRL,Kombinasi Tombol TBKW dan Tombol Wesel W131E tidak Aktif,Kombinasi Tombol TBKW dan Tombol Wesel W131E Aktif,1,1,,,perintah,SLO,173,14,494
2496,SLO-W131E-OOC,Wesel W131E tidak Gangguan Deteksi,Wesel W131E Gangguan Deteksi,1,1,1,0>1,wesel,SLO,173,15,495
2497,SLO-W133B/153B-N-REQ,Permintaan Wesel W133B/153B ke Arah Normal tidak Aktif,Permintaan Wesel W133B/153B ke Arah Normal Aktif,1,1,,,wesel,SLO,174,0,496
2498,SLO-W133B/153B-R-REQ,Permintaan Wesel W133B/153B ke Arah Reverse tidak Aktif,Permintaan Wesel W133B/153B ke Arah Reverse Aktif,1,1,,,wesel,SLO,174,1,497
2499,SLO-W133B/153B-SWINIT,Wesel W133B/153B  belum Terinisiasi,Wesel W133B/153B  sudah Terinisiasi,1,1,,,wesel,SLO,174,2,498
2500,SLO-W133B/153B-N-BLOCK,Wesel W133B/153B tidak Terkancing,Wesel W133B/153B Terkancing di Posisi Normal,1,1,,,wesel,SLO,174,3,499
2501,SLO-W133B/153B-R-BLOCK,Wesel W133B/153B tidak Terkancing,Wesel W133B/153B Terkancing di Posisi Reverse,1,1,,,wesel,SLO,174,4,500
2502,SLO-W133B/153B-N-FAIL,,,,,,,,SLO,174,5,501
2503,SLO-W133B/153B-R-FAIL,,,,,,,,SLO,174,6,502
2504,SLO-W133B/153B-BACK-TO-N,,Wesel W133B/153B  Terganjal di Reverse dan Kembali ke Posisi Normal,1,1,1,0>1,wesel,SLO,174,7,503
2505,SLO-W133B/153B-BACK-TO-R,,Wesel W133B/153B  Terganjal di Normal dan Kembali ke Posisi Reverse,1,1,1,0>1,wesel,SLO,174,8,504
2506,SLO-W133B/153B-TRAIL-CTRL,Kombinasi Tombol TWT dan Tombol Wesel W133B/153B tidak Aktif,Kombinasi Tombol TWT dan Tombol Wesel W133B/153B Aktif,1,1,,,perintah,SLO,174,9,505
2507,SLO-W133B/153B-CAL-CTRL,Kombinasi Tombol TKW dan Tombol Wesel W133B/153B tidak Aktif,Kombinasi Tombol TKW dan Tombol Wesel W133B/153B Aktif,1,1,,,perintah,SLO,174,10,506
2508,SLO-W133B/153B-SWRLSPB-CTRL,Kombinasi Tombol TBW dan Tombol Wesel W133B/153B tidak Aktif,Kombinasi Tombol TBW dan Tombol Wesel W133B/153B Aktif,1,1,,,perintah,SLO,174,11,507
2509,SLO-W133B/153B-B-CTRL,Kombinasi Tombol TKGW dan Tombol Wesel W133B/153B tidak Aktif,Kombinasi Tombol TKGW dan Tombol Wesel W133B/153B Aktif,1,1,,,perintah,SLO,174,12,508
2510,SLO-W133B/153B-RST-CTRL,Kombinasi Tombol TBKW dan Tombol Wesel W133B/153B tidak Aktif,Kombinasi Tombol TBKW dan Tombol Wesel W133B/153B Aktif,1,1,,,perintah,SLO,174,13,509
2511,SLO-W133B/153B-OOC,Wesel W133B/153B tidak Gangguan Deteksi,Wesel W133B/153B Gangguan Deteksi,1,1,1,0>1,wesel,SLO,174,14,510
2512,SLO-W133C/153D-N-REQ,Permintaan Wesel W133C/153D ke Arah Normal tidak Aktif,Permintaan Wesel W133C/153D ke Arah Normal Aktif,1,1,,,wesel,SLO,174,15,511
2513,SLO-W133C/153D-R-REQ,Permintaan Wesel W133C/153D ke Arah Reverse tidak Aktif,Permintaan Wesel W133C/153D ke Arah Reverse Aktif,1,1,,,wesel,SLO,175,0,512
2514,SLO-W133C/153D-SWINIT,Wesel W133C/153D  belum Terinisiasi,Wesel W133C/153D  sudah Terinisiasi,1,1,,,wesel,SLO,175,1,513
2515,SLO-W133C/153D-N-BLOCK,Wesel W133C/153D tidak Terkancing,Wesel W133C/153D Terkancing di Posisi Normal,1,1,,,wesel,SLO,175,2,514
2516,SLO-W133C/153D-R-BLOCK,Wesel W133C/153D tidak Terkancing,Wesel W133C/153D Terkancing di Posisi Reverse,1,1,,,wesel,SLO,175,3,515
2517,SLO-W133C/153D-N-FAIL,,,,,,,,SLO,175,4,516
2518,SLO-W133C/153D-R-FAIL,,,,,,,,SLO,175,5,517
2519,SLO-W133C/153D-BACK-TO-N,,Wesel W133C/153D  Terganjal di Reverse dan Kembali ke Posisi Normal,1,1,1,0>1,wesel,SLO,175,6,518
2520,SLO-W133C/153D-BACK-TO-R,,Wesel W133C/153D  Terganjal di Normal dan Kembali ke Posisi Reverse,1,1,1,0>1,wesel,SLO,175,7,519
2521,SLO-W133C/153D-TRAIL-CTRL,Kombinasi Tombol TWT dan Tombol Wesel W133C/153D tidak Aktif,Kombinasi Tombol TWT dan Tombol Wesel W133C/153D Aktif,1,1,,,perintah,SLO,175,8,520
2522,SLO-W133C/153D-CAL-CTRL,Kombinasi Tombol TKW dan Tombol Wesel W133C/153D tidak Aktif,Kombinasi Tombol TKW dan Tombol Wesel W133C/153D Aktif,1,1,,,perintah,SLO,175,9,521
2523,SLO-W133C/153D-SWRLSPB-CTRL,Kombinasi Tombol TBW dan Tombol Wesel W133C/153D tidak Aktif,Kombinasi Tombol TBW dan Tombol Wesel W133C/153D Aktif,1,1,,,perintah,SLO,175,10,522
2524,SLO-W133C/153D-B-CTRL,Kombinasi Tombol TKGW dan Tombol Wesel W133C/153D tidak Aktif,Kombinasi Tombol TKGW dan Tombol Wesel W133C/153D Aktif,1,1,,,perintah,SLO,175,11,523
2525,SLO-W133C/153D-RST-CTRL,Kombinasi Tombol TBKW dan Tombol Wesel W133C/153D tidak Aktif,Kombinasi Tombol TBKW dan Tombol Wesel W133C/153D Aktif,1,1,,,perintah,SLO,175,12,524
2526,SLO-W133C/153D-OOC,Wesel W133C/153D tidak Gangguan Deteksi,Wesel W133C/153D Gangguan Deteksi,1,1,1,0>1,wesel,SLO,175,13,525
2527,SLO-W13A-N-REQ,Permintaan Wesel W13A ke Arah Normal tidak Aktif,Permintaan Wesel W13A ke Arah Normal Aktif,1,1,,,wesel,SLO,175,14,526
2528,SLO-W13A-R-REQ,Permintaan Wesel W13A ke Arah Reverse tidak Aktif,Permintaan Wesel W13A ke Arah Reverse Aktif,1,1,,,wesel,SLO,175,15,527
2529,SLO-W13A-SWINIT,Wesel W13A  belum Terinisiasi,Wesel W13A  sudah Terinisiasi,1,1,,,wesel,SLO,176,0,528
2530,SLO-W13A-N-BLOCK,Wesel W13A tidak Terkancing,Wesel W13A Terkancing di Posisi Normal,1,1,,,wesel,SLO,176,1,529
2531,SLO-W13A-R-BLOCK,Wesel W13A tidak Terkancing,Wesel W13A Terkancing di Posisi Reverse,1,1,,,wesel,SLO,176,2,530
2532,SLO-W13A-N-FAIL,,,,,,,,SLO,176,3,531
2533,SLO-W13A-R-FAIL,,,,,,,,SLO,176,4,532
2534,SLO-W13A-BACK-TO-N,,Wesel W13A  Terganjal di Reverse dan Kembali ke Posisi Normal,1,1,1,0>1,wesel,SLO,176,5,533
2535,SLO-W13A-BACK-TO-R,,Wesel W13A  Terganjal di Normal dan Kembali ke Posisi Reverse,1,1,1,0>1,wesel,SLO,176,6,534
2536,SLO-W13A-TRAIL-CTRL,Kombinasi Tombol TWT dan Tombol Wesel W13A tidak Aktif,Kombinasi Tombol TWT dan Tombol Wesel W13A Aktif,1,1,,,perintah,SLO,176,7,535
2537,SLO-W13A-CAL-CTRL,Kombinasi Tombol TKW dan Tombol Wesel W13A tidak Aktif,Kombinasi Tombol TKW dan Tombol Wesel W13A Aktif,1,1,,,perintah,SLO,176,8,536
2538,SLO-W13A-SWRLSPB-CTRL,Kombinasi Tombol TBW dan Tombol Wesel W13A tidak Aktif,Kombinasi Tombol TBW dan Tombol Wesel W13A Aktif,1,1,,,perintah,SLO,176,9,537
2539,SLO-W13A-B-CTRL,Kombinasi Tombol TKGW dan Tombol Wesel W13A tidak Aktif,Kombinasi Tombol TKGW dan Tombol Wesel W13A Aktif,1,1,,,perintah,SLO,176,10,538
2540,SLO-W13A-RST-CTRL,Kombinasi Tombol TBKW dan Tombol Wesel W13A tidak Aktif,Kombinasi Tombol TBKW dan Tombol Wesel W13A Aktif,1,1,,,perintah,SLO,176,11,539
2541,SLO-W13A-OOC,Wesel W13A tidak Gangguan Deteksi,Wesel W13A Gangguan Deteksi,1,1,1,0>1,wesel,SLO,176,12,540
2542,SLO-W13B/23A-N-REQ,Permintaan Wesel W13B/23A ke Arah Normal tidak Aktif,Permintaan Wesel W13B/23A ke Arah Normal Aktif,1,1,,,wesel,SLO,176,13,541
2543,SLO-W13B/23A-R-REQ,Permintaan Wesel W13B/23A ke Arah Reverse tidak Aktif,Permintaan Wesel W13B/23A ke Arah Reverse Aktif,1,1,,,wesel,SLO,176,14,542
2544,SLO-W13B/23A-SWINIT,Wesel W13B/23A  belum Terinisiasi,Wesel W13B/23A  sudah Terinisiasi,1,1,,,wesel,SLO,176,15,543
2545,SLO-W13B/23A-N-BLOCK,Wesel W13B/23A tidak Terkancing,Wesel W13B/23A Terkancing di Posisi Normal,1,1,,,wesel,SLO,177,0,544
2546,SLO-W13B/23A-R-BLOCK,Wesel W13B/23A tidak Terkancing,Wesel W13B/23A Terkancing di Posisi Reverse,1,1,,,wesel,SLO,177,1,545
2547,SLO-W13B/23A-N-FAIL,,,,,,,,SLO,177,2,546
2548,SLO-W13B/23A-R-FAIL,,,,,,,,SLO,177,3,547
2549,SLO-W13B/23A-BACK-TO-N,,Wesel W13B/23A  Terganjal di Reverse dan Kembali ke Posisi Normal,1,1,1,0>1,wesel,SLO,177,4,548
2550,SLO-W13B/23A-BACK-TO-R,,Wesel W13B/23A  Terganjal di Normal dan Kembali ke Posisi Reverse,1,1,1,0>1,wesel,SLO,177,5,549
2551,SLO-W13B/23A-TRAIL-CTRL,Kombinasi Tombol TWT dan Tombol Wesel W13B/23A tidak Aktif,Kombinasi Tombol TWT dan Tombol Wesel W13B/23A Aktif,1,1,,,perintah,SLO,177,6,550
2552,SLO-W13B/23A-CAL-CTRL,Kombinasi Tombol TKW dan Tombol Wesel W13B/23A tidak Aktif,Kombinasi Tombol TKW dan Tombol Wesel W13B/23A Aktif,1,1,,,perintah,SLO,177,7,551
2553,SLO-W13B/23A-SWRLSPB-CTRL,Kombinasi Tombol TBW dan Tombol Wesel W13B/23A tidak Aktif,Kombinasi Tombol TBW dan Tombol Wesel W13B/23A Aktif,1,1,,,perintah,SLO,177,8,552
2554,SLO-W13B/23A-B-CTRL,Kombinasi Tombol TKGW dan Tombol Wesel W13B/23A tidak Aktif,Kombinasi Tombol TKGW dan Tombol Wesel W13B/23A Aktif,1,1,,,perintah,SLO,177,9,553
2555,SLO-W13B/23A-RST-CTRL,Kombinasi Tombol TBKW dan Tombol Wesel W13B/23A tidak Aktif,Kombinasi Tombol TBKW dan Tombol Wesel W13B/23A Aktif,1,1,,,perintah,SLO,177,10,554
2556,SLO-W13B/23A-OOC,Wesel W13B/23A tidak Gangguan Deteksi,Wesel W13B/23A Gangguan Deteksi,1,1,1,0>1,wesel,SLO,177,11,555
2557,SLO-W13C/23C-N-REQ,Permintaan Wesel W13C/23C ke Arah Normal tidak Aktif,Permintaan Wesel W13C/23C ke Arah Normal Aktif,1,1,,,wesel,SLO,177,12,556
2558,SLO-W13C/23C-R-REQ,Permintaan Wesel W13C/23C ke Arah Reverse tidak Aktif,Permintaan Wesel W13C/23C ke Arah Reverse Aktif,1,1,,,wesel,SLO,177,13,557
2559,SLO-W13C/23C-SWINIT,Wesel W13C/23C  belum Terinisiasi,Wesel W13C/23C  sudah Terinisiasi,1,1,,,wesel,SLO,177,14,558
2560,SLO-W13C/23C-N-BLOCK,Wesel W13C/23C tidak Terkancing,Wesel W13C/23C Terkancing di Posisi Normal,1,1,,,wesel,SLO,177,15,559
2561,SLO-W13C/23C-R-BLOCK,Wesel W13C/23C tidak Terkancing,Wesel W13C/23C Terkancing di Posisi Reverse,1,1,,,wesel,SLO,178,0,560
2562,SLO-W13C/23C-N-FAIL,,,,,,,,SLO,178,1,561
2563,SLO-W13C/23C-R-FAIL,,,,,,,,SLO,178,2,562
2564,SLO-W13C/23C-BACK-TO-N,,Wesel W13C/23C  Terganjal di Reverse dan Kembali ke Posisi Normal,1,1,1,0>1,wesel,SLO,178,3,563
2565,SLO-W13C/23C-BACK-TO-R,,Wesel W13C/23C  Terganjal di Normal dan Kembali ke Posisi Reverse,1,1,1,0>1,wesel,SLO,178,4,564
2566,SLO-W13C/23C-TRAIL-CTRL,Kombinasi Tombol TWT dan Tombol Wesel W13C/23C tidak Aktif,Kombinasi Tombol TWT dan Tombol Wesel W13C/23C Aktif,1,1,,,perintah,SLO,178,5,565
2567,SLO-W13C/23C-CAL-CTRL,Kombinasi Tombol TKW dan Tombol Wesel W13C/23C tidak Aktif,Kombinasi Tombol TKW dan Tombol Wesel W13C/23C Aktif,1,1,,,perintah,SLO,178,6,566
2568,SLO-W13C/23C-SWRLSPB-CTRL,Kombinasi Tombol TBW dan Tombol Wesel W13C/23C tidak Aktif,Kombinasi Tombol TBW dan Tombol Wesel W13C/23C Aktif,1,1,,,perintah,SLO,178,7,567
2569,SLO-W13C/23C-B-CTRL,Kombinasi Tombol TKGW dan Tombol Wesel W13C/23C tidak Aktif,Kombinasi Tombol TKGW dan Tombol Wesel W13C/23C Aktif,1,1,,,perintah,SLO,178,8,568
2570,SLO-W13C/23C-RST-CTRL,Kombinasi Tombol TBKW dan Tombol Wesel W13C/23C tidak Aktif,Kombinasi Tombol TBKW dan Tombol Wesel W13C/23C Aktif,1,1,,,perintah,SLO,178,9,569
2571,SLO-W13C/23C-OOC,Wesel W13C/23C tidak Gangguan Deteksi,Wesel W13C/23C Gangguan Deteksi,1,1,1,0>1,wesel,SLO,178,10,570
2572,SLO-W151A-N-REQ,Permintaan Wesel W151A ke Arah Normal tidak Aktif,Permintaan Wesel W151A ke Arah Normal Aktif,1,1,,,wesel,SLO,178,11,571
2573,SLO-W151A-R-REQ,Permintaan Wesel W151A ke Arah Reverse tidak Aktif,Permintaan Wesel W151A ke Arah Reverse Aktif,1,1,,,wesel,SLO,178,12,572
2574,SLO-W151A-SWINIT,Wesel W151A  belum Terinisiasi,Wesel W151A  sudah Terinisiasi,1,1,,,wesel,SLO,178,13,573
2575,SLO-W151A-N-BLOCK,Wesel W151A tidak Terkancing,Wesel W151A Terkancing di Posisi Normal,1,1,,,wesel,SLO,178,14,574
2576,SLO-W151A-R-BLOCK,Wesel W151A tidak Terkancing,Wesel W151A Terkancing di Posisi Reverse,1,1,,,wesel,SLO,178,15,575
2577,SLO-W151A-N-FAIL,,,,,,,,SLO,179,0,576
2578,SLO-W151A-R-FAIL,,,,,,,,SLO,179,1,577
2579,SLO-W151A-BACK-TO-N,,Wesel W151A  Terganjal di Reverse dan Kembali ke Posisi Normal,1,1,1,0>1,wesel,SLO,179,2,578
2580,SLO-W151A-BACK-TO-R,,Wesel W151A  Terganjal di Normal dan Kembali ke Posisi Reverse,1,1,1,0>1,wesel,SLO,179,3,579
2581,SLO-W151A-TRAIL-CTRL,Kombinasi Tombol TWT dan Tombol Wesel W151A tidak Aktif,Kombinasi Tombol TWT dan Tombol Wesel W151A Aktif,1,1,,,perintah,SLO,179,4,580
2582,SLO-W151A-CAL-CTRL,Kombinasi Tombol TKW dan Tombol Wesel W151A tidak Aktif,Kombinasi Tombol TKW dan Tombol Wesel W151A Aktif,1,1,,,perintah,SLO,179,5,581
2583,SLO-W151A-SWRLSPB-CTRL,Kombinasi Tombol TBW dan Tombol Wesel W151A tidak Aktif,Kombinasi Tombol TBW dan Tombol Wesel W151A Aktif,1,1,,,perintah,SLO,179,6,582
2584,SLO-W151A-B-CTRL,Kombinasi Tombol TKGW dan Tombol Wesel W151A tidak Aktif,Kombinasi Tombol TKGW dan Tombol Wesel W151A Aktif,1,1,,,perintah,SLO,179,7,583
2585,SLO-W151A-RST-CTRL,Kombinasi Tombol TBKW dan Tombol Wesel W151A tidak Aktif,Kombinasi Tombol TBKW dan Tombol Wesel W151A Aktif,1,1,,,perintah,SLO,179,8,584
2586,SLO-W151A-OOC,Wesel W151A tidak Gangguan Deteksi,Wesel W151A Gangguan Deteksi,1,1,1,0>1,wesel,SLO,179,9,585
2587,SLO-W151B-N-REQ,Permintaan Wesel W151B ke Arah Normal tidak Aktif,Permintaan Wesel W151B ke Arah Normal Aktif,1,1,,,wesel,SLO,179,10,586
2588,SLO-W151B-R-REQ,Permintaan Wesel W151B ke Arah Reverse tidak Aktif,Permintaan Wesel W151B ke Arah Reverse Aktif,1,1,,,wesel,SLO,179,11,587
2589,SLO-W151B-SWINIT,Wesel W151B  belum Terinisiasi,Wesel W151B  sudah Terinisiasi,1,1,,,wesel,SLO,179,12,588
2590,SLO-W151B-N-BLOCK,Wesel W151B tidak Terkancing,Wesel W151B Terkancing di Posisi Normal,1,1,,,wesel,SLO,179,13,589
2591,SLO-W151B-R-BLOCK,Wesel W151B tidak Terkancing,Wesel W151B Terkancing di Posisi Reverse,1,1,,,wesel,SLO,179,14,590
2592,SLO-W151B-N-FAIL,,,,,,,,SLO,179,15,591
2593,SLO-W151B-R-FAIL,,,,,,,,SLO,180,0,592
2594,SLO-W151B-BACK-TO-N,,Wesel W151B  Terganjal di Reverse dan Kembali ke Posisi Normal,1,1,1,0>1,wesel,SLO,180,1,593
2595,SLO-W151B-BACK-TO-R,,Wesel W151B  Terganjal di Normal dan Kembali ke Posisi Reverse,1,1,1,0>1,wesel,SLO,180,2,594
2596,SLO-W151B-TRAIL-CTRL,Kombinasi Tombol TWT dan Tombol Wesel W151B tidak Aktif,Kombinasi Tombol TWT dan Tombol Wesel W151B Aktif,1,1,,,perintah,SLO,180,3,595
2597,SLO-W151B-CAL-CTRL,Kombinasi Tombol TKW dan Tombol Wesel W151B tidak Aktif,Kombinasi Tombol TKW dan Tombol Wesel W151B Aktif,1,1,,,perintah,SLO,180,4,596
2598,SLO-W151B-SWRLSPB-CTRL,Kombinasi Tombol TBW dan Tombol Wesel W151B tidak Aktif,Kombinasi Tombol TBW dan Tombol Wesel W151B Aktif,1,1,,,perintah,SLO,180,5,597
2599,SLO-W151B-B-CTRL,Kombinasi Tombol TKGW dan Tombol Wesel W151B tidak Aktif,Kombinasi Tombol TKGW dan Tombol Wesel W151B Aktif,1,1,,,perintah,SLO,180,6,598
2600,SLO-W151B-RST-CTRL,Kombinasi Tombol TBKW dan Tombol Wesel W151B tidak Aktif,Kombinasi Tombol TBKW dan Tombol Wesel W151B Aktif,1,1,,,perintah,SLO,180,7,599
2601,SLO-W151B-OOC,Wesel W151B tidak Gangguan Deteksi,Wesel W151B Gangguan Deteksi,1,1,1,0>1,wesel,SLO,180,8,600
2602,SLO-W153A-N-REQ,Permintaan Wesel W153A ke Arah Normal tidak Aktif,Permintaan Wesel W153A ke Arah Normal Aktif,1,1,,,wesel,SLO,180,9,601
2603,SLO-W153A-R-REQ,Permintaan Wesel W153A ke Arah Reverse tidak Aktif,Permintaan Wesel W153A ke Arah Reverse Aktif,1,1,,,wesel,SLO,180,10,602
2604,SLO-W153A-SWINIT,Wesel W153A  belum Terinisiasi,Wesel W153A  sudah Terinisiasi,1,1,,,wesel,SLO,180,11,603
2605,SLO-W153A-N-BLOCK,Wesel W153A tidak Terkancing,Wesel W153A Terkancing di Posisi Normal,1,1,,,wesel,SLO,180,12,604
2606,SLO-W153A-R-BLOCK,Wesel W153A tidak Terkancing,Wesel W153A Terkancing di Posisi Reverse,1,1,,,wesel,SLO,180,13,605
2607,SLO-W153A-N-FAIL,,,,,,,,SLO,180,14,606
2608,SLO-W153A-R-FAIL,,,,,,,,SLO,180,15,607
2609,SLO-W153A-BACK-TO-N,,Wesel W153A  Terganjal di Reverse dan Kembali ke Posisi Normal,1,1,1,0>1,wesel,SLO,181,0,608
2610,SLO-W153A-BACK-TO-R,,Wesel W153A  Terganjal di Normal dan Kembali ke Posisi Reverse,1,1,1,0>1,wesel,SLO,181,1,609
2611,SLO-W153A-TRAIL-CTRL,Kombinasi Tombol TWT dan Tombol Wesel W153A tidak Aktif,Kombinasi Tombol TWT dan Tombol Wesel W153A Aktif,1,1,,,perintah,SLO,181,2,610
2612,SLO-W153A-CAL-CTRL,Kombinasi Tombol TKW dan Tombol Wesel W153A tidak Aktif,Kombinasi Tombol TKW dan Tombol Wesel W153A Aktif,1,1,,,perintah,SLO,181,3,611
2613,SLO-W153A-SWRLSPB-CTRL,Kombinasi Tombol TBW dan Tombol Wesel W153A tidak Aktif,Kombinasi Tombol TBW dan Tombol Wesel W153A Aktif,1,1,,,perintah,SLO,181,4,612
2614,SLO-W153A-B-CTRL,Kombinasi Tombol TKGW dan Tombol Wesel W153A tidak Aktif,Kombinasi Tombol TKGW dan Tombol Wesel W153A Aktif,1,1,,,perintah,SLO,181,5,613
2615,SLO-W153A-RST-CTRL,Kombinasi Tombol TBKW dan Tombol Wesel W153A tidak Aktif,Kombinasi Tombol TBKW dan Tombol Wesel W153A Aktif,1,1,,,perintah,SLO,181,6,614
2616,SLO-W153A-OOC,Wesel W153A tidak Gangguan Deteksi,Wesel W153A Gangguan Deteksi,1,1,1,0>1,wesel,SLO,181,7,615
2617,SLO-W153C-N-REQ,Permintaan Wesel W153C ke Arah Normal tidak Aktif,Permintaan Wesel W153C ke Arah Normal Aktif,1,1,,,wesel,SLO,181,8,616
2618,SLO-W153C-R-REQ,Permintaan Wesel W153C ke Arah Reverse tidak Aktif,Permintaan Wesel W153C ke Arah Reverse Aktif,1,1,,,wesel,SLO,181,9,617
2619,SLO-W153C-SWINIT,Wesel W153C  belum Terinisiasi,Wesel W153C  sudah Terinisiasi,1,1,,,wesel,SLO,181,10,618
2620,SLO-W153C-N-BLOCK,Wesel W153C tidak Terkancing,Wesel W153C Terkancing di Posisi Normal,1,1,,,wesel,SLO,181,11,619
2621,SLO-W153C-R-BLOCK,Wesel W153C tidak Terkancing,Wesel W153C Terkancing di Posisi Reverse,1,1,,,wesel,SLO,181,12,620
2622,SLO-W153C-N-FAIL,,,,,,,,SLO,181,13,621
2623,SLO-W153C-R-FAIL,,,,,,,,SLO,181,14,622
2624,SLO-W153C-BACK-TO-N,,Wesel W153C  Terganjal di Reverse dan Kembali ke Posisi Normal,1,1,1,0>1,wesel,SLO,181,15,623
2625,SLO-W153C-BACK-TO-R,,Wesel W153C  Terganjal di Normal dan Kembali ke Posisi Reverse,1,1,1,0>1,wesel,SLO,182,0,624
2626,SLO-W153C-TRAIL-CTRL,Kombinasi Tombol TWT dan Tombol Wesel W153C tidak Aktif,Kombinasi Tombol TWT dan Tombol Wesel W153C Aktif,1,1,,,perintah,SLO,182,1,625
2627,SLO-W153C-CAL-CTRL,Kombinasi Tombol TKW dan Tombol Wesel W153C tidak Aktif,Kombinasi Tombol TKW dan Tombol Wesel W153C Aktif,1,1,,,perintah,SLO,182,2,626
2628,SLO-W153C-SWRLSPB-CTRL,Kombinasi Tombol TBW dan Tombol Wesel W153C tidak Aktif,Kombinasi Tombol TBW dan Tombol Wesel W153C Aktif,1,1,,,perintah,SLO,182,3,627
2629,SLO-W153C-B-CTRL,Kombinasi Tombol TKGW dan Tombol Wesel W153C tidak Aktif,Kombinasi Tombol TKGW dan Tombol Wesel W153C Aktif,1,1,,,perintah,SLO,182,4,628
2630,SLO-W153C-RST-CTRL,Kombinasi Tombol TBKW dan Tombol Wesel W153C tidak Aktif,Kombinasi Tombol TBKW dan Tombol Wesel W153C Aktif,1,1,,,perintah,SLO,182,5,629
2631,SLO-W153C-OOC,Wesel W153C tidak Gangguan Deteksi,Wesel W153C Gangguan Deteksi,1,1,1,0>1,wesel,SLO,182,6,630
2632,SLO-W173-N-REQ,Permintaan Wesel W173 ke Arah Normal tidak Aktif,Permintaan Wesel W173 ke Arah Normal Aktif,1,1,,,wesel,SLO,182,7,631
2633,SLO-W173-R-REQ,Permintaan Wesel W173 ke Arah Reverse tidak Aktif,Permintaan Wesel W173 ke Arah Reverse Aktif,1,1,,,wesel,SLO,182,8,632
2634,SLO-W173-SWINIT,Wesel W173  belum Terinisiasi,Wesel W173  sudah Terinisiasi,1,1,,,wesel,SLO,182,9,633
2635,SLO-W173-N-BLOCK,Wesel W173 tidak Terkancing,Wesel W173 Terkancing di Posisi Normal,1,1,,,wesel,SLO,182,10,634
2636,SLO-W173-R-BLOCK,Wesel W173 tidak Terkancing,Wesel W173 Terkancing di Posisi Reverse,1,1,,,wesel,SLO,182,11,635
2637,SLO-W173-N-FAIL,,,,,,,,SLO,182,12,636
2638,SLO-W173-R-FAIL,,,,,,,,SLO,182,13,637
2639,SLO-W173-BACK-TO-N,,Wesel W173  Terganjal di Reverse dan Kembali ke Posisi Normal,1,1,1,0>1,wesel,SLO,182,14,638
2640,SLO-W173-BACK-TO-R,,Wesel W173  Terganjal di Normal dan Kembali ke Posisi Reverse,1,1,1,0>1,wesel,SLO,182,15,639
2641,SLO-W173-TRAIL-CTRL,Kombinasi Tombol TWT dan Tombol Wesel W173 tidak Aktif,Kombinasi Tombol TWT dan Tombol Wesel W173 Aktif,1,1,,,perintah,SLO,183,0,640
2642,SLO-W173-CAL-CTRL,Kombinasi Tombol TKW dan Tombol Wesel W173 tidak Aktif,Kombinasi Tombol TKW dan Tombol Wesel W173 Aktif,1,1,,,perintah,SLO,183,1,641
2643,SLO-W173-SWRLSPB-CTRL,Kombinasi Tombol TBW dan Tombol Wesel W173 tidak Aktif,Kombinasi Tombol TBW dan Tombol Wesel W173 Aktif,1,1,,,perintah,SLO,183,2,642
2644,SLO-W173-B-CTRL,Kombinasi Tombol TKGW dan Tombol Wesel W173 tidak Aktif,Kombinasi Tombol TKGW dan Tombol Wesel W173 Aktif,1,1,,,perintah,SLO,183,3,643
2645,SLO-W173-RST-CTRL,Kombinasi Tombol TBKW dan Tombol Wesel W173 tidak Aktif,Kombinasi Tombol TBKW dan Tombol Wesel W173 Aktif,1,1,,,perintah,SLO,183,4,644
2646,SLO-W173-OOC,Wesel W173 tidak Gangguan Deteksi,Wesel W173 Gangguan Deteksi,1,1,1,0>1,wesel,SLO,183,5,645
2647,SLO-W175-N-REQ,Permintaan Wesel W175 ke Arah Normal tidak Aktif,Permintaan Wesel W175 ke Arah Normal Aktif,1,1,,,wesel,SLO,183,6,646
2648,SLO-W175-R-REQ,Permintaan Wesel W175 ke Arah Reverse tidak Aktif,Permintaan Wesel W175 ke Arah Reverse Aktif,1,1,,,wesel,SLO,183,7,647
2649,SLO-W175-SWINIT,Wesel W175  belum Terinisiasi,Wesel W175  sudah Terinisiasi,1,1,,,wesel,SLO,183,8,648
2650,SLO-W175-N-BLOCK,Wesel W175 tidak Terkancing,Wesel W175 Terkancing di Posisi Normal,1,1,,,wesel,SLO,183,9,649
2651,SLO-W175-R-BLOCK,Wesel W175 tidak Terkancing,Wesel W175 Terkancing di Posisi Reverse,1,1,,,wesel,SLO,183,10,650
2652,SLO-W175-N-FAIL,,,,,,,,SLO,183,11,651
2653,SLO-W175-R-FAIL,,,,,,,,SLO,183,12,652
2654,SLO-W175-BACK-TO-N,,Wesel W175  Terganjal di Reverse dan Kembali ke Posisi Normal,1,1,1,0>1,wesel,SLO,183,13,653
2655,SLO-W175-BACK-TO-R,,Wesel W175  Terganjal di Normal dan Kembali ke Posisi Reverse,1,1,1,0>1,wesel,SLO,183,14,654
2656,SLO-W175-TRAIL-CTRL,Kombinasi Tombol TWT dan Tombol Wesel W175 tidak Aktif,Kombinasi Tombol TWT dan Tombol Wesel W175 Aktif,1,1,,,perintah,SLO,183,15,655
2657,SLO-W175-CAL-CTRL,Kombinasi Tombol TKW dan Tombol Wesel W175 tidak Aktif,Kombinasi Tombol TKW dan Tombol Wesel W175 Aktif,1,1,,,perintah,SLO,184,0,656
2658,SLO-W175-SWRLSPB-CTRL,Kombinasi Tombol TBW dan Tombol Wesel W175 tidak Aktif,Kombinasi Tombol TBW dan Tombol Wesel W175 Aktif,1,1,,,perintah,SLO,184,1,657
2659,SLO-W175-B-CTRL,Kombinasi Tombol TKGW dan Tombol Wesel W175 tidak Aktif,Kombinasi Tombol TKGW dan Tombol Wesel W175 Aktif,1,1,,,perintah,SLO,184,2,658
2660,SLO-W175-RST-CTRL,Kombinasi Tombol TBKW dan Tombol Wesel W175 tidak Aktif,Kombinasi Tombol TBKW dan Tombol Wesel W175 Aktif,1,1,,,perintah,SLO,184,3,659
2661,SLO-W175-OOC,Wesel W175 tidak Gangguan Deteksi,Wesel W175 Gangguan Deteksi,1,1,1,0>1,wesel,SLO,184,4,660
2662,SLO-W193-N-REQ,Permintaan Wesel W193 ke Arah Normal tidak Aktif,Permintaan Wesel W193 ke Arah Normal Aktif,1,1,,,wesel,SLO,184,5,661
2663,SLO-W193-R-REQ,Permintaan Wesel W193 ke Arah Reverse tidak Aktif,Permintaan Wesel W193 ke Arah Reverse Aktif,1,1,,,wesel,SLO,184,6,662
2664,SLO-W193-SWINIT,Wesel W193  belum Terinisiasi,Wesel W193  sudah Terinisiasi,1,1,,,wesel,SLO,184,7,663
2665,SLO-W193-N-BLOCK,Wesel W193 tidak Terkancing,Wesel W193 Terkancing di Posisi Normal,1,1,,,wesel,SLO,184,8,664
2666,SLO-W193-R-BLOCK,Wesel W193 tidak Terkancing,Wesel W193 Terkancing di Posisi Reverse,1,1,,,wesel,SLO,184,9,665
2667,SLO-W193-N-FAIL,,,,,,,,SLO,184,10,666
2668,SLO-W193-R-FAIL,,,,,,,,SLO,184,11,667
2669,SLO-W193-BACK-TO-N,,Wesel W193  Terganjal di Reverse dan Kembali ke Posisi Normal,1,1,1,0>1,wesel,SLO,184,12,668
2670,SLO-W193-BACK-TO-R,,Wesel W193  Terganjal di Normal dan Kembali ke Posisi Reverse,1,1,1,0>1,wesel,SLO,184,13,669
2671,SLO-W193-TRAIL-CTRL,Kombinasi Tombol TWT dan Tombol Wesel W193 tidak Aktif,Kombinasi Tombol TWT dan Tombol Wesel W193 Aktif,1,1,,,perintah,SLO,184,14,670
2672,SLO-W193-CAL-CTRL,Kombinasi Tombol TKW dan Tombol Wesel W193 tidak Aktif,Kombinasi Tombol TKW dan Tombol Wesel W193 Aktif,1,1,,,perintah,SLO,184,15,671
2673,SLO-W193-SWRLSPB-CTRL,Kombinasi Tombol TBW dan Tombol Wesel W193 tidak Aktif,Kombinasi Tombol TBW dan Tombol Wesel W193 Aktif,1,1,,,perintah,SLO,185,0,672
2674,SLO-W193-B-CTRL,Kombinasi Tombol TKGW dan Tombol Wesel W193 tidak Aktif,Kombinasi Tombol TKGW dan Tombol Wesel W193 Aktif,1,1,,,perintah,SLO,185,1,673
2675,SLO-W193-RST-CTRL,Kombinasi Tombol TBKW dan Tombol Wesel W193 tidak Aktif,Kombinasi Tombol TBKW dan Tombol Wesel W193 Aktif,1,1,,,perintah,SLO,185,2,674
2676,SLO-W193-OOC,Wesel W193 tidak Gangguan Deteksi,Wesel W193 Gangguan Deteksi,1,1,1,0>1,wesel,SLO,185,3,675
2677,SLO-W213-N-REQ,Permintaan Wesel W213 ke Arah Normal tidak Aktif,Permintaan Wesel W213 ke Arah Normal Aktif,1,1,,,wesel,SLO,185,4,676
2678,SLO-W213-R-REQ,Permintaan Wesel W213 ke Arah Reverse tidak Aktif,Permintaan Wesel W213 ke Arah Reverse Aktif,1,1,,,wesel,SLO,185,5,677
2679,SLO-W213-SWINIT,Wesel W213  belum Terinisiasi,Wesel W213  sudah Terinisiasi,1,1,,,wesel,SLO,185,6,678
2680,SLO-W213-N-BLOCK,Wesel W213 tidak Terkancing,Wesel W213 Terkancing di Posisi Normal,1,1,,,wesel,SLO,185,7,679
2681,SLO-W213-R-BLOCK,Wesel W213 tidak Terkancing,Wesel W213 Terkancing di Posisi Reverse,1,1,,,wesel,SLO,185,8,680
2682,SLO-W213-N-FAIL,,,,,,,,SLO,185,9,681
2683,SLO-W213-R-FAIL,,,,,,,,SLO,185,10,682
2684,SLO-W213-BACK-TO-N,,Wesel W213  Terganjal di Reverse dan Kembali ke Posisi Normal,1,1,1,0>1,wesel,SLO,185,11,683
2685,SLO-W213-BACK-TO-R,,Wesel W213  Terganjal di Normal dan Kembali ke Posisi Reverse,1,1,1,0>1,wesel,SLO,185,12,684
2686,SLO-W213-TRAIL-CTRL,Kombinasi Tombol TWT dan Tombol Wesel W213 tidak Aktif,Kombinasi Tombol TWT dan Tombol Wesel W213 Aktif,1,1,,,perintah,SLO,185,13,685
2687,SLO-W213-CAL-CTRL,Kombinasi Tombol TKW dan Tombol Wesel W213 tidak Aktif,Kombinasi Tombol TKW dan Tombol Wesel W213 Aktif,1,1,,,perintah,SLO,185,14,686
2688,SLO-W213-SWRLSPB-CTRL,Kombinasi Tombol TBW dan Tombol Wesel W213 tidak Aktif,Kombinasi Tombol TBW dan Tombol Wesel W213 Aktif,1,1,,,perintah,SLO,185,15,687
2689,SLO-W213-B-CTRL,Kombinasi Tombol TKGW dan Tombol Wesel W213 tidak Aktif,Kombinasi Tombol TKGW dan Tombol Wesel W213 Aktif,1,1,,,perintah,SLO,186,0,688
2690,SLO-W213-RST-CTRL,Kombinasi Tombol TBKW dan Tombol Wesel W213 tidak Aktif,Kombinasi Tombol TBKW dan Tombol Wesel W213 Aktif,1,1,,,perintah,SLO,186,1,689
2691,SLO-W213-OOC,Wesel W213 tidak Gangguan Deteksi,Wesel W213 Gangguan Deteksi,1,1,1,0>1,wesel,SLO,186,2,690
2692,SLO-W21D-N-REQ,Permintaan Wesel W21D ke Arah Normal tidak Aktif,Permintaan Wesel W21D ke Arah Normal Aktif,1,1,,,wesel,SLO,186,3,691
2693,SLO-W21D-R-REQ,Permintaan Wesel W21D ke Arah Reverse tidak Aktif,Permintaan Wesel W21D ke Arah Reverse Aktif,1,1,,,wesel,SLO,186,4,692
2694,SLO-W21D-SWINIT,Wesel W21D  belum Terinisiasi,Wesel W21D  sudah Terinisiasi,1,1,,,wesel,SLO,186,5,693
2695,SLO-W21D-N-BLOCK,Wesel W21D tidak Terkancing,Wesel W21D Terkancing di Posisi Normal,1,1,,,wesel,SLO,186,6,694
2696,SLO-W21D-R-BLOCK,Wesel W21D tidak Terkancing,Wesel W21D Terkancing di Posisi Reverse,1,1,,,wesel,SLO,186,7,695
2697,SLO-W21D-N-FAIL,,,,,,,,SLO,186,8,696
2698,SLO-W21D-R-FAIL,,,,,,,,SLO,186,9,697
2699,SLO-W21D-BACK-TO-N,,Wesel W21D  Terganjal di Reverse dan Kembali ke Posisi Normal,1,1,1,0>1,wesel,SLO,186,10,698
2700,SLO-W21D-BACK-TO-R,,Wesel W21D  Terganjal di Normal dan Kembali ke Posisi Reverse,1,1,1,0>1,wesel,SLO,186,11,699
2701,SLO-W21D-TRAIL-CTRL,Kombinasi Tombol TWT dan Tombol Wesel W21D tidak Aktif,Kombinasi Tombol TWT dan Tombol Wesel W21D Aktif,1,1,,,perintah,SLO,186,12,700
2702,SLO-W21D-CAL-CTRL,Kombinasi Tombol TKW dan Tombol Wesel W21D tidak Aktif,Kombinasi Tombol TKW dan Tombol Wesel W21D Aktif,1,1,,,perintah,SLO,186,13,701
2703,SLO-W21D-SWRLSPB-CTRL,Kombinasi Tombol TBW dan Tombol Wesel W21D tidak Aktif,Kombinasi Tombol TBW dan Tombol Wesel W21D Aktif,1,1,,,perintah,SLO,186,14,702
2704,SLO-W21D-B-CTRL,Kombinasi Tombol TKGW dan Tombol Wesel W21D tidak Aktif,Kombinasi Tombol TKGW dan Tombol Wesel W21D Aktif,1,1,,,perintah,SLO,186,15,703
2705,SLO-W21D-RST-CTRL,Kombinasi Tombol TBKW dan Tombol Wesel W21D tidak Aktif,Kombinasi Tombol TBKW dan Tombol Wesel W21D Aktif,1,1,,,perintah,SLO,187,0,704
2706,SLO-W21D-OOC,Wesel W21D tidak Gangguan Deteksi,Wesel W21D Gangguan Deteksi,1,1,1,0>1,wesel,SLO,187,1,705
2707,SLO-W23B/43B-N-REQ,Permintaan Wesel W23B/43B ke Arah Normal tidak Aktif,Permintaan Wesel W23B/43B ke Arah Normal Aktif,1,1,,,wesel,SLO,187,2,706
2708,SLO-W23B/43B-R-REQ,Permintaan Wesel W23B/43B ke Arah Reverse tidak Aktif,Permintaan Wesel W23B/43B ke Arah Reverse Aktif,1,1,,,wesel,SLO,187,3,707
2709,SLO-W23B/43B-SWINIT,Wesel W23B/43B  belum Terinisiasi,Wesel W23B/43B  sudah Terinisiasi,1,1,,,wesel,SLO,187,4,708
2710,SLO-W23B/43B-N-BLOCK,Wesel W23B/43B tidak Terkancing,Wesel W23B/43B Terkancing di Posisi Normal,1,1,,,wesel,SLO,187,5,709
2711,SLO-W23B/43B-R-BLOCK,Wesel W23B/43B tidak Terkancing,Wesel W23B/43B Terkancing di Posisi Reverse,1,1,,,wesel,SLO,187,6,710
2712,SLO-W23B/43B-N-FAIL,,,,,,,,SLO,187,7,711
2713,SLO-W23B/43B-R-FAIL,,,,,,,,SLO,187,8,712
2714,SLO-W23B/43B-BACK-TO-N,,Wesel W23B/43B  Terganjal di Reverse dan Kembali ke Posisi Normal,1,1,1,0>1,wesel,SLO,187,9,713
2715,SLO-W23B/43B-BACK-TO-R,,Wesel W23B/43B  Terganjal di Normal dan Kembali ke Posisi Reverse,1,1,1,0>1,wesel,SLO,187,10,714
2716,SLO-W23B/43B-TRAIL-CTRL,Kombinasi Tombol TWT dan Tombol Wesel W23B/43B tidak Aktif,Kombinasi Tombol TWT dan Tombol Wesel W23B/43B Aktif,1,1,,,perintah,SLO,187,11,715
2717,SLO-W23B/43B-CAL-CTRL,Kombinasi Tombol TKW dan Tombol Wesel W23B/43B tidak Aktif,Kombinasi Tombol TKW dan Tombol Wesel W23B/43B Aktif,1,1,,,perintah,SLO,187,12,716
2718,SLO-W23B/43B-SWRLSPB-CTRL,Kombinasi Tombol TBW dan Tombol Wesel W23B/43B tidak Aktif,Kombinasi Tombol TBW dan Tombol Wesel W23B/43B Aktif,1,1,,,perintah,SLO,187,13,717
2719,SLO-W23B/43B-B-CTRL,Kombinasi Tombol TKGW dan Tombol Wesel W23B/43B tidak Aktif,Kombinasi Tombol TKGW dan Tombol Wesel W23B/43B Aktif,1,1,,,perintah,SLO,187,14,718
2720,SLO-W23B/43B-RST-CTRL,Kombinasi Tombol TBKW dan Tombol Wesel W23B/43B tidak Aktif,Kombinasi Tombol TBKW dan Tombol Wesel W23B/43B Aktif,1,1,,,perintah,SLO,187,15,719
2721,SLO-W23B/43B-OOC,Wesel W23B/43B tidak Gangguan Deteksi,Wesel W23B/43B Gangguan Deteksi,1,1,1,0>1,wesel,SLO,188,0,720
2722,SLO-W33A-N-REQ,Permintaan Wesel W33A ke Arah Normal tidak Aktif,Permintaan Wesel W33A ke Arah Normal Aktif,1,1,,,wesel,SLO,188,1,721
2723,SLO-W33A-R-REQ,Permintaan Wesel W33A ke Arah Reverse tidak Aktif,Permintaan Wesel W33A ke Arah Reverse Aktif,1,1,,,wesel,SLO,188,2,722
2724,SLO-W33A-SWINIT,Wesel W33A  belum Terinisiasi,Wesel W33A  sudah Terinisiasi,1,1,,,wesel,SLO,188,3,723
2725,SLO-W33A-N-BLOCK,Wesel W33A tidak Terkancing,Wesel W33A Terkancing di Posisi Normal,1,1,,,wesel,SLO,188,4,724
2726,SLO-W33A-R-BLOCK,Wesel W33A tidak Terkancing,Wesel W33A Terkancing di Posisi Reverse,1,1,,,wesel,SLO,188,5,725
2727,SLO-W33A-N-FAIL,,,,,,,,SLO,188,6,726
2728,SLO-W33A-R-FAIL,,,,,,,,SLO,188,7,727
2729,SLO-W33A-BACK-TO-N,,Wesel W33A  Terganjal di Reverse dan Kembali ke Posisi Normal,1,1,1,0>1,wesel,SLO,188,8,728
2730,SLO-W33A-BACK-TO-R,,Wesel W33A  Terganjal di Normal dan Kembali ke Posisi Reverse,1,1,1,0>1,wesel,SLO,188,9,729
2731,SLO-W33A-TRAIL-CTRL,Kombinasi Tombol TWT dan Tombol Wesel W33A tidak Aktif,Kombinasi Tombol TWT dan Tombol Wesel W33A Aktif,1,1,,,perintah,SLO,188,10,730
2732,SLO-W33A-CAL-CTRL,Kombinasi Tombol TKW dan Tombol Wesel W33A tidak Aktif,Kombinasi Tombol TKW dan Tombol Wesel W33A Aktif,1,1,,,perintah,SLO,188,11,731
2733,SLO-W33A-SWRLSPB-CTRL,Kombinasi Tombol TBW dan Tombol Wesel W33A tidak Aktif,Kombinasi Tombol TBW dan Tombol Wesel W33A Aktif,1,1,,,perintah,SLO,188,12,732
2734,SLO-W33A-B-CTRL,Kombinasi Tombol TKGW dan Tombol Wesel W33A tidak Aktif,Kombinasi Tombol TKGW dan Tombol Wesel W33A Aktif,1,1,,,perintah,SLO,188,13,733
2735,SLO-W33A-RST-CTRL,Kombinasi Tombol TBKW dan Tombol Wesel W33A tidak Aktif,Kombinasi Tombol TBKW dan Tombol Wesel W33A Aktif,1,1,,,perintah,SLO,188,14,734
2736,SLO-W33A-OOC,Wesel W33A tidak Gangguan Deteksi,Wesel W33A Gangguan Deteksi,1,1,1,0>1,wesel,SLO,188,15,735
2737,SLO-W33B-N-REQ,Permintaan Wesel W33B ke Arah Normal tidak Aktif,Permintaan Wesel W33B ke Arah Normal Aktif,1,1,,,wesel,SLO,189,0,736
2738,SLO-W33B-R-REQ,Permintaan Wesel W33B ke Arah Reverse tidak Aktif,Permintaan Wesel W33B ke Arah Reverse Aktif,1,1,,,wesel,SLO,189,1,737
2739,SLO-W33B-SWINIT,Wesel W33B  belum Terinisiasi,Wesel W33B  sudah Terinisiasi,1,1,,,wesel,SLO,189,2,738
2740,SLO-W33B-N-BLOCK,Wesel W33B tidak Terkancing,Wesel W33B Terkancing di Posisi Normal,1,1,,,wesel,SLO,189,3,739
2741,SLO-W33B-R-BLOCK,Wesel W33B tidak Terkancing,Wesel W33B Terkancing di Posisi Reverse,1,1,,,wesel,SLO,189,4,740
2742,SLO-W33B-N-FAIL,,,,,,,,SLO,189,5,741
2743,SLO-W33B-R-FAIL,,,,,,,,SLO,189,6,742
2744,SLO-W33B-BACK-TO-N,,Wesel W33B  Terganjal di Reverse dan Kembali ke Posisi Normal,1,1,1,0>1,wesel,SLO,189,7,743
2745,SLO-W33B-BACK-TO-R,,Wesel W33B  Terganjal di Normal dan Kembali ke Posisi Reverse,1,1,1,0>1,wesel,SLO,189,8,744
2746,SLO-W33B-TRAIL-CTRL,Kombinasi Tombol TWT dan Tombol Wesel W33B tidak Aktif,Kombinasi Tombol TWT dan Tombol Wesel W33B Aktif,1,1,,,perintah,SLO,189,9,745
2747,SLO-W33B-CAL-CTRL,Kombinasi Tombol TKW dan Tombol Wesel W33B tidak Aktif,Kombinasi Tombol TKW dan Tombol Wesel W33B Aktif,1,1,,,perintah,SLO,189,10,746
2748,SLO-W33B-SWRLSPB-CTRL,Kombinasi Tombol TBW dan Tombol Wesel W33B tidak Aktif,Kombinasi Tombol TBW dan Tombol Wesel W33B Aktif,1,1,,,perintah,SLO,189,11,747
2749,SLO-W33B-B-CTRL,Kombinasi Tombol TKGW dan Tombol Wesel W33B tidak Aktif,Kombinasi Tombol TKGW dan Tombol Wesel W33B Aktif,1,1,,,perintah,SLO,189,12,748
2750,SLO-W33B-RST-CTRL,Kombinasi Tombol TBKW dan Tombol Wesel W33B tidak Aktif,Kombinasi Tombol TBKW dan Tombol Wesel W33B Aktif,1,1,,,perintah,SLO,189,13,749
2751,SLO-W33B-OOC,Wesel W33B tidak Gangguan Deteksi,Wesel W33B Gangguan Deteksi,1,1,1,0>1,wesel,SLO,189,14,750
2752,SLO-W43A-N-REQ,Permintaan Wesel W43A ke Arah Normal tidak Aktif,Permintaan Wesel W43A ke Arah Normal Aktif,1,1,,,wesel,SLO,189,15,751
2753,SLO-W43A-R-REQ,Permintaan Wesel W43A ke Arah Reverse tidak Aktif,Permintaan Wesel W43A ke Arah Reverse Aktif,1,1,,,wesel,SLO,190,0,752
2754,SLO-W43A-SWINIT,Wesel W43A  belum Terinisiasi,Wesel W43A  sudah Terinisiasi,1,1,,,wesel,SLO,190,1,753
2755,SLO-W43A-N-BLOCK,Wesel W43A tidak Terkancing,Wesel W43A Terkancing di Posisi Normal,1,1,,,wesel,SLO,190,2,754
2756,SLO-W43A-R-BLOCK,Wesel W43A tidak Terkancing,Wesel W43A Terkancing di Posisi Reverse,1,1,,,wesel,SLO,190,3,755
2757,SLO-W43A-N-FAIL,,,,,,,,SLO,190,4,756
2758,SLO-W43A-R-FAIL,,,,,,,,SLO,190,5,757
2759,SLO-W43A-BACK-TO-N,,Wesel W43A  Terganjal di Reverse dan Kembali ke Posisi Normal,1,1,1,0>1,wesel,SLO,190,6,758
2760,SLO-W43A-BACK-TO-R,,Wesel W43A  Terganjal di Normal dan Kembali ke Posisi Reverse,1,1,1,0>1,wesel,SLO,190,7,759
2761,SLO-W43A-TRAIL-CTRL,Kombinasi Tombol TWT dan Tombol Wesel W43A tidak Aktif,Kombinasi Tombol TWT dan Tombol Wesel W43A Aktif,1,1,,,perintah,SLO,190,8,760
2762,SLO-W43A-CAL-CTRL,Kombinasi Tombol TKW dan Tombol Wesel W43A tidak Aktif,Kombinasi Tombol TKW dan Tombol Wesel W43A Aktif,1,1,,,perintah,SLO,190,9,761
2763,SLO-W43A-SWRLSPB-CTRL,Kombinasi Tombol TBW dan Tombol Wesel W43A tidak Aktif,Kombinasi Tombol TBW dan Tombol Wesel W43A Aktif,1,1,,,perintah,SLO,190,10,762
2764,SLO-W43A-B-CTRL,Kombinasi Tombol TKGW dan Tombol Wesel W43A tidak Aktif,Kombinasi Tombol TKGW dan Tombol Wesel W43A Aktif,1,1,,,perintah,SLO,190,11,763
2765,SLO-W43A-RST-CTRL,Kombinasi Tombol TBKW dan Tombol Wesel W43A tidak Aktif,Kombinasi Tombol TBKW dan Tombol Wesel W43A Aktif,1,1,,,perintah,SLO,190,12,764
2766,SLO-W43A-OOC,Wesel W43A tidak Gangguan Deteksi,Wesel W43A Gangguan Deteksi,1,1,1,0>1,wesel,SLO,190,13,765
2767,SLO-W53-N-REQ,Permintaan Wesel W53 ke Arah Normal tidak Aktif,Permintaan Wesel W53 ke Arah Normal Aktif,1,1,,,wesel,SLO,190,14,766
2768,SLO-W53-R-REQ,Permintaan Wesel W53 ke Arah Reverse tidak Aktif,Permintaan Wesel W53 ke Arah Reverse Aktif,1,1,,,wesel,SLO,190,15,767
2769,SLO-W53-SWINIT,Wesel W53  belum Terinisiasi,Wesel W53  sudah Terinisiasi,1,1,,,wesel,SLO,191,0,768
2770,SLO-W53-N-BLOCK,Wesel W53 tidak Terkancing,Wesel W53 Terkancing di Posisi Normal,1,1,,,wesel,SLO,191,1,769
2771,SLO-W53-R-BLOCK,Wesel W53 tidak Terkancing,Wesel W53 Terkancing di Posisi Reverse,1,1,,,wesel,SLO,191,2,770
2772,SLO-W53-N-FAIL,,,,,,,,SLO,191,3,771
2773,SLO-W53-R-FAIL,,,,,,,,SLO,191,4,772
2774,SLO-W53-BACK-TO-N,,Wesel W53  Terganjal di Reverse dan Kembali ke Posisi Normal,1,1,1,0>1,wesel,SLO,191,5,773
2775,SLO-W53-BACK-TO-R,,Wesel W53  Terganjal di Normal dan Kembali ke Posisi Reverse,1,1,1,0>1,wesel,SLO,191,6,774
2776,SLO-W53-TRAIL-CTRL,Kombinasi Tombol TWT dan Tombol Wesel W53 tidak Aktif,Kombinasi Tombol TWT dan Tombol Wesel W53 Aktif,1,1,,,perintah,SLO,191,7,775
2777,SLO-W53-CAL-CTRL,Kombinasi Tombol TKW dan Tombol Wesel W53 tidak Aktif,Kombinasi Tombol TKW dan Tombol Wesel W53 Aktif,1,1,,,perintah,SLO,191,8,776
2778,SLO-W53-SWRLSPB-CTRL,Kombinasi Tombol TBW dan Tombol Wesel W53 tidak Aktif,Kombinasi Tombol TBW dan Tombol Wesel W53 Aktif,1,1,,,perintah,SLO,191,9,777
2779,SLO-W53-B-CTRL,Kombinasi Tombol TKGW dan Tombol Wesel W53 tidak Aktif,Kombinasi Tombol TKGW dan Tombol Wesel W53 Aktif,1,1,,,perintah,SLO,191,10,778
2780,SLO-W53-RST-CTRL,Kombinasi Tombol TBKW dan Tombol Wesel W53 tidak Aktif,Kombinasi Tombol TBKW dan Tombol Wesel W53 Aktif,1,1,,,perintah,SLO,191,11,779
2781,SLO-W53-OOC,Wesel W53 tidak Gangguan Deteksi,Wesel W53 Gangguan Deteksi,1,1,1,0>1,wesel,SLO,191,12,780
2782,SLO-W41-N-REQ,Permintaan Wesel W41 ke Arah Normal tidak Aktif,Permintaan Wesel W41 ke Arah Normal Aktif,1,1,,,wesel,SLO,191,13,781
2783,SLO-W41-R-REQ,Permintaan Wesel W41 ke Arah Reverse tidak Aktif,Permintaan Wesel W41 ke Arah Reverse Aktif,1,1,,,wesel,SLO,191,14,782
2784,SLO-W41-SWINIT,Wesel W41  belum Terinisiasi,Wesel W41  sudah Terinisiasi,1,1,,,wesel,SLO,191,15,783
2785,SLO-W41-N-BLOCK,Wesel W41 tidak Terkancing,Wesel W41 Terkancing di Posisi Normal,1,1,,,wesel,SLO,192,0,784
2786,SLO-W41-R-BLOCK,Wesel W41 tidak Terkancing,Wesel W41 Terkancing di Posisi Reverse,1,1,,,wesel,SLO,192,1,785
2787,SLO-W41-N-FAIL,,,,,,,,SLO,192,2,786
2788,SLO-W41-R-FAIL,,,,,,,,SLO,192,3,787
2789,SLO-W41-BACK-TO-N,,Wesel W41  Terganjal di Reverse dan Kembali ke Posisi Normal,1,1,1,0>1,wesel,SLO,192,4,788
2790,SLO-W41-BACK-TO-R,,Wesel W41  Terganjal di Normal dan Kembali ke Posisi Reverse,1,1,1,0>1,wesel,SLO,192,5,789
2791,SLO-W41-TRAIL-CTRL,Kombinasi Tombol TWT dan Tombol Wesel W41 tidak Aktif,Kombinasi Tombol TWT dan Tombol Wesel W41 Aktif,1,1,,,perintah,SLO,192,6,790
2792,SLO-W41-CAL-CTRL,Kombinasi Tombol TKW dan Tombol Wesel W41 tidak Aktif,Kombinasi Tombol TKW dan Tombol Wesel W41 Aktif,1,1,,,perintah,SLO,192,7,791
2793,SLO-W41-SWRLSPB-CTRL,Kombinasi Tombol TBW dan Tombol Wesel W41 tidak Aktif,Kombinasi Tombol TBW dan Tombol Wesel W41 Aktif,1,1,,,perintah,SLO,192,8,792
2794,SLO-W41-B-CTRL,Kombinasi Tombol TKGW dan Tombol Wesel W41 tidak Aktif,Kombinasi Tombol TKGW dan Tombol Wesel W41 Aktif,1,1,,,perintah,SLO,192,9,793
2795,SLO-W41-RST-CTRL,Kombinasi Tombol TBKW dan Tombol Wesel W41 tidak Aktif,Kombinasi Tombol TBKW dan Tombol Wesel W41 Aktif,1,1,,,perintah,SLO,192,10,794
2796,SLO-W41-OOC,Wesel W41 tidak Gangguan Deteksi,Wesel W41 Gangguan Deteksi,1,1,1,0>1,wesel,SLO,192,11,795
2797,SLO-W73-N-REQ,Permintaan Wesel W73 ke Arah Normal tidak Aktif,Permintaan Wesel W73 ke Arah Normal Aktif,1,1,,,wesel,SLO,192,12,796
2798,SLO-W73-R-REQ,Permintaan Wesel W73 ke Arah Reverse tidak Aktif,Permintaan Wesel W73 ke Arah Reverse Aktif,1,1,,,wesel,SLO,192,13,797
2799,SLO-W73-SWINIT,Wesel W73  belum Terinisiasi,Wesel W73  sudah Terinisiasi,1,1,,,wesel,SLO,192,14,798
2800,SLO-W73-N-BLOCK,Wesel W73 tidak Terkancing,Wesel W73 Terkancing di Posisi Normal,1,1,,,wesel,SLO,192,15,799
2801,SLO-W73-R-BLOCK,Wesel W73 tidak Terkancing,Wesel W73 Terkancing di Posisi Reverse,1,1,,,wesel,SLO,193,0,800
2802,SLO-W73-N-FAIL,,,,,,,,SLO,193,1,801
2803,SLO-W73-R-FAIL,,,,,,,,SLO,193,2,802
2804,SLO-W73-BACK-TO-N,,Wesel W73  Terganjal di Reverse dan Kembali ke Posisi Normal,1,1,1,0>1,wesel,SLO,193,3,803
2805,SLO-W73-BACK-TO-R,,Wesel W73  Terganjal di Normal dan Kembali ke Posisi Reverse,1,1,1,0>1,wesel,SLO,193,4,804
2806,SLO-W73-TRAIL-CTRL,Kombinasi Tombol TWT dan Tombol Wesel W73 tidak Aktif,Kombinasi Tombol TWT dan Tombol Wesel W73 Aktif,1,1,,,perintah,SLO,193,5,805
2807,SLO-W73-CAL-CTRL,Kombinasi Tombol TKW dan Tombol Wesel W73 tidak Aktif,Kombinasi Tombol TKW dan Tombol Wesel W73 Aktif,1,1,,,perintah,SLO,193,6,806
2808,SLO-W73-SWRLSPB-CTRL,Kombinasi Tombol TBW dan Tombol Wesel W73 tidak Aktif,Kombinasi Tombol TBW dan Tombol Wesel W73 Aktif,1,1,,,perintah,SLO,193,7,807
2809,SLO-W73-B-CTRL,Kombinasi Tombol TKGW dan Tombol Wesel W73 tidak Aktif,Kombinasi Tombol TKGW dan Tombol Wesel W73 Aktif,1,1,,,perintah,SLO,193,8,808
2810,SLO-W73-RST-CTRL,Kombinasi Tombol TBKW dan Tombol Wesel W73 tidak Aktif,Kombinasi Tombol TBKW dan Tombol Wesel W73 Aktif,1,1,,,perintah,SLO,193,9,809
2811,SLO-W73-OOC,Wesel W73 tidak Gangguan Deteksi,Wesel W73 Gangguan Deteksi,1,1,1,0>1,wesel,SLO,193,10,810
2812,SLO-A10-RRLSPB-CTRL,Kombinasi Tombol Hapus Rute Sinyal Tujuan A10 tidak Aktif,Kombinasi Tombol Hapus Rute Sinyal Tujuan A10 Aktif,1,1,,,perintah,SLO,193,11,811
2813,SLO-A10-AA,Kereta datang dari Blok A10 Telah Diberi Izin Masuk,Alarm Kedatangan Kereta dari Blok A10 Berbunyi,1,1,1,0>1,,SLO,193,12,812
2814,SLO-A10-BZ-TE,,Alarm Kedatangan Kereta dari Blok A10 Telah Berhenti Berbunyi,1,1,,,,SLO,193,13,813
2815,SLO-J10-RRLSPB-CTRL,Kombinasi Tombol Hapus Rute Sinyal Tujuan J10 tidak Aktif,Kombinasi Tombol Hapus Rute Sinyal Tujuan J10 Aktif,1,1,,,perintah,SLO,193,14,814
2816,SLO-A10-CF-TBMS-CTRL,Kombinasi Tombol TBMS dan A10 tidak Aktif,Kombinasi Tombol TBMS dan A10 Aktif,1,1,,,perintah,SLO,193,15,815
2817,SLO-A10-CF-TBMS,TBMS ke Arah A10 tidak Aktif,TBMS ke Arah A10 Aktif,1,1,,,blok,SLO,194,0,816
2818,SLO-A20-RRLSPB-CTRL,Kombinasi Tombol Hapus Rute Sinyal Tujuan A20 tidak Aktif,Kombinasi Tombol Hapus Rute Sinyal Tujuan A20 Aktif,1,1,,,perintah,SLO,194,1,817
2819,SLO-A20-AA,Kereta datang dari Blok A20 Telah Diberi Izin Masuk,Alarm Kedatangan Kereta dari Blok A20 Berbunyi,1,1,1,0>1,,SLO,194,2,818
2820,SLO-A20-BZ-TE,,Alarm Kedatangan Kereta dari Blok A20 Telah Berhenti Berbunyi,1,1,,,,SLO,194,3,819
2821,SLO-J20-RRLSPB-CTRL,Kombinasi Tombol Hapus Rute Sinyal Tujuan J20 tidak Aktif,Kombinasi Tombol Hapus Rute Sinyal Tujuan J20 Aktif,1,1,,,perintah,SLO,194,4,820
2822,SLO-A20-TBMS-CTRL,Kombinasi Tombol TBMS dan A20 tidak Aktif,Kombinasi Tombol TBMS dan A20 Aktif,1,1,,,perintah,SLO,194,5,821
2823,SLO-A20-TBMS,TBMS ke Arah A20 tidak Aktif,TBMS ke Arah A20 Aktif,1,1,,,blok,SLO,194,6,822
2824,SLO-A114-RRLSPB-CTRL,Kombinasi Tombol Hapus Rute Sinyal Tujuan A114 tidak Aktif,Kombinasi Tombol Hapus Rute Sinyal Tujuan A114 Aktif,1,1,,,perintah,SLO,194,7,823
2825,SLO-A114-AA,Kereta datang dari Blok A114 Telah Diberi Izin Masuk,Alarm Kedatangan Kereta dari Blok A114 Berbunyi,1,1,1,0>1,,SLO,194,8,824
2826,SLO-A114-BZ-TE,,Alarm Kedatangan Kereta dari Blok A114 Telah Berhenti Berbunyi,1,1,,,,SLO,194,9,825
2827,SLO-J114-RRLSPB-CTRL,Kombinasi Tombol Hapus Rute Sinyal Tujuan J114 tidak Aktif,Kombinasi Tombol Hapus Rute Sinyal Tujuan J114 Aktif,1,1,,,perintah,SLO,194,10,826
2828,SLO-A114-CF-TBMS-CTRL,Kombinasi Tombol TBMS dan A114 tidak Aktif,Kombinasi Tombol TBMS dan A114 Aktif,1,1,,,perintah,SLO,194,11,827
2829,SLO-A114-CF-TBMS,TBMS ke Arah A114 tidak Aktif,TBMS ke Arah A114 Aktif,1,1,,,blok,SLO,194,12,828
2830,SLO-A134-RRLSPB-CTRL,Kombinasi Tombol Hapus Rute Sinyal Tujuan A134 tidak Aktif,Kombinasi Tombol Hapus Rute Sinyal Tujuan A134 Aktif,1,1,,,perintah,SLO,194,13,829
2831,SLO-A134-AA,Kereta datang dari Blok A134 Telah Diberi Izin Masuk,Alarm Kedatangan Kereta dari Blok A134 Berbunyi,1,1,1,0>1,,SLO,194,14,830
2832,SLO-A134-BZ-TE,,Alarm Kedatangan Kereta dari Blok A134 Telah Berhenti Berbunyi,1,1,,,,SLO,194,15,831
2833,SLO-J134-RRLSPB-CTRL,Kombinasi Tombol Hapus Rute Sinyal Tujuan J134 tidak Aktif,Kombinasi Tombol Hapus Rute Sinyal Tujuan J134 Aktif,1,1,,,perintah,SLO,195,0,832
2834,SLO-A134-TBMS-CTRL,Kombinasi Tombol TBMS dan A134 tidak Aktif,Kombinasi Tombol TBMS dan A134 Aktif,1,1,,,perintah,SLO,195,1,833
2835,SLO-A134-TBMS,TBMS ke Arah A134 tidak Aktif,TBMS ke Arah A134 Aktif,1,1,,,blok,SLO,195,2,834
2836,SLO-A130-RRLSPB-CTRL,Kombinasi Tombol Hapus Rute Sinyal Tujuan A130 tidak Aktif,Kombinasi Tombol Hapus Rute Sinyal Tujuan A130 Aktif,1,1,,,perintah,SLO,195,3,835
2837,SLO-A130-AA,Kereta datang dari Blok A130 Telah Diberi Izin Masuk,Alarm Kedatangan Kereta dari Blok A130 Berbunyi,1,1,1,0>1,,SLO,195,4,836
2838,SLO-A130-BZ-TE,,Alarm Kedatangan Kereta dari Blok A130 Telah Berhenti Berbunyi,1,1,,,,SLO,195,5,837
2839,SLO-J130-RRLSPB-CTRL,Kombinasi Tombol Hapus Rute Sinyal Tujuan J130 tidak Aktif,Kombinasi Tombol Hapus Rute Sinyal Tujuan J130 Aktif,1,1,,,perintah,SLO,195,6,838
2840,SLO-A130-TBMS-CTRL,Kombinasi Tombol TBMS dan A130 tidak Aktif,Kombinasi Tombol TBMS dan A130 Aktif,1,1,,,perintah,SLO,195,7,839
2841,SLO-A130-TBMS,TBMS ke Arah A130 tidak Aktif,TBMS ke Arah A130 Aktif,1,1,,,blok,SLO,195,8,840
2842,SLO-JPL94-PB-ERR,Tombol ACK JPL94 Normal Kembali,Gangguan Tombol ACK JPL94,1,1,1,0>1,lain-lain,SLO,195,9,841
2843,SLO-JPL116-PB-ERR,Tombol ACK JPL116 Normal Kembali,Gangguan Tombol ACK JPL116,1,1,1,0>1,lain-lain,SLO,195,10,842
2844,SLO-NV-OK,System NON VITAL mengalami Gangguan,System NON VITAL Normal,1,1,,,lain-lain,SLO,195,11,843
2845,SLO-NV-POW-OK,System NON VITAL Suplai Daya Gangguan,System NON VITAL Suplai Daya Normal,1,1,,,lain-lain,SLO,195,12,844
2846,SLO-NV-TEMP-OK,System NON VITAL Temperatur Gangguan,System NON VITAL Temperatur Normal,1,1,,,lain-lain,SLO,195,13,845
2847,SLO-NV-ACTIVE-ERR,System NON VITAL tidak terdapat ERROR,System NON VITAL terdapat ERROR,1,1,,,lain-lain,SLO,195,14,846
2848,SLO-NV-ACTIVE-WARN,System NON VITAL tidak terdapat WARNING,System NON VITAL terdapat WARNING,1,1,,,lain-lain,SLO,195,15,847
2849,SLO-NV-FORCING-PREPARED,System NON VITAL tidak sedang dipersiapkan untuk Forcing,System NON VITAL sedang dipersiapkan untuk Forcing,1,1,,,lain-lain,SLO,196,0,848
2850,SLO-NV-FORCING-ACTIVE,System NON VITAL tidak terdapat variable terforcing,System NON VITAL terdapat variable terforcing,1,1,,,lain-lain,SLO,196,1,849
2851,SLO-NV-DI-OK,System NON VITAL Modul DI mengalami Gangguan,System NON VITAL Modul DI Normal,1,1,,,lain-lain,SLO,196,2,850
2852,SLO-NV-DO-OK,System NON VITAL Modul DO mengalami Gangguan,System NON VITAL Modul DO Normal,1,1,,,lain-lain,SLO,196,3,851
2853,SLO-NV-RELOAD,System NON VITAL selesai melakukan RELOAD,System NON VITAL mulai melakukan RELOAD,1,1,,,lain-lain,SLO,196,4,852
2854,SLO-NV-NS/RIO-COMM-OK,Komunikasi NON VITAL ke NS Gangguan,Komunikasi NON VITAL ke NS Normal,1,1,,,lain-lain,SLO,196,5,853
2855,SLO-NV-NS/RIO-OK,NS Remote IO mengalami Gangguan,NS Remote IO Normal,1,1,,,lain-lain,SLO,196,6,854
2856,SLO-CTC-OK,System CTS/CTC mengalami Gangguan,System CTS/CTC Normal,1,1,,,lain-lain,SLO,196,7,855
2857,SLO-CTC-POW-OK,System CTS/CTC Suplai Daya Gangguan,System CTS/CTC Suplai Daya Normal,1,1,,,lain-lain,SLO,196,8,856
2858,SLO-CTC-TEMP-OK,System CTS/CTC Temperatur Gangguan,System CTS/CTC Temperatur Normal,1,1,,,lain-lain,SLO,196,9,857
2859,SLO-CTC-ACTIVE-ERR,System CTS/CTC tidak terdapat ERROR,System CTS/CTC terdapat ERROR,1,1,,,lain-lain,SLO,196,10,858
2860,SLO-CTC-ACTIVE-WARN,System CTS/CTC tidak terdapat WARNING,System CTS/CTC terdapat WARNING,1,1,,,lain-lain,SLO,196,11,859
2861,SLO-CTC-FORCING-PREPARED,System CTS/CTC tidak sedang dipersiapkan untuk Forcing,System CTS/CTC sedang dipersiapkan untuk Forcing,1,1,,,lain-lain,SLO,196,12,860
2862,SLO-CTC-FORCING-ACTIVE,System CTS/CTC tidak terdapat variable terforcing,System CTS/CTC terdapat variable terforcing,1,1,,,lain-lain,SLO,196,13,861
2863,SLO-CTC-DI-OK,System CTS/CTC Modul DI mengalami Gangguan,System CTS/CTC Modul DI Normal,1,1,,,lain-lain,SLO,196,14,862
2864,SLO-CTC-DO-OK,System CTS/CTC Modul DO mengalami Gangguan,System CTS/CTC Modul DO Normal,1,1,,,lain-lain,SLO,196,15,863
2865,SLO-CTC-RELOAD,System CTS/CTC selesai melakukan RELOAD,System CTS/CTC mulai melakukan RELOAD,1,1,,,lain-lain,SLO,197,0,864
2866,SLO-VDU-ALIVE-IN1,,,,,,,,SLO,197,1,865
2867,SLO-VDU-ALIVE-OUT1,,,,,,,,SLO,197,2,866
2868,SLO-VDU-LOG-IN1,,,,,,,,SLO,197,3,867
2869,SLO-VDU-LOG-OUT1,,,,,,,,SLO,197,4,868
2870,SLO-IN1-COMM-OK,Komunikasi Sistem NON VITAL dengan VDU1 Gangguan,Komunikasi Sistem NON VITAL dengan VDU1 Normal,1,1,1,1>0,lain-lain,SLO,197,5,869
2871,SLO-VDU-ALIVE-IN2,,,,,,,,SLO,197,6,870
2872,SLO-VDU-ALIVE-OUT2,,,,,,,,SLO,197,7,871
2873,SLO-VDU-LOG-IN2,,,,,,,,SLO,197,8,872
2874,SLO-VDU-LOG-OUT2,,,,,,,,SLO,197,9,873
2875,SLO-IN2-COMM-OK,Komunikasi Sistem NON VITAL dengan VDU2 Gangguan,Komunikasi Sistem NON VITAL dengan VDU2 Normal,1,1,1,1>0,lain-lain,SLO,197,10,874
2876,,,,,,,,,SLO,197,11,875
2877,,,,,,,,,SLO,197,12,876
2878,,,,,,,,,SLO,197,13,877
2879,,,,,,,,,SLO,197,14,878
2880,,,,,,,,,SLO,197,15,879
2881,SLO-VDR-DO,,,,,,,,SLO,198,0,880
2882,SLO-VDR-DI,Kontak Relay VDR Putus,Kontak Relay VDR Terhubung,1,1,1,1>0,lain-lain,SLO,198,1,881
2883,SLO-CPR-PSU1-OK,PSU1 CPR Gangguan Suplai Daya,PSU1 CPR Normal,1,1,1,1>0,lain-lain,SLO,198,2,882
2884,SLO-CPR-PSU2-OK,PSU2 CPR Gangguan Suplai Daya,PSU2 CPR Normal,1,1,1,1>0,lain-lain,SLO,198,3,883
2885,SLO-WARNING-OK,,,,,,,,SLO,198,4,884
2886,SLO-NV-V-OK,Gangguan Komunikasi Sistem Vital dan Sistem Nonvital,Komunikasi Sistem Vital dan Sistem Nonvital Normal Kembali,1,1,1,1>0,lain-lain,SLO,198,5,885
2887,SLO-V-LOGGER-CHK,,,,,,,,SLO,198,6,886
2888,SLO-LOGGER-V-OK,Gangguan Komunikasi Data Logger dan Sistem Vital,Komunikasi Data Logger dan Sistem Vital Normal Kembali,1,1,1,1>0,lain-lain,SLO,198,7,887
2889,SLO-J10-62B-E,,Rute Darurat dari J10 ke JL62B Terbentuk,1,1,,,rute,SLO,198,8,888
2890,SLO-J10-62B-H,,Rute Normal dari J10 ke JL62B Terbentuk,1,1,,,rute,SLO,198,9,889
2891,SLO-J10-42B-E,,Rute Darurat dari J10 ke JL42B Terbentuk,1,1,,,rute,SLO,198,10,890
2892,SLO-J10-42B-H,,Rute Normal dari J10 ke JL42B Terbentuk,1,1,,,rute,SLO,198,11,891
2893,SLO-J10-22B-E,,Rute Darurat dari J10 ke JL22B Terbentuk,1,1,,,rute,SLO,198,12,892
2894,SLO-J10-22B-H,,Rute Normal dari J10 ke JL22B Terbentuk,1,1,,,rute,SLO,198,13,893
2895,SLO-J10-12B-E,,Rute Darurat dari J10 ke JL12B Terbentuk,1,1,,,rute,SLO,198,14,894
2896,SLO-J10-12B-H,,Rute Normal dari J10 ke JL12B Terbentuk,1,1,,,rute,SLO,198,15,895
2897,SLO-J10-12B-D,,Rute Normal dari J10 ke JL12B Terbentuk,1,1,,,rute,SLO,199,0,896
2898,SLO-J10-92B-E,,Rute Darurat dari J10 ke JL92B Terbentuk,1,1,,,rute,SLO,199,1,897
2899,SLO-J10-92B-H,,Rute Normal dari J10 ke JL92B Terbentuk,1,1,,,rute,SLO,199,2,898
2900,SLO-J10-112B-E,,Rute Darurat dari J10 ke JL112B Terbentuk,1,1,,,rute,SLO,199,3,899
2901,SLO-J10-112B-H,,Rute Normal dari J10 ke JL112B Terbentuk,1,1,,,rute,SLO,199,4,900
2902,SLO-J10-132B-E,,Rute Darurat dari J10 ke JL132B Terbentuk,1,1,,,rute,SLO,199,5,901
2903,SLO-J10-132B-H,,Rute Normal dari J10 ke JL132B Terbentuk,1,1,,,rute,SLO,199,6,902
2904,SLO-J10-152B-E,,Rute Darurat dari J10 ke JL152B Terbentuk,1,1,,,rute,SLO,199,7,903
2905,SLO-J10-152B-H,,Rute Normal dari J10 ke JL152B Terbentuk,1,1,,,rute,SLO,199,8,904
2906,SLO-J10-172B-E,,Rute Darurat dari J10 ke JL172B Terbentuk,1,1,,,rute,SLO,199,9,905
2907,SLO-J10-172B-H,,Rute Normal dari J10 ke JL172B Terbentuk,1,1,,,rute,SLO,199,10,906
2908,SLO-J10-A130-E,,Rute Darurat dari J10 ke A130 Terbentuk,1,1,,,rute,SLO,199,11,907
2909,SLO-J10-A130-H,,Rute Normal dari J10 ke A130 Terbentuk,1,1,,,rute,SLO,199,12,908
2910,SLO-J10-A130-D,,Rute Normal dari J10 ke A130 Terbentuk,1,1,,,rute,SLO,199,13,909
2911,SLO-J10-192B-E,,Rute Darurat dari J10 ke JL192B Terbentuk,1,1,,,rute,SLO,199,14,910
2912,SLO-J10-192B-H,,Rute Normal dari J10 ke JL192B Terbentuk,1,1,,,rute,SLO,199,15,911
2913,SLO-J114-62A-E,,Rute Darurat dari J114 ke JL62A Terbentuk,1,1,,,rute,SLO,200,0,912
2914,SLO-J114-62A-H,,Rute Normal dari J114 ke JL62A Terbentuk,1,1,,,rute,SLO,200,1,913
2915,SLO-J114-42A-E,,Rute Darurat dari J114 ke JL42A Terbentuk,1,1,,,rute,SLO,200,2,914
2916,SLO-J114-42A-H,,Rute Normal dari J114 ke JL42A Terbentuk,1,1,,,rute,SLO,200,3,915
2917,SLO-J114-22A-E,,Rute Darurat dari J114 ke JL22A Terbentuk,1,1,,,rute,SLO,200,4,916
2918,SLO-J114-22A-H,,Rute Normal dari J114 ke JL22A Terbentuk,1,1,,,rute,SLO,200,5,917
2919,SLO-J114-22A-D,,Rute Normal dari J114 ke JL22A Terbentuk,1,1,,,rute,SLO,200,6,918
2920,SLO-J114-12A-E,,Rute Darurat dari J114 ke JL12A Terbentuk,1,1,,,rute,SLO,200,7,919
2921,SLO-J114-12A-H,,Rute Normal dari J114 ke JL12A Terbentuk,1,1,,,rute,SLO,200,8,920
2922,SLO-J114-92A-E,,Rute Darurat dari J114 ke JL92A Terbentuk,1,1,,,rute,SLO,200,9,921
2923,SLO-J114-92A-H,,Rute Normal dari J114 ke JL92A Terbentuk,1,1,,,rute,SLO,200,10,922
2924,SLO-J114-112A-E,,Rute Darurat dari J114 ke JL112A Terbentuk,1,1,,,rute,SLO,200,11,923
2925,SLO-J114-112A-H,,Rute Normal dari J114 ke JL112A Terbentuk,1,1,,,rute,SLO,200,12,924
2926,SLO-J114-132A-E,,Rute Darurat dari J114 ke JL132A Terbentuk,1,1,,,rute,SLO,200,13,925
2927,SLO-J114-132A-H,,Rute Normal dari J114 ke JL132A Terbentuk,1,1,,,rute,SLO,200,14,926
2928,SLO-J114-152A-E,,Rute Darurat dari J114 ke JL152A Terbentuk,1,1,,,rute,SLO,200,15,927
2929,SLO-J114-152A-H,,Rute Normal dari J114 ke JL152A Terbentuk,1,1,,,rute,SLO,201,0,928
2930,SLO-J114-172A-E,,Rute Darurat dari J114 ke JL172A Terbentuk,1,1,,,rute,SLO,201,1,929
2931,SLO-J114-172A-H,,Rute Normal dari J114 ke JL172A Terbentuk,1,1,,,rute,SLO,201,2,930
2932,SLO-J114-192A-E,,Rute Darurat dari J114 ke JL192A Terbentuk,1,1,,,rute,SLO,201,3,931
2933,SLO-J114-192A-H,,Rute Normal dari J114 ke JL192A Terbentuk,1,1,,,rute,SLO,201,4,932
2934,SLO-J130-A20-E,,Rute Darurat dari J130 ke A20 Terbentuk,1,1,,,rute,SLO,201,5,933
2935,SLO-J130-A20-H,,Rute Normal dari J130 ke A20 Terbentuk,1,1,,,rute,SLO,201,6,934
2936,SLO-J130-A20-D,,Rute Normal dari J130 ke A20 Terbentuk,1,1,,,rute,SLO,201,7,935
2937,SLO-J130-62B-E,,Rute Darurat dari J130 ke JL62B Terbentuk,1,1,,,rute,SLO,201,8,936
2938,SLO-J130-62B-H,,Rute Normal dari J130 ke JL62B Terbentuk,1,1,,,rute,SLO,201,9,937
2939,SLO-J130-42B-E,,Rute Darurat dari J130 ke JL42B Terbentuk,1,1,,,rute,SLO,201,10,938
2940,SLO-J130-42B-H,,Rute Normal dari J130 ke JL42B Terbentuk,1,1,,,rute,SLO,201,11,939
2941,SLO-J130-22B-E,,Rute Darurat dari J130 ke JL22B Terbentuk,1,1,,,rute,SLO,201,12,940
2942,SLO-J130-22B-H,,Rute Normal dari J130 ke JL22B Terbentuk,1,1,,,rute,SLO,201,13,941
2943,SLO-J130-12B-E,,Rute Darurat dari J130 ke JL12B Terbentuk,1,1,,,rute,SLO,201,14,942
2944,SLO-J130-12B-H,,Rute Normal dari J130 ke JL12B Terbentuk,1,1,,,rute,SLO,201,15,943
2945,SLO-J130-92B-E,,Rute Darurat dari J130 ke JL92B Terbentuk,1,1,,,rute,SLO,202,0,944
2946,SLO-J130-92B-H,,Rute Normal dari J130 ke JL92B Terbentuk,1,1,,,rute,SLO,202,1,945
2947,SLO-J130-112B-E,,Rute Darurat dari J130 ke JL112B Terbentuk,1,1,,,rute,SLO,202,2,946
2948,SLO-J130-112B-H,,Rute Normal dari J130 ke JL112B Terbentuk,1,1,,,rute,SLO,202,3,947
2949,SLO-J130-132B-E,,Rute Darurat dari J130 ke JL132B Terbentuk,1,1,,,rute,SLO,202,4,948
2950,SLO-J130-132B-H,,Rute Normal dari J130 ke JL132B Terbentuk,1,1,,,rute,SLO,202,5,949
2951,SLO-J130-132B-D,,Rute Normal dari J130 ke JL132B Terbentuk,1,1,,,rute,SLO,202,6,950
2952,SLO-J130-152B-E,,Rute Darurat dari J130 ke JL152B Terbentuk,1,1,,,rute,SLO,202,7,951
2953,SLO-J130-152B-H,,Rute Normal dari J130 ke JL152B Terbentuk,1,1,,,rute,SLO,202,8,952
2954,SLO-J130-172B-E,,Rute Darurat dari J130 ke JL172B Terbentuk,1,1,,,rute,SLO,202,9,953
2955,SLO-J130-172B-H,,Rute Normal dari J130 ke JL172B Terbentuk,1,1,,,rute,SLO,202,10,954
2956,SLO-J130-192B-E,,Rute Darurat dari J130 ke JL192B Terbentuk,1,1,,,rute,SLO,202,11,955
2957,SLO-J130-192B-H,,Rute Normal dari J130 ke JL192B Terbentuk,1,1,,,rute,SLO,202,12,956
2958,SLO-J134-62A-CF-E,,Rute Contraflow dari J134 ke JL62A Terbentuk,1,1,,,rute,SLO,202,13,957
2959,SLO-J134-42A-CF-E,,Rute Contraflow dari J134 ke JL42A Terbentuk,1,1,,,rute,SLO,202,14,958
2960,SLO-J134-22A-CF-E,,Rute Contraflow dari J134 ke JL22A Terbentuk,1,1,,,rute,SLO,202,15,959
2961,SLO-J134-12A-CF-E,,Rute Contraflow dari J134 ke JL12A Terbentuk,1,1,,,rute,SLO,203,0,960
2962,SLO-J134-92A-CF-E,,Rute Contraflow dari J134 ke JL92A Terbentuk,1,1,,,rute,SLO,203,1,961
2963,SLO-J134-112A-CF-E,,Rute Contraflow dari J134 ke JL112A Terbentuk,1,1,,,rute,SLO,203,2,962
2964,SLO-J134-132A-CF-E,,Rute Contraflow dari J134 ke JL132A Terbentuk,1,1,,,rute,SLO,203,3,963
2965,SLO-J134-152A-CF-E,,Rute Contraflow dari J134 ke JL152A Terbentuk,1,1,,,rute,SLO,203,4,964
2966,SLO-J134-172A-CF-E,,Rute Contraflow dari J134 ke JL172A Terbentuk,1,1,,,rute,SLO,203,5,965
2967,SLO-J134-192A-CF-E,,Rute Contraflow dari J134 ke JL192A Terbentuk,1,1,,,rute,SLO,203,6,966
2968,SLO-J20-62B-CF-E,,Rute Contraflow dari J20 ke JL62B Terbentuk,1,1,,,rute,SLO,203,7,967
2969,SLO-J20-42B-CF-E,,Rute Contraflow dari J20 ke JL42B Terbentuk,1,1,,,rute,SLO,203,8,968
2970,SLO-J20-22B-CF-E,,Rute Contraflow dari J20 ke JL22B Terbentuk,1,1,,,rute,SLO,203,9,969
2971,SLO-J20-12B-CF-E,,Rute Contraflow dari J20 ke JL12B Terbentuk,1,1,,,rute,SLO,203,10,970
2972,SLO-J20-92B-CF-E,,Rute Contraflow dari J20 ke JL92B Terbentuk,1,1,,,rute,SLO,203,11,971
2973,SLO-J20-112B-CF-E,,Rute Contraflow dari J20 ke JL112B Terbentuk,1,1,,,rute,SLO,203,12,972
2974,SLO-J20-132B-CF-E,,Rute Contraflow dari J20 ke JL132B Terbentuk,1,1,,,rute,SLO,203,13,973
2975,SLO-J20-152B-CF-E,,Rute Contraflow dari J20 ke JL152B Terbentuk,1,1,,,rute,SLO,203,14,974
2976,SLO-J20-172B-CF-E,,Rute Contraflow dari J20 ke JL172B Terbentuk,1,1,,,rute,SLO,203,15,975
2977,SLO-J20-192B-CF-E,,Rute Contraflow dari J20 ke JL192B Terbentuk,1,1,,,rute,SLO,204,0,976
2978,SLO-J20-A130-CF-E,,Rute Contraflow dari J20 ke A130 Terbentuk,1,1,,,rute,SLO,204,1,977
2979,SLO-JL112A-A20-E,,Rute Darurat dari JL112A ke A20 Terbentuk,1,1,,,rute,SLO,204,2,978
2980,SLO-JL112A-A20-H,,Rute Normal dari JL112A ke A20 Terbentuk,1,1,,,rute,SLO,204,3,979
2981,SLO-JL112A-A20-D,,Rute Normal dari JL112A ke A20 Terbentuk,1,1,,,rute,SLO,204,4,980
2982,SLO-JL112A-A10-CF-E,,Rute Contraflow dari JL112A ke A10 Terbentuk,1,1,,,rute,SLO,204,5,981
2983,SLO-JL112A-31B1-S,,Rute Langsir dari JL112A ke L31B1 Terbentuk,1,1,,,rute,SLO,204,6,982
2984,SLO-JL112A-A130-E,,Rute Darurat dari JL112A ke A130 Terbentuk,1,1,,,rute,SLO,204,7,983
2985,SLO-JL112A-A130-H,,Rute Normal dari JL112A ke A130 Terbentuk,1,1,,,rute,SLO,204,8,984
2986,SLO-JL112A-A130-D,,Rute Normal dari JL112A ke A130 Terbentuk,1,1,,,rute,SLO,204,9,985
2987,SLO-JL112A-X130-S,,Rute Langsir dari JL112A ke X130 Terbentuk,1,1,,,rute,SLO,204,10,986
2988,SLO-JL112A-X110-S,,Rute Langsir dari JL112A ke X110 Terbentuk,1,1,,,rute,SLO,204,11,987
2989,SLO-JL112B-133B-S,,Rute Langsir dari JL112B ke L133B Terbentuk,1,1,,,rute,SLO,204,12,988
2990,SLO-JL112B-X154-S,,Rute Langsir dari JL112B ke X154 Terbentuk,1,1,,,rute,SLO,204,13,989
2991,SLO-JL112B-X174A-S,,Rute Langsir dari JL112B ke X174A Terbentuk,1,1,,,rute,SLO,204,14,990
2992,SLO-JL112B-X174B-S,,Rute Langsir dari JL112B ke X174B Terbentuk,1,1,,,rute,SLO,204,15,991
2993,SLO-JL112B-A114-CF-E,,Rute Contraflow dari JL112B ke A114 Terbentuk,1,1,,,rute,SLO,205,0,992
2994,SLO-JL112B-A134-E,,Rute Darurat dari JL112B ke A134 Terbentuk,1,1,,,rute,SLO,205,1,993
2995,SLO-JL112B-A134-D,,Rute Normal dari JL112B ke A134 Terbentuk,1,1,,,rute,SLO,205,2,994
2996,SLO-JL112B-X134-S,,Rute Langsir dari JL112B ke X134 Terbentuk,1,1,,,rute,SLO,205,3,995
2997,SLO-JL12A-A20-E,,Rute Darurat dari JL12A ke A20 Terbentuk,1,1,,,rute,SLO,205,4,996
2998,SLO-JL12A-A20-H,,Rute Normal dari JL12A ke A20 Terbentuk,1,1,,,rute,SLO,205,5,997
2999,SLO-JL12A-A20-D,,Rute Normal dari JL12A ke A20 Terbentuk,1,1,,,rute,SLO,205,6,998
3000,SLO-JL12A-A10-CF-E,,Rute Contraflow dari JL12A ke A10 Terbentuk,1,1,,,rute,SLO,205,7,999
3001,SLO-JL12A-A130-E,,Rute Darurat dari JL12A ke A130 Terbentuk,1,1,,,rute,SLO,205,8,1000
3002,SLO-JL12A-A130-H,,Rute Normal dari JL12A ke A130 Terbentuk,1,1,,,rute,SLO,205,9,1001
3003,SLO-JL12A-A130-D,,Rute Normal dari JL12A ke A130 Terbentuk,1,1,,,rute,SLO,205,10,1002
3004,SLO-JL12A-X130-S,,Rute Langsir dari JL12A ke X130 Terbentuk,1,1,,,rute,SLO,205,11,1003
3005,SLO-JL12A-11A-S,,Rute Langsir dari JL12A ke L11A Terbentuk,1,1,,,rute,SLO,205,12,1004
3006,SLO-JL12B-133B-S,,Rute Langsir dari JL12B ke L133B Terbentuk,1,1,,,rute,SLO,205,13,1005
3007,SLO-JL12B-X154-S,,Rute Langsir dari JL12B ke X154 Terbentuk,1,1,,,rute,SLO,205,14,1006
3008,SLO-JL12B-X174A-S,,Rute Langsir dari JL12B ke X174A Terbentuk,1,1,,,rute,SLO,205,15,1007
3009,SLO-JL12B-X174B-S,,Rute Langsir dari JL12B ke X174B Terbentuk,1,1,,,rute,SLO,206,0,1008
3010,SLO-JL12B-X34-S,,Rute Langsir dari JL12B ke X34 Terbentuk,1,1,,,rute,SLO,206,1,1009
3011,SLO-JL12B-X54-S,,Rute Langsir dari JL12B ke X54 Terbentuk,1,1,,,rute,SLO,206,2,1010
3012,SLO-JL12B-X74-S,,Rute Langsir dari JL12B ke X74 Terbentuk,1,1,,,rute,SLO,206,3,1011
3013,SLO-JL12B-X94-S,,Rute Langsir dari JL12B ke X94 Terbentuk,1,1,,,rute,SLO,206,4,1012
3014,SLO-JL12B-X23-S,,Rute Langsir dari JL12B ke X23 Terbentuk,1,1,,,rute,SLO,206,5,1013
3015,SLO-JL12B-A134-E,,Rute Darurat dari JL12B ke A134 Terbentuk,1,1,,,rute,SLO,206,6,1014
3016,SLO-JL12B-A134-D,,Rute Normal dari JL12B ke A134 Terbentuk,1,1,,,rute,SLO,206,7,1015
3017,SLO-JL12B-X134-S,,Rute Langsir dari JL12B ke X134 Terbentuk,1,1,,,rute,SLO,206,8,1016
3018,SLO-JL132A-A20-E,,Rute Darurat dari JL132A ke A20 Terbentuk,1,1,,,rute,SLO,206,9,1017
3019,SLO-JL132A-A20-H,,Rute Normal dari JL132A ke A20 Terbentuk,1,1,,,rute,SLO,206,10,1018
3020,SLO-JL132A-A20-D,,Rute Normal dari JL132A ke A20 Terbentuk,1,1,,,rute,SLO,206,11,1019
3021,SLO-JL132A-31B1-S,,Rute Langsir dari JL132A ke L31B1 Terbentuk,1,1,,,rute,SLO,206,12,1020
3022,SLO-JL132A-A130-E,,Rute Darurat dari JL132A ke A130 Terbentuk,1,1,,,rute,SLO,206,13,1021
3023,SLO-JL132A-A130-H,,Rute Normal dari JL132A ke A130 Terbentuk,1,1,,,rute,SLO,206,14,1022
3024,SLO-JL132A-A130-D,,Rute Normal dari JL132A ke A130 Terbentuk,1,1,,,rute,SLO,206,15,1023
3025,SLO-JL132A-X130-S,,Rute Langsir dari JL132A ke X130 Terbentuk,1,1,,,rute,SLO,207,0,1024
3026,SLO-JL132B-133B-S,,Rute Langsir dari JL132B ke L133B Terbentuk,1,1,,,rute,SLO,207,1,1025
3027,SLO-JL132B-X154-S,,Rute Langsir dari JL132B ke X154 Terbentuk,1,1,,,rute,SLO,207,2,1026
3028,SLO-JL132B-X174A-S,,Rute Langsir dari JL132B ke X174A Terbentuk,1,1,,,rute,SLO,207,3,1027
3029,SLO-JL132B-X174B-S,,Rute Langsir dari JL132B ke X174B Terbentuk,1,1,,,rute,SLO,207,4,1028
3030,SLO-JL132B-A134-E,,Rute Darurat dari JL132B ke A134 Terbentuk,1,1,,,rute,SLO,207,5,1029
3031,SLO-JL132B-A134-D,,Rute Normal dari JL132B ke A134 Terbentuk,1,1,,,rute,SLO,207,6,1030
3032,SLO-JL152A-A20-E,,Rute Darurat dari JL152A ke A20 Terbentuk,1,1,,,rute,SLO,207,7,1031
3033,SLO-JL152A-A20-H,,Rute Normal dari JL152A ke A20 Terbentuk,1,1,,,rute,SLO,207,8,1032
3034,SLO-JL152A-A20-D,,Rute Normal dari JL152A ke A20 Terbentuk,1,1,,,rute,SLO,207,9,1033
3035,SLO-JL152A-A10-CF-E,,Rute Contraflow dari JL152A ke A10 Terbentuk,1,1,,,rute,SLO,207,10,1034
3036,SLO-JL152A-31B1-S,,Rute Langsir dari JL152A ke L31B1 Terbentuk,1,1,,,rute,SLO,207,11,1035
3037,SLO-JL152A-A130-E,,Rute Darurat dari JL152A ke A130 Terbentuk,1,1,,,rute,SLO,207,12,1036
3038,SLO-JL152A-A130-H,,Rute Normal dari JL152A ke A130 Terbentuk,1,1,,,rute,SLO,207,13,1037
3039,SLO-JL152A-A130-D,,Rute Normal dari JL152A ke A130 Terbentuk,1,1,,,rute,SLO,207,14,1038
3040,SLO-JL152A-X130-S,,Rute Langsir dari JL152A ke X130 Terbentuk,1,1,,,rute,SLO,207,15,1039
3041,SLO-JL152B-133B-S,,Rute Langsir dari JL152B ke L133B Terbentuk,1,1,,,rute,SLO,208,0,1040
3042,SLO-JL152B-X154-S,,Rute Langsir dari JL152B ke X154 Terbentuk,1,1,,,rute,SLO,208,1,1041
3043,SLO-JL152B-X174A-S,,Rute Langsir dari JL152B ke X174A Terbentuk,1,1,,,rute,SLO,208,2,1042
3044,SLO-JL152B-X174B-S,,Rute Langsir dari JL152B ke X174B Terbentuk,1,1,,,rute,SLO,208,3,1043
3045,SLO-JL152B-A114-CF-E,,Rute Contraflow dari JL152B ke A114 Terbentuk,1,1,,,rute,SLO,208,4,1044
3046,SLO-JL152B-A134-E,,Rute Darurat dari JL152B ke A134 Terbentuk,1,1,,,rute,SLO,208,5,1045
3047,SLO-JL152B-A134-D,,Rute Normal dari JL152B ke A134 Terbentuk,1,1,,,rute,SLO,208,6,1046
3048,SLO-JL172A-A20-E,,Rute Darurat dari JL172A ke A20 Terbentuk,1,1,,,rute,SLO,208,7,1047
3049,SLO-JL172A-A20-H,,Rute Normal dari JL172A ke A20 Terbentuk,1,1,,,rute,SLO,208,8,1048
3050,SLO-JL172A-A20-D,,Rute Normal dari JL172A ke A20 Terbentuk,1,1,,,rute,SLO,208,9,1049
3051,SLO-JL172A-A10-CF-E,,Rute Contraflow dari JL172A ke A10 Terbentuk,1,1,,,rute,SLO,208,10,1050
3052,SLO-JL172A-31B1-S,,Rute Langsir dari JL172A ke L31B1 Terbentuk,1,1,,,rute,SLO,208,11,1051
3053,SLO-JL172A-A130-E,,Rute Darurat dari JL172A ke A130 Terbentuk,1,1,,,rute,SLO,208,12,1052
3054,SLO-JL172A-A130-H,,Rute Normal dari JL172A ke A130 Terbentuk,1,1,,,rute,SLO,208,13,1053
3055,SLO-JL172A-A130-D,,Rute Normal dari JL172A ke A130 Terbentuk,1,1,,,rute,SLO,208,14,1054
3056,SLO-JL172A-X130-S,,Rute Langsir dari JL172A ke X130 Terbentuk,1,1,,,rute,SLO,208,15,1055
3057,SLO-JL172B-133B-S,,Rute Langsir dari JL172B ke L133B Terbentuk,1,1,,,rute,SLO,209,0,1056
3058,SLO-JL172B-X154-S,,Rute Langsir dari JL172B ke X154 Terbentuk,1,1,,,rute,SLO,209,1,1057
3059,SLO-JL172B-X174A-S,,Rute Langsir dari JL172B ke X174A Terbentuk,1,1,,,rute,SLO,209,2,1058
3060,SLO-JL172B-X174B-S,,Rute Langsir dari JL172B ke X174B Terbentuk,1,1,,,rute,SLO,209,3,1059
3061,SLO-JL172B-A114-CF-E,,Rute Contraflow dari JL172B ke A114 Terbentuk,1,1,,,rute,SLO,209,4,1060
3062,SLO-JL172B-A134-E,,Rute Darurat dari JL172B ke A134 Terbentuk,1,1,,,rute,SLO,209,5,1061
3063,SLO-JL172B-A134-D,,Rute Normal dari JL172B ke A134 Terbentuk,1,1,,,rute,SLO,209,6,1062
3064,SLO-JL22A-A20-E,,Rute Darurat dari JL22A ke A20 Terbentuk,1,1,,,rute,SLO,209,7,1063
3065,SLO-JL22A-A20-H,,Rute Normal dari JL22A ke A20 Terbentuk,1,1,,,rute,SLO,209,8,1064
3066,SLO-JL22A-A20-D,,Rute Normal dari JL22A ke A20 Terbentuk,1,1,,,rute,SLO,209,9,1065
3067,SLO-JL22A-X20-S,,Rute Langsir dari JL22A ke X20 Terbentuk,1,1,,,rute,SLO,209,10,1066
3068,SLO-JL22A-A130-E,,Rute Darurat dari JL22A ke A130 Terbentuk,1,1,,,rute,SLO,209,11,1067
3069,SLO-JL22A-A130-H,,Rute Normal dari JL22A ke A130 Terbentuk,1,1,,,rute,SLO,209,12,1068
3070,SLO-JL22A-A130-D,,Rute Normal dari JL22A ke A130 Terbentuk,1,1,,,rute,SLO,209,13,1069
3071,SLO-JL22A-X130-S,,Rute Langsir dari JL22A ke X130 Terbentuk,1,1,,,rute,SLO,209,14,1070
3072,SLO-JL22A-11A-S,,Rute Langsir dari JL22A ke L11A Terbentuk,1,1,,,rute,SLO,209,15,1071
3073,SLO-JL22B-X23-S,,Rute Langsir dari JL22B ke X23 Terbentuk,1,1,,,rute,SLO,210,0,1072
3074,SLO-JL22B-A114-CF-E,,Rute Contraflow dari JL22B ke A114 Terbentuk,1,1,,,rute,SLO,210,1,1073
3075,SLO-JL22B-A134-E,,Rute Darurat dari JL22B ke A134 Terbentuk,1,1,,,rute,SLO,210,2,1074
3076,SLO-JL22B-A134-D,,Rute Normal dari JL22B ke A134 Terbentuk,1,1,,,rute,SLO,210,3,1075
3077,SLO-JL22B-X134-S,,Rute Langsir dari JL22B ke X134 Terbentuk,1,1,,,rute,SLO,210,4,1076
3078,SLO-JL42A-A20-E,,Rute Darurat dari JL42A ke A20 Terbentuk,1,1,,,rute,SLO,210,5,1077
3079,SLO-JL42A-A20-H,,Rute Normal dari JL42A ke A20 Terbentuk,1,1,,,rute,SLO,210,6,1078
3080,SLO-JL42A-A20-D,,Rute Normal dari JL42A ke A20 Terbentuk,1,1,,,rute,SLO,210,7,1079
3081,SLO-JL42A-X20-S,,Rute Langsir dari JL42A ke X20 Terbentuk,1,1,,,rute,SLO,210,8,1080
3082,SLO-JL42A-A10-CF-E,,Rute Contraflow dari JL42A ke A10 Terbentuk,1,1,,,rute,SLO,210,9,1081
3083,SLO-JL42A-A130-E,,Rute Darurat dari JL42A ke A130 Terbentuk,1,1,,,rute,SLO,210,10,1082
3084,SLO-JL42A-A130-H,,Rute Normal dari JL42A ke A130 Terbentuk,1,1,,,rute,SLO,210,11,1083
3085,SLO-JL42A-A130-D,,Rute Normal dari JL42A ke A130 Terbentuk,1,1,,,rute,SLO,210,12,1084
3086,SLO-JL42A-X130-S,,Rute Langsir dari JL42A ke X130 Terbentuk,1,1,,,rute,SLO,210,13,1085
3087,SLO-JL42A-11A-S,,Rute Langsir dari JL42A ke L11A Terbentuk,1,1,,,rute,SLO,210,14,1086
3088,SLO-JL42B-X23-S,,Rute Langsir dari JL42B ke X23 Terbentuk,1,1,,,rute,SLO,210,15,1087
3089,SLO-JL42B-A114-CF-E,,Rute Contraflow dari JL42B ke A114 Terbentuk,1,1,,,rute,SLO,211,0,1088
3090,SLO-JL42B-A134-E,,Rute Darurat dari JL42B ke A134 Terbentuk,1,1,,,rute,SLO,211,1,1089
3091,SLO-JL42B-A134-D,,Rute Normal dari JL42B ke A134 Terbentuk,1,1,,,rute,SLO,211,2,1090
3092,SLO-JL42B-X134-S,,Rute Langsir dari JL42B ke X134 Terbentuk,1,1,,,rute,SLO,211,3,1091
3093,SLO-JL42B-X44-S,,Rute Langsir dari JL42B ke X44 Terbentuk,1,1,,,rute,SLO,211,4,1092
3094,SLO-JL62A-A20-E,,Rute Darurat dari JL62A ke A20 Terbentuk,1,1,,,rute,SLO,211,5,1093
3095,SLO-JL62A-A20-H,,Rute Normal dari JL62A ke A20 Terbentuk,1,1,,,rute,SLO,211,6,1094
3096,SLO-JL62A-A20-D,,Rute Normal dari JL62A ke A20 Terbentuk,1,1,,,rute,SLO,211,7,1095
3097,SLO-JL62A-X20-S,,Rute Langsir dari JL62A ke X20 Terbentuk,1,1,,,rute,SLO,211,8,1096
3098,SLO-JL62A-A10-CF-E,,Rute Contraflow dari JL62A ke A10 Terbentuk,1,1,,,rute,SLO,211,9,1097
3099,SLO-JL62A-A130-E,,Rute Darurat dari JL62A ke A130 Terbentuk,1,1,,,rute,SLO,211,10,1098
3100,SLO-JL62A-A130-H,,Rute Normal dari JL62A ke A130 Terbentuk,1,1,,,rute,SLO,211,11,1099
3101,SLO-JL62A-A130-D,,Rute Normal dari JL62A ke A130 Terbentuk,1,1,,,rute,SLO,211,12,1100
3102,SLO-JL62A-X130-S,,Rute Langsir dari JL62A ke X130 Terbentuk,1,1,,,rute,SLO,211,13,1101
3103,SLO-JL62A-11A-S,,Rute Langsir dari JL62A ke L11A Terbentuk,1,1,,,rute,SLO,211,14,1102
3104,SLO-JL62B-X23-S,,Rute Langsir dari JL62B ke X23 Terbentuk,1,1,,,rute,SLO,211,15,1103
3105,SLO-JL62B-A114-CF-E,,Rute Contraflow dari JL62B ke A114 Terbentuk,1,1,,,rute,SLO,212,0,1104
3106,SLO-JL62B-A134-E,,Rute Darurat dari JL62B ke A134 Terbentuk,1,1,,,rute,SLO,212,1,1105
3107,SLO-JL62B-A134-D,,Rute Normal dari JL62B ke A134 Terbentuk,1,1,,,rute,SLO,212,2,1106
3108,SLO-JL62B-X134-S,,Rute Langsir dari JL62B ke X134 Terbentuk,1,1,,,rute,SLO,212,3,1107
3109,SLO-JL62B-X44-S,,Rute Langsir dari JL62B ke X44 Terbentuk,1,1,,,rute,SLO,212,4,1108
3110,SLO-JL92A-A20-E,,Rute Darurat dari JL92A ke A20 Terbentuk,1,1,,,rute,SLO,212,5,1109
3111,SLO-JL92A-A20-H,,Rute Normal dari JL92A ke A20 Terbentuk,1,1,,,rute,SLO,212,6,1110
3112,SLO-JL92A-A20-D,,Rute Normal dari JL92A ke A20 Terbentuk,1,1,,,rute,SLO,212,7,1111
3113,SLO-JL92A-A10-CF-E,,Rute Contraflow dari JL92A ke A10 Terbentuk,1,1,,,rute,SLO,212,8,1112
3114,SLO-JL92A-31B1-S,,Rute Langsir dari JL92A ke L31B1 Terbentuk,1,1,,,rute,SLO,212,9,1113
3115,SLO-JL92A-A130-E,,Rute Darurat dari JL92A ke A130 Terbentuk,1,1,,,rute,SLO,212,10,1114
3116,SLO-JL92A-A130-H,,Rute Normal dari JL92A ke A130 Terbentuk,1,1,,,rute,SLO,212,11,1115
3117,SLO-JL92A-A130-D,,Rute Normal dari JL92A ke A130 Terbentuk,1,1,,,rute,SLO,212,12,1116
3118,SLO-JL92A-X130-S,,Rute Langsir dari JL92A ke X130 Terbentuk,1,1,,,rute,SLO,212,13,1117
3119,SLO-JL92A-X110-S,,Rute Langsir dari JL92A ke X110 Terbentuk,1,1,,,rute,SLO,212,14,1118
3120,SLO-JL92B-133B-S,,Rute Langsir dari JL92B ke L133B Terbentuk,1,1,,,rute,SLO,212,15,1119
3121,SLO-JL92B-X154-S,,Rute Langsir dari JL92B ke X154 Terbentuk,1,1,,,rute,SLO,213,0,1120
3122,SLO-JL92B-X174A-S,,Rute Langsir dari JL92B ke X174A Terbentuk,1,1,,,rute,SLO,213,1,1121
3123,SLO-JL92B-X174B-S,,Rute Langsir dari JL92B ke X174B Terbentuk,1,1,,,rute,SLO,213,2,1122
3124,SLO-JL92B-A114-CF-E,,Rute Contraflow dari JL92B ke A114 Terbentuk,1,1,,,rute,SLO,213,3,1123
3125,SLO-JL92B-A134-E,,Rute Darurat dari JL92B ke A134 Terbentuk,1,1,,,rute,SLO,213,4,1124
3126,SLO-JL92B-A134-D,,Rute Normal dari JL92B ke A134 Terbentuk,1,1,,,rute,SLO,213,5,1125
3127,SLO-JL92B-X134-S,,Rute Langsir dari JL92B ke X134 Terbentuk,1,1,,,rute,SLO,213,6,1126
3128,SLO-L11A-X20-S,,Rute Langsir dari L11A ke X20 Terbentuk,1,1,,,rute,SLO,213,7,1127
3129,SLO-L11B-62B-S,,Rute Langsir dari L11B ke JL62B Terbentuk,1,1,,,rute,SLO,213,8,1128
3130,SLO-L11B-42B-S,,Rute Langsir dari L11B ke JL42B Terbentuk,1,1,,,rute,SLO,213,9,1129
3131,SLO-L11B-22B-S,,Rute Langsir dari L11B ke JL22B Terbentuk,1,1,,,rute,SLO,213,10,1130
3132,SLO-L11B-12B-S,,Rute Langsir dari L11B ke JL12B Terbentuk,1,1,,,rute,SLO,213,11,1131
3133,SLO-L130-31A1-S,,Rute Langsir dari L130 ke L31A1 Terbentuk,1,1,,,rute,SLO,213,12,1132
3134,SLO-L130-62B-S,,Rute Langsir dari L130 ke JL62B Terbentuk,1,1,,,rute,SLO,213,13,1133
3135,SLO-L130-42B-S,,Rute Langsir dari L130 ke JL42B Terbentuk,1,1,,,rute,SLO,213,14,1134
3136,SLO-L130-22B-S,,Rute Langsir dari L130 ke JL22B Terbentuk,1,1,,,rute,SLO,213,15,1135
3137,SLO-L130-12B-S,,Rute Langsir dari L130 ke JL12B Terbentuk,1,1,,,rute,SLO,214,0,1136
3138,SLO-L130-92B-S,,Rute Langsir dari L130 ke JL92B Terbentuk,1,1,,,rute,SLO,214,1,1137
3139,SLO-L130-112B-S,,Rute Langsir dari L130 ke JL112B Terbentuk,1,1,,,rute,SLO,214,2,1138
3140,SLO-L130-132B-S,,Rute Langsir dari L130 ke JL132B Terbentuk,1,1,,,rute,SLO,214,3,1139
3141,SLO-L130-152B-S,,Rute Langsir dari L130 ke JL152B Terbentuk,1,1,,,rute,SLO,214,4,1140
3142,SLO-L130-172B-S,,Rute Langsir dari L130 ke JL172B Terbentuk,1,1,,,rute,SLO,214,5,1141
3143,SLO-L130-192B-S,,Rute Langsir dari L130 ke JL192B Terbentuk,1,1,,,rute,SLO,214,6,1142
3144,SLO-L133A-12A-S,,Rute Langsir dari L133A ke JL12A Terbentuk,1,1,,,rute,SLO,214,7,1143
3145,SLO-L133A-92A-S,,Rute Langsir dari L133A ke JL92A Terbentuk,1,1,,,rute,SLO,214,8,1144
3146,SLO-L133A-112A-S,,Rute Langsir dari L133A ke JL112A Terbentuk,1,1,,,rute,SLO,214,9,1145
3147,SLO-L133A-132A-S,,Rute Langsir dari L133A ke JL132A Terbentuk,1,1,,,rute,SLO,214,10,1146
3148,SLO-L133A-152A-S,,Rute Langsir dari L133A ke JL152A Terbentuk,1,1,,,rute,SLO,214,11,1147
3149,SLO-L133A-172A-S,,Rute Langsir dari L133A ke JL172A Terbentuk,1,1,,,rute,SLO,214,12,1148
3150,SLO-L133A-192A-S,,Rute Langsir dari L133A ke JL192A Terbentuk,1,1,,,rute,SLO,214,13,1149
3151,SLO-L133A-X212-S,,Rute Langsir dari L133A ke X212 Terbentuk,1,1,,,rute,SLO,214,14,1150
3152,SLO-L133A-X232-S,,Rute Langsir dari L133A ke X232 Terbentuk,1,1,,,rute,SLO,214,15,1151
3153,SLO-L133B-X134-S,,Rute Langsir dari L133B ke X134 Terbentuk,1,1,,,rute,SLO,215,0,1152
3154,SLO-L134-62A-S,,Rute Langsir dari L134 ke JL62A Terbentuk,1,1,,,rute,SLO,215,1,1153
3155,SLO-L134-42A-S,,Rute Langsir dari L134 ke JL42A Terbentuk,1,1,,,rute,SLO,215,2,1154
3156,SLO-L134-22A-S,,Rute Langsir dari L134 ke JL22A Terbentuk,1,1,,,rute,SLO,215,3,1155
3157,SLO-L134-12A-S,,Rute Langsir dari L134 ke JL12A Terbentuk,1,1,,,rute,SLO,215,4,1156
3158,SLO-L134-133A-S,,Rute Langsir dari L134 ke L133A Terbentuk,1,1,,,rute,SLO,215,5,1157
3159,SLO-L134-92A-S,,Rute Langsir dari L134 ke JL92A Terbentuk,1,1,,,rute,SLO,215,6,1158
3160,SLO-L134-112A-S,,Rute Langsir dari L134 ke JL112A Terbentuk,1,1,,,rute,SLO,215,7,1159
3161,SLO-L154-12A-S,,Rute Langsir dari L154 ke JL12A Terbentuk,1,1,,,rute,SLO,215,8,1160
3162,SLO-L154-92A-S,,Rute Langsir dari L154 ke JL92A Terbentuk,1,1,,,rute,SLO,215,9,1161
3163,SLO-L154-112A-S,,Rute Langsir dari L154 ke JL112A Terbentuk,1,1,,,rute,SLO,215,10,1162
3164,SLO-L154-132A-S,,Rute Langsir dari L154 ke JL132A Terbentuk,1,1,,,rute,SLO,215,11,1163
3165,SLO-L154-152A-S,,Rute Langsir dari L154 ke JL152A Terbentuk,1,1,,,rute,SLO,215,12,1164
3166,SLO-L154-172A-S,,Rute Langsir dari L154 ke JL172A Terbentuk,1,1,,,rute,SLO,215,13,1165
3167,SLO-L154-192A-S,,Rute Langsir dari L154 ke JL192A Terbentuk,1,1,,,rute,SLO,215,14,1166
3168,SLO-L154-X212-S,,Rute Langsir dari L154 ke X212 Terbentuk,1,1,,,rute,SLO,215,15,1167
3169,SLO-L154-X232-S,,Rute Langsir dari L154 ke X232 Terbentuk,1,1,,,rute,SLO,216,0,1168
3170,SLO-L174A-12A-S,,Rute Langsir dari L174A ke JL12A Terbentuk,1,1,,,rute,SLO,216,1,1169
3171,SLO-L174A-92A-S,,Rute Langsir dari L174A ke JL92A Terbentuk,1,1,,,rute,SLO,216,2,1170
3172,SLO-L174A-112A-S,,Rute Langsir dari L174A ke JL112A Terbentuk,1,1,,,rute,SLO,216,3,1171
3173,SLO-L174A-132A-S,,Rute Langsir dari L174A ke JL132A Terbentuk,1,1,,,rute,SLO,216,4,1172
3174,SLO-L174A-152A-S,,Rute Langsir dari L174A ke JL152A Terbentuk,1,1,,,rute,SLO,216,5,1173
3175,SLO-L174A-172A-S,,Rute Langsir dari L174A ke JL172A Terbentuk,1,1,,,rute,SLO,216,6,1174
3176,SLO-L174A-192A-S,,Rute Langsir dari L174A ke JL192A Terbentuk,1,1,,,rute,SLO,216,7,1175
3177,SLO-L174A-X212-S,,Rute Langsir dari L174A ke X212 Terbentuk,1,1,,,rute,SLO,216,8,1176
3178,SLO-L174A-X232-S,,Rute Langsir dari L174A ke X232 Terbentuk,1,1,,,rute,SLO,216,9,1177
3179,SLO-L174B-12A-S,,Rute Langsir dari L174B ke JL12A Terbentuk,1,1,,,rute,SLO,216,10,1178
3180,SLO-L174B-92A-S,,Rute Langsir dari L174B ke JL92A Terbentuk,1,1,,,rute,SLO,216,11,1179
3181,SLO-L174B-112A-S,,Rute Langsir dari L174B ke JL112A Terbentuk,1,1,,,rute,SLO,216,12,1180
3182,SLO-L174B-132A-S,,Rute Langsir dari L174B ke JL132A Terbentuk,1,1,,,rute,SLO,216,13,1181
3183,SLO-L174B-152A-S,,Rute Langsir dari L174B ke JL152A Terbentuk,1,1,,,rute,SLO,216,14,1182
3184,SLO-L174B-172A-S,,Rute Langsir dari L174B ke JL172A Terbentuk,1,1,,,rute,SLO,216,15,1183
3185,SLO-L174B-192A-S,,Rute Langsir dari L174B ke JL192A Terbentuk,1,1,,,rute,SLO,217,0,1184
3186,SLO-L174B-X212-S,,Rute Langsir dari L174B ke X212 Terbentuk,1,1,,,rute,SLO,217,1,1185
3187,SLO-L174B-X232-S,,Rute Langsir dari L174B ke X232 Terbentuk,1,1,,,rute,SLO,217,2,1186
3188,SLO-L20-62B-S,,Rute Langsir dari L20 ke JL62B Terbentuk,1,1,,,rute,SLO,217,3,1187
3189,SLO-L20-42B-S,,Rute Langsir dari L20 ke JL42B Terbentuk,1,1,,,rute,SLO,217,4,1188
3190,SLO-L20-22B-S,,Rute Langsir dari L20 ke JL22B Terbentuk,1,1,,,rute,SLO,217,5,1189
3191,SLO-L20-11B-S,,Rute Langsir dari L20 ke L11B Terbentuk,1,1,,,rute,SLO,217,6,1190
3192,SLO-L20-31B2-S,,Rute Langsir dari L20 ke L31B2 Terbentuk,1,1,,,rute,SLO,217,7,1191
3193,SLO-L20-31A2-S,,Rute Langsir dari L20 ke L31A2 Terbentuk,1,1,,,rute,SLO,217,8,1192
3194,SLO-L23-62A-S,,Rute Langsir dari L23 ke JL62A Terbentuk,1,1,,,rute,SLO,217,9,1193
3195,SLO-L23-42A-S,,Rute Langsir dari L23 ke JL42A Terbentuk,1,1,,,rute,SLO,217,10,1194
3196,SLO-L23-22A-S,,Rute Langsir dari L23 ke JL22A Terbentuk,1,1,,,rute,SLO,217,11,1195
3197,SLO-L23-12A-S,,Rute Langsir dari L23 ke JL12A Terbentuk,1,1,,,rute,SLO,217,12,1196
3198,SLO-L31A1-X20-S,,Rute Langsir dari L31A1 ke X20 Terbentuk,1,1,,,rute,SLO,217,13,1197
3199,SLO-L31A2-X130-S,,Rute Langsir dari L31A2 ke X130 Terbentuk,1,1,,,rute,SLO,217,14,1198
3200,SLO-L31B1-X20-S,,Rute Langsir dari L31B1 ke X20 Terbentuk,1,1,,,rute,SLO,217,15,1199
3201,SLO-L31B2-92B-S,,Rute Langsir dari L31B2 ke JL92B Terbentuk,1,1,,,rute,SLO,218,0,1200
3202,SLO-L31B2-112B-S,,Rute Langsir dari L31B2 ke JL112B Terbentuk,1,1,,,rute,SLO,218,1,1201
3203,SLO-L31B2-132B-S,,Rute Langsir dari L31B2 ke JL132B Terbentuk,1,1,,,rute,SLO,218,2,1202
3204,SLO-L31B2-152B-S,,Rute Langsir dari L31B2 ke JL152B Terbentuk,1,1,,,rute,SLO,218,3,1203
3205,SLO-L31B2-172B-S,,Rute Langsir dari L31B2 ke JL172B Terbentuk,1,1,,,rute,SLO,218,4,1204
3206,SLO-L31B2-192B-S,,Rute Langsir dari L31B2 ke JL192B Terbentuk,1,1,,,rute,SLO,218,5,1205
3207,SLO-L34-12A-S,,Rute Langsir dari L34 ke JL12A Terbentuk,1,1,,,rute,SLO,218,6,1206
3208,SLO-L44-62A-S,,Rute Langsir dari L44 ke JL62A Terbentuk,1,1,,,rute,SLO,218,7,1207
3209,SLO-L44-42A-S,,Rute Langsir dari L44 ke JL42A Terbentuk,1,1,,,rute,SLO,218,8,1208
3210,SLO-L54-12A-S,,Rute Langsir dari L54 ke JL12A Terbentuk,1,1,,,rute,SLO,218,9,1209
3211,SLO-L74-12A-S,,Rute Langsir dari L74 ke JL12A Terbentuk,1,1,,,rute,SLO,218,10,1210
3212,SLO-L94-12A-S,,Rute Langsir dari L94 ke JL12A Terbentuk,1,1,,,rute,SLO,218,11,1211
3213,SLO-JL192A-A20-E,,Rute Darurat dari JL192A ke A20 Terbentuk,1,1,,,rute,SLO,218,12,1212
3214,SLO-JL192A-A20-H,,Rute Normal dari JL192A ke A20 Terbentuk,1,1,,,rute,SLO,218,13,1213
3215,SLO-JL192A-A20-D,,Rute Normal dari JL192A ke A20 Terbentuk,1,1,,,rute,SLO,218,14,1214
3216,SLO-JL192A-A10-CF-E,,Rute Contraflow dari JL192A ke A10 Terbentuk,1,1,,,rute,SLO,218,15,1215
3217,SLO-JL192A-31B1-S,,Rute Langsir dari JL192A ke L31B1 Terbentuk,1,1,,,rute,SLO,219,0,1216
3218,SLO-JL192A-A130-E,,Rute Darurat dari JL192A ke A130 Terbentuk,1,1,,,rute,SLO,219,1,1217
3219,SLO-JL192A-A130-H,,Rute Normal dari JL192A ke A130 Terbentuk,1,1,,,rute,SLO,219,2,1218
3220,SLO-JL192A-A130-D,,Rute Normal dari JL192A ke A130 Terbentuk,1,1,,,rute,SLO,219,3,1219
3221,SLO-JL192A-X130-S,,Rute Langsir dari JL192A ke X130 Terbentuk,1,1,,,rute,SLO,219,4,1220
3222,SLO-JL192B-133B-S,,Rute Langsir dari JL192B ke L133B Terbentuk,1,1,,,rute,SLO,219,5,1221
3223,SLO-JL192B-X154-S,,Rute Langsir dari JL192B ke X154 Terbentuk,1,1,,,rute,SLO,219,6,1222
3224,SLO-JL192B-X174A-S,,Rute Langsir dari JL192B ke X174A Terbentuk,1,1,,,rute,SLO,219,7,1223
3225,SLO-JL192B-X174B-S,,Rute Langsir dari JL192B ke X174B Terbentuk,1,1,,,rute,SLO,219,8,1224
3226,SLO-JL192B-A114-CF-E,,Rute Contraflow dari JL192B ke A114 Terbentuk,1,1,,,rute,SLO,219,9,1225
3227,SLO-JL192B-A134-E,,Rute Darurat dari JL192B ke A134 Terbentuk,1,1,,,rute,SLO,219,10,1226
3228,SLO-JL192B-A134-D,,Rute Normal dari JL192B ke A134 Terbentuk,1,1,,,rute,SLO,219,11,1227
3229,SLO-L110-92B-S,,Rute Langsir dari L110 ke JL92B Terbentuk,1,1,,,rute,SLO,219,12,1228
3230,SLO-L110-112B-S,,Rute Langsir dari L110 ke JL112B Terbentuk,1,1,,,rute,SLO,219,13,1229
3231,SLO-L212-133B-S,,Rute Langsir dari L212 ke L133B Terbentuk,1,1,,,rute,SLO,219,14,1230
3232,SLO-L212-X154-S,,Rute Langsir dari L212 ke X154 Terbentuk,1,1,,,rute,SLO,219,15,1231
3233,SLO-L212-X174A-S,,Rute Langsir dari L212 ke X174A Terbentuk,1,1,,,rute,SLO,220,0,1232
3234,SLO-L212-X174B-S,,Rute Langsir dari L212 ke X174B Terbentuk,1,1,,,rute,SLO,220,1,1233
3235,SLO-L232-X174A-S,,Rute Langsir dari L232 ke X174A Terbentuk,1,1,,,rute,SLO,220,2,1234
3236,SLO-L232-X174B-S,,Rute Langsir dari L232 ke X174B Terbentuk,1,1,,,rute,SLO,220,3,1235
3237,SLO-L232-133B-S,,Rute Langsir dari L232 ke L133B Terbentuk,1,1,,,rute,SLO,220,4,1236
3238,SLO-L232-X154-S,,Rute Langsir dari L232 ke X154 Terbentuk,1,1,,,rute,SLO,220,5,1237
3239,SLO-J10-HR-DO,Perintah  untuk Menyalakan Aspek Kuning Sinyal J10 tidak Aktif,Perintah  untuk Menyalakan Aspek Kuning Sinyal J10 Aktif,1,1,,,sinyal,SLO,220,6,1238
3240,SLO-J10-DR-DO,Perintah  untuk Menyalakan Aspek Hijau Sinyal J10 tidak Aktif,Perintah  untuk Menyalakan Aspek Hijau Sinyal J10 Aktif,1,1,,,sinyal,SLO,220,7,1239
3241,SLO-J10-ER-DO,Perintah  untuk Menyalakan Aspek Darurat Sinyal J10 tidak Aktif,Perintah  untuk Menyalakan Aspek Darurat Sinyal J10 Aktif,1,1,,,sinyal,SLO,220,8,1240
3242,SLO-J10-SR-DO,Perintah  untuk Menyalakan Aspek Batas Kecepatan Sinyal J10 tidak Aktif,Perintah  untuk Menyalakan Aspek Batas Kecepatan Sinyal J10 Aktif,1,1,,,sinyal,SLO,220,9,1241
3243,SLO-J10-RDR-DO,Perintah  untuk Menyalakan Aspek Indikator Arah Kanan Sinyal J10 tidak Aktif,Perintah  untuk Menyalakan Aspek Indikator Arah Kanan Sinyal J10 Aktif,1,1,,,sinyal,SLO,220,10,1242
3244,SLO-J10-ECR-DI,Lampu Sinyal J10 Padam / Gangguan,ECR Sinyal J10 Normal,1,1,,,sinyal,SLO,220,11,1243
3245,SLO-J10-SECR-DI,,Lampu Indikator Kecepatan Sinyal J10 Normal,1,1,,,sinyal,SLO,220,12,1244
3246,SLO-J114-HR-DO,Perintah  untuk Menyalakan Aspek Kuning Sinyal J114 tidak Aktif,Perintah  untuk Menyalakan Aspek Kuning Sinyal J114 Aktif,1,1,,,sinyal,SLO,220,13,1245
3247,SLO-J114-DR-DO,Perintah  untuk Menyalakan Aspek Hijau Sinyal J114 tidak Aktif,Perintah  untuk Menyalakan Aspek Hijau Sinyal J114 Aktif,1,1,,,sinyal,SLO,220,14,1246
3248,SLO-J114-ER-DO,Perintah  untuk Menyalakan Aspek Darurat Sinyal J114 tidak Aktif,Perintah  untuk Menyalakan Aspek Darurat Sinyal J114 Aktif,1,1,,,sinyal,SLO,220,15,1247
3249,SLO-J114-SR-DO,Perintah  untuk Menyalakan Aspek Batas Kecepatan Sinyal J114 tidak Aktif,Perintah  untuk Menyalakan Aspek Batas Kecepatan Sinyal J114 Aktif,1,1,,,sinyal,SLO,221,0,1248
3250,SLO-J114-RDR-DO,Perintah  untuk Menyalakan Aspek Indikator Arah Kanan Sinyal J114 tidak Aktif,Perintah  untuk Menyalakan Aspek Indikator Arah Kanan Sinyal J114 Aktif,1,1,,,sinyal,SLO,221,1,1249
3251,SLO-J114-ECR-DI,Lampu Sinyal J114 Padam / Gangguan,ECR Sinyal J114 Normal,1,1,,,sinyal,SLO,221,2,1250
3252,SLO-J114-SECR-DI,,Lampu Indikator Kecepatan Sinyal J114 Normal,1,1,,,sinyal,SLO,221,3,1251
3253,SLO-J130-HR-DO,Perintah  untuk Menyalakan Aspek Kuning Sinyal J130 tidak Aktif,Perintah  untuk Menyalakan Aspek Kuning Sinyal J130 Aktif,1,1,,,sinyal,SLO,221,4,1252
3254,SLO-J130-DR-DO,Perintah  untuk Menyalakan Aspek Hijau Sinyal J130 tidak Aktif,Perintah  untuk Menyalakan Aspek Hijau Sinyal J130 Aktif,1,1,,,sinyal,SLO,221,5,1253
3255,SLO-J130-ER-DO,Perintah  untuk Menyalakan Aspek Darurat Sinyal J130 tidak Aktif,Perintah  untuk Menyalakan Aspek Darurat Sinyal J130 Aktif,1,1,,,sinyal,SLO,221,6,1254
3256,SLO-J130-SR-DO,Perintah  untuk Menyalakan Aspek Batas Kecepatan Sinyal J130 tidak Aktif,Perintah  untuk Menyalakan Aspek Batas Kecepatan Sinyal J130 Aktif,1,1,,,sinyal,SLO,221,7,1255
3257,SLO-J130-LDR-DO,Perintah  untuk Menyalakan Aspek Indikator Arah Kiri Sinyal J130 tidak Aktif,Perintah  untuk Menyalakan Aspek Indikator Arah Kiri Sinyal J130 Aktif,1,1,,,sinyal,SLO,221,8,1256
3258,SLO-J130-ECR-DI,Lampu Sinyal J130 Padam / Gangguan,ECR Sinyal J130 Normal,1,1,,,sinyal,SLO,221,9,1257
3259,SLO-J130-SECR-DI,,Lampu Indikator Kecepatan Sinyal J130 Normal,1,1,,,sinyal,SLO,221,10,1258
3260,SLO-J134-ER-DO,Perintah  untuk Menyalakan Aspek Darurat Sinyal J134 tidak Aktif,Perintah  untuk Menyalakan Aspek Darurat Sinyal J134 Aktif,1,1,,,sinyal,SLO,221,11,1259
3261,SLO-J134-ECR-DI,Lampu Sinyal J134 Padam / Gangguan,ECR Sinyal J134 Normal,1,1,,,sinyal,SLO,221,12,1260
3262,SLO-J20-ER-DO,Perintah  untuk Menyalakan Aspek Darurat Sinyal J20 tidak Aktif,Perintah  untuk Menyalakan Aspek Darurat Sinyal J20 Aktif,1,1,,,sinyal,SLO,221,13,1261
3263,SLO-J20-ECR-DI,Lampu Sinyal J20 Padam / Gangguan,ECR Sinyal J20 Normal,1,1,,,sinyal,SLO,221,14,1262
3264,SLO-JL112A-HR-DO,Perintah  untuk Menyalakan Aspek Kuning Sinyal JL112A tidak Aktif,Perintah  untuk Menyalakan Aspek Kuning Sinyal JL112A Aktif,1,1,,,sinyal,SLO,221,15,1263
3265,SLO-JL112A-DR-DO,Perintah  untuk Menyalakan Aspek Hijau Sinyal JL112A tidak Aktif,Perintah  untuk Menyalakan Aspek Hijau Sinyal JL112A Aktif,1,1,,,sinyal,SLO,222,0,1264
3266,SLO-JL112A-ER-DO,Perintah  untuk Menyalakan Aspek Darurat Sinyal JL112A tidak Aktif,Perintah  untuk Menyalakan Aspek Darurat Sinyal JL112A Aktif,1,1,,,sinyal,SLO,222,1,1265
3267,SLO-JL112A-GR-DO,Perintah  untuk Menyalakan Aspek Langsir Putih Sinyal JL112A tidak Aktif,Perintah  untuk Menyalakan Aspek Langsir Putih Sinyal JL112A Aktif,1,1,,,sinyal,SLO,222,2,1266
3268,SLO-JL112A-CFR-DO,Perintah  untuk Menyalakan Aspek Indikator Contraflow Sinyal JL112A tidak Aktif,Perintah  untuk Menyalakan Aspek Indikator Contraflow Sinyal JL112A Aktif,1,1,,,sinyal,SLO,222,3,1267
3269,SLO-JL112A-RDR-DO,Perintah  untuk Menyalakan Aspek Indikator Arah Kanan Sinyal JL112A tidak Aktif,Perintah  untuk Menyalakan Aspek Indikator Arah Kanan Sinyal JL112A Aktif,1,1,,,sinyal,SLO,222,4,1268
3270,SLO-JL112A-ECR-DI,Lampu Sinyal JL112A Padam / Gangguan,ECR Sinyal JL112A Normal,1,1,,,sinyal,SLO,222,5,1269
3271,SLO-JL112A-RRLS,Proses TPR Tujuan Sinyal JL112A Tidak Sedang Berlangsung,Proses TPR Tujuan Sinyal JL112A Sedang Berlangsung,1,1,,,sinyal,SLO,222,6,1270
3272,SLO-JL112A-RRLS-TE,,Proses TPR Tujuan Sinyal JL112A telah Selesai,1,1,,,sinyal,SLO,222,7,1271
3273,SLO-JL112B-DR-DO,Perintah  untuk Menyalakan Aspek Hijau Sinyal JL112B tidak Aktif,Perintah  untuk Menyalakan Aspek Hijau Sinyal JL112B Aktif,1,1,,,sinyal,SLO,222,8,1272
3274,SLO-JL112B-ER-DO,Perintah  untuk Menyalakan Aspek Darurat Sinyal JL112B tidak Aktif,Perintah  untuk Menyalakan Aspek Darurat Sinyal JL112B Aktif,1,1,,,sinyal,SLO,222,9,1273
3275,SLO-JL112B-GR-DO,Perintah  untuk Menyalakan Aspek Langsir Putih Sinyal JL112B tidak Aktif,Perintah  untuk Menyalakan Aspek Langsir Putih Sinyal JL112B Aktif,1,1,,,sinyal,SLO,222,10,1274
3276,SLO-JL112B-CFR-DO,Perintah  untuk Menyalakan Aspek Indikator Contraflow Sinyal JL112B tidak Aktif,Perintah  untuk Menyalakan Aspek Indikator Contraflow Sinyal JL112B Aktif,1,1,,,sinyal,SLO,222,11,1275
3277,SLO-JL112B-ECR-DI,Lampu Sinyal JL112B Padam / Gangguan,ECR Sinyal JL112B Normal,1,1,,,sinyal,SLO,222,12,1276
3278,SLO-JL112B-RRLS,Proses TPR Tujuan Sinyal JL112B Tidak Sedang Berlangsung,Proses TPR Tujuan Sinyal JL112B Sedang Berlangsung,1,1,,,sinyal,SLO,222,13,1277
3279,SLO-JL112B-RRLS-TE,,Proses TPR Tujuan Sinyal JL112B telah Selesai,1,1,,,sinyal,SLO,222,14,1278
3280,SLO-JL12A-HR-DO,Perintah  untuk Menyalakan Aspek Kuning Sinyal JL12A tidak Aktif,Perintah  untuk Menyalakan Aspek Kuning Sinyal JL12A Aktif,1,1,,,sinyal,SLO,222,15,1279
3281,SLO-JL12A-DR-DO,Perintah  untuk Menyalakan Aspek Hijau Sinyal JL12A tidak Aktif,Perintah  untuk Menyalakan Aspek Hijau Sinyal JL12A Aktif,1,1,,,sinyal,SLO,223,0,1280
3282,SLO-JL12A-ER-DO,Perintah  untuk Menyalakan Aspek Darurat Sinyal JL12A tidak Aktif,Perintah  untuk Menyalakan Aspek Darurat Sinyal JL12A Aktif,1,1,,,sinyal,SLO,223,1,1281
3283,SLO-JL12A-GR-DO,Perintah  untuk Menyalakan Aspek Langsir Putih Sinyal JL12A tidak Aktif,Perintah  untuk Menyalakan Aspek Langsir Putih Sinyal JL12A Aktif,1,1,,,sinyal,SLO,223,2,1282
3284,SLO-JL12A-CFR-DO,Perintah  untuk Menyalakan Aspek Indikator Contraflow Sinyal JL12A tidak Aktif,Perintah  untuk Menyalakan Aspek Indikator Contraflow Sinyal JL12A Aktif,1,1,,,sinyal,SLO,223,3,1283
3285,SLO-JL12A-LDR-DO,Perintah  untuk Menyalakan Aspek Indikator Arah Kiri Sinyal JL12A tidak Aktif,Perintah  untuk Menyalakan Aspek Indikator Arah Kiri Sinyal JL12A Aktif,1,1,,,sinyal,SLO,223,4,1284
3286,SLO-JL12A-ECR-DI,Lampu Sinyal JL12A Padam / Gangguan,ECR Sinyal JL12A Normal,1,1,,,sinyal,SLO,223,5,1285
3287,SLO-JL12A-RRLS,Proses TPR Tujuan Sinyal JL12A Tidak Sedang Berlangsung,Proses TPR Tujuan Sinyal JL12A Sedang Berlangsung,1,1,,,sinyal,SLO,223,6,1286
3288,SLO-JL12A-RRLS-TE,,Proses TPR Tujuan Sinyal JL12A telah Selesai,1,1,,,sinyal,SLO,223,7,1287
3289,SLO-JL12B-DR-DO,Perintah  untuk Menyalakan Aspek Hijau Sinyal JL12B tidak Aktif,Perintah  untuk Menyalakan Aspek Hijau Sinyal JL12B Aktif,1,1,,,sinyal,SLO,223,8,1288
3290,SLO-JL12B-ER-DO,Perintah  untuk Menyalakan Aspek Darurat Sinyal JL12B tidak Aktif,Perintah  untuk Menyalakan Aspek Darurat Sinyal JL12B Aktif,1,1,,,sinyal,SLO,223,9,1289
3291,SLO-JL12B-GR-DO,Perintah  untuk Menyalakan Aspek Langsir Putih Sinyal JL12B tidak Aktif,Perintah  untuk Menyalakan Aspek Langsir Putih Sinyal JL12B Aktif,1,1,,,sinyal,SLO,223,10,1290
3292,SLO-JL12B-ECR-DI,Lampu Sinyal JL12B Padam / Gangguan,ECR Sinyal JL12B Normal,1,1,,,sinyal,SLO,223,11,1291
3293,SLO-JL12B-RRLS,Proses TPR Tujuan Sinyal JL12B Tidak Sedang Berlangsung,Proses TPR Tujuan Sinyal JL12B Sedang Berlangsung,1,1,,,sinyal,SLO,223,12,1292
3294,SLO-JL12B-RRLS-TE,,Proses TPR Tujuan Sinyal JL12B telah Selesai,1,1,,,sinyal,SLO,223,13,1293
3295,SLO-JL132A-HR-DO,Perintah  untuk Menyalakan Aspek Kuning Sinyal JL132A tidak Aktif,Perintah  untuk Menyalakan Aspek Kuning Sinyal JL132A Aktif,1,1,,,sinyal,SLO,223,14,1294
3296,SLO-JL132A-DR-DO,Perintah  untuk Menyalakan Aspek Hijau Sinyal JL132A tidak Aktif,Perintah  untuk Menyalakan Aspek Hijau Sinyal JL132A Aktif,1,1,,,sinyal,SLO,223,15,1295
3297,SLO-JL132A-ER-DO,Perintah  untuk Menyalakan Aspek Darurat Sinyal JL132A tidak Aktif,Perintah  untuk Menyalakan Aspek Darurat Sinyal JL132A Aktif,1,1,,,sinyal,SLO,224,0,1296
3298,SLO-JL132A-SR-DO,Perintah  untuk Menyalakan Aspek Batas Kecepatan Sinyal JL132A tidak Aktif,Perintah  untuk Menyalakan Aspek Batas Kecepatan Sinyal JL132A Aktif,1,1,,,sinyal,SLO,224,1,1297
3299,SLO-JL132A-GR-DO,Perintah  untuk Menyalakan Aspek Langsir Putih Sinyal JL132A tidak Aktif,Perintah  untuk Menyalakan Aspek Langsir Putih Sinyal JL132A Aktif,1,1,,,sinyal,SLO,224,2,1298
3300,SLO-JL132A-RDR-DO,Perintah  untuk Menyalakan Aspek Indikator Arah Kanan Sinyal JL132A tidak Aktif,Perintah  untuk Menyalakan Aspek Indikator Arah Kanan Sinyal JL132A Aktif,1,1,,,sinyal,SLO,224,3,1299
3301,SLO-JL132A-ECR-DI,Lampu Sinyal JL132A Padam / Gangguan,ECR Sinyal JL132A Normal,1,1,,,sinyal,SLO,224,4,1300
3302,SLO-JL132A-SECR-DI,,Lampu Indikator Kecepatan Sinyal JL132A Normal,1,1,,,sinyal,SLO,224,5,1301
3303,SLO-JL132A-RRLS,Proses TPR Tujuan Sinyal JL132A Tidak Sedang Berlangsung,Proses TPR Tujuan Sinyal JL132A Sedang Berlangsung,1,1,,,sinyal,SLO,224,6,1302
3304,SLO-JL132A-RRLS-TE,,Proses TPR Tujuan Sinyal JL132A telah Selesai,1,1,,,sinyal,SLO,224,7,1303
3305,SLO-JL132B-DR-DO,Perintah  untuk Menyalakan Aspek Hijau Sinyal JL132B tidak Aktif,Perintah  untuk Menyalakan Aspek Hijau Sinyal JL132B Aktif,1,1,,,sinyal,SLO,224,8,1304
3306,SLO-JL132B-ER-DO,Perintah  untuk Menyalakan Aspek Darurat Sinyal JL132B tidak Aktif,Perintah  untuk Menyalakan Aspek Darurat Sinyal JL132B Aktif,1,1,,,sinyal,SLO,224,9,1305
3307,SLO-JL132B-GR-DO,Perintah  untuk Menyalakan Aspek Langsir Putih Sinyal JL132B tidak Aktif,Perintah  untuk Menyalakan Aspek Langsir Putih Sinyal JL132B Aktif,1,1,,,sinyal,SLO,224,10,1306
3308,SLO-JL132B-ECR-DI,Lampu Sinyal JL132B Padam / Gangguan,ECR Sinyal JL132B Normal,1,1,,,sinyal,SLO,224,11,1307
3309,SLO-JL132B-RRLS,Proses TPR Tujuan Sinyal JL132B Tidak Sedang Berlangsung,Proses TPR Tujuan Sinyal JL132B Sedang Berlangsung,1,1,,,sinyal,SLO,224,12,1308
3310,SLO-JL132B-RRLS-TE,,Proses TPR Tujuan Sinyal JL132B telah Selesai,1,1,,,sinyal,SLO,224,13,1309
3311,SLO-JL152A-HR-DO,Perintah  untuk Menyalakan Aspek Kuning Sinyal JL152A tidak Aktif,Perintah  untuk Menyalakan Aspek Kuning Sinyal JL152A Aktif,1,1,,,sinyal,SLO,224,14,1310
3312,SLO-JL152A-DR-DO,Perintah  untuk Menyalakan Aspek Hijau Sinyal JL152A tidak Aktif,Perintah  untuk Menyalakan Aspek Hijau Sinyal JL152A Aktif,1,1,,,sinyal,SLO,224,15,1311
3313,SLO-JL152A-ER-DO,Perintah  untuk Menyalakan Aspek Darurat Sinyal JL152A tidak Aktif,Perintah  untuk Menyalakan Aspek Darurat Sinyal JL152A Aktif,1,1,,,sinyal,SLO,225,0,1312
3314,SLO-JL152A-GR-DO,Perintah  untuk Menyalakan Aspek Langsir Putih Sinyal JL152A tidak Aktif,Perintah  untuk Menyalakan Aspek Langsir Putih Sinyal JL152A Aktif,1,1,,,sinyal,SLO,225,1,1313
3315,SLO-JL152A-CFR-DO,Perintah  untuk Menyalakan Aspek Indikator Contraflow Sinyal JL152A tidak Aktif,Perintah  untuk Menyalakan Aspek Indikator Contraflow Sinyal JL152A Aktif,1,1,,,sinyal,SLO,225,2,1314
3316,SLO-JL152A-RDR-DO,Perintah  untuk Menyalakan Aspek Indikator Arah Kanan Sinyal JL152A tidak Aktif,Perintah  untuk Menyalakan Aspek Indikator Arah Kanan Sinyal JL152A Aktif,1,1,,,sinyal,SLO,225,3,1315
3317,SLO-JL152A-ECR-DI,Lampu Sinyal JL152A Padam / Gangguan,ECR Sinyal JL152A Normal,1,1,,,sinyal,SLO,225,4,1316
3318,SLO-JL152A-RRLS,Proses TPR Tujuan Sinyal JL152A Tidak Sedang Berlangsung,Proses TPR Tujuan Sinyal JL152A Sedang Berlangsung,1,1,,,sinyal,SLO,225,5,1317
3319,SLO-JL152A-RRLS-TE,,Proses TPR Tujuan Sinyal JL152A telah Selesai,1,1,,,sinyal,SLO,225,6,1318
3320,SLO-JL152B-DR-DO,Perintah  untuk Menyalakan Aspek Hijau Sinyal JL152B tidak Aktif,Perintah  untuk Menyalakan Aspek Hijau Sinyal JL152B Aktif,1,1,,,sinyal,SLO,225,7,1319
3321,SLO-JL152B-ER-DO,Perintah  untuk Menyalakan Aspek Darurat Sinyal JL152B tidak Aktif,Perintah  untuk Menyalakan Aspek Darurat Sinyal JL152B Aktif,1,1,,,sinyal,SLO,225,8,1320
3322,SLO-JL152B-GR-DO,Perintah  untuk Menyalakan Aspek Langsir Putih Sinyal JL152B tidak Aktif,Perintah  untuk Menyalakan Aspek Langsir Putih Sinyal JL152B Aktif,1,1,,,sinyal,SLO,225,9,1321
3323,SLO-JL152B-CFR-DO,Perintah  untuk Menyalakan Aspek Indikator Contraflow Sinyal JL152B tidak Aktif,Perintah  untuk Menyalakan Aspek Indikator Contraflow Sinyal JL152B Aktif,1,1,,,sinyal,SLO,225,10,1322
3324,SLO-JL152B-ECR-DI,Lampu Sinyal JL152B Padam / Gangguan,ECR Sinyal JL152B Normal,1,1,,,sinyal,SLO,225,11,1323
3325,SLO-JL152B-RRLS,Proses TPR Tujuan Sinyal JL152B Tidak Sedang Berlangsung,Proses TPR Tujuan Sinyal JL152B Sedang Berlangsung,1,1,,,sinyal,SLO,225,12,1324
3326,SLO-JL152B-RRLS-TE,,Proses TPR Tujuan Sinyal JL152B telah Selesai,1,1,,,sinyal,SLO,225,13,1325
3327,SLO-JL172A-HR-DO,Perintah  untuk Menyalakan Aspek Kuning Sinyal JL172A tidak Aktif,Perintah  untuk Menyalakan Aspek Kuning Sinyal JL172A Aktif,1,1,,,sinyal,SLO,225,14,1326
3328,SLO-JL172A-DR-DO,Perintah  untuk Menyalakan Aspek Hijau Sinyal JL172A tidak Aktif,Perintah  untuk Menyalakan Aspek Hijau Sinyal JL172A Aktif,1,1,,,sinyal,SLO,225,15,1327
3329,SLO-JL172A-ER-DO,Perintah  untuk Menyalakan Aspek Darurat Sinyal JL172A tidak Aktif,Perintah  untuk Menyalakan Aspek Darurat Sinyal JL172A Aktif,1,1,,,sinyal,SLO,226,0,1328
3330,SLO-JL172A-GR-DO,Perintah  untuk Menyalakan Aspek Langsir Putih Sinyal JL172A tidak Aktif,Perintah  untuk Menyalakan Aspek Langsir Putih Sinyal JL172A Aktif,1,1,,,sinyal,SLO,226,1,1329
3331,SLO-JL172A-CFR-DO,Perintah  untuk Menyalakan Aspek Indikator Contraflow Sinyal JL172A tidak Aktif,Perintah  untuk Menyalakan Aspek Indikator Contraflow Sinyal JL172A Aktif,1,1,,,sinyal,SLO,226,2,1330
3332,SLO-JL172A-RDR-DO,Perintah  untuk Menyalakan Aspek Indikator Arah Kanan Sinyal JL172A tidak Aktif,Perintah  untuk Menyalakan Aspek Indikator Arah Kanan Sinyal JL172A Aktif,1,1,,,sinyal,SLO,226,3,1331
3333,SLO-JL172A-ECR-DI,Lampu Sinyal JL172A Padam / Gangguan,ECR Sinyal JL172A Normal,1,1,,,sinyal,SLO,226,4,1332
3334,SLO-JL172A-RRLS,Proses TPR Tujuan Sinyal JL172A Tidak Sedang Berlangsung,Proses TPR Tujuan Sinyal JL172A Sedang Berlangsung,1,1,,,sinyal,SLO,226,5,1333
3335,SLO-JL172A-RRLS-TE,,Proses TPR Tujuan Sinyal JL172A telah Selesai,1,1,,,sinyal,SLO,226,6,1334
3336,SLO-JL172B-DR-DO,Perintah  untuk Menyalakan Aspek Hijau Sinyal JL172B tidak Aktif,Perintah  untuk Menyalakan Aspek Hijau Sinyal JL172B Aktif,1,1,,,sinyal,SLO,226,7,1335
3337,SLO-JL172B-ER-DO,Perintah  untuk Menyalakan Aspek Darurat Sinyal JL172B tidak Aktif,Perintah  untuk Menyalakan Aspek Darurat Sinyal JL172B Aktif,1,1,,,sinyal,SLO,226,8,1336
3338,SLO-JL172B-GR-DO,Perintah  untuk Menyalakan Aspek Langsir Putih Sinyal JL172B tidak Aktif,Perintah  untuk Menyalakan Aspek Langsir Putih Sinyal JL172B Aktif,1,1,,,sinyal,SLO,226,9,1337
3339,SLO-JL172B-CFR-DO,Perintah  untuk Menyalakan Aspek Indikator Contraflow Sinyal JL172B tidak Aktif,Perintah  untuk Menyalakan Aspek Indikator Contraflow Sinyal JL172B Aktif,1,1,,,sinyal,SLO,226,10,1338
3340,SLO-JL172B-ECR-DI,Lampu Sinyal JL172B Padam / Gangguan,ECR Sinyal JL172B Normal,1,1,,,sinyal,SLO,226,11,1339
3341,SLO-JL172B-RRLS,Proses TPR Tujuan Sinyal JL172B Tidak Sedang Berlangsung,Proses TPR Tujuan Sinyal JL172B Sedang Berlangsung,1,1,,,sinyal,SLO,226,12,1340
3342,SLO-JL172B-RRLS-TE,,Proses TPR Tujuan Sinyal JL172B telah Selesai,1,1,,,sinyal,SLO,226,13,1341
3343,SLO-JL192A-HR-DO,Perintah  untuk Menyalakan Aspek Kuning Sinyal JL192A tidak Aktif,Perintah  untuk Menyalakan Aspek Kuning Sinyal JL192A Aktif,1,1,,,sinyal,SLO,226,14,1342
3344,SLO-JL192A-DR-DO,Perintah  untuk Menyalakan Aspek Hijau Sinyal JL192A tidak Aktif,Perintah  untuk Menyalakan Aspek Hijau Sinyal JL192A Aktif,1,1,,,sinyal,SLO,226,15,1343
3345,SLO-JL192A-ER-DO,Perintah  untuk Menyalakan Aspek Darurat Sinyal JL192A tidak Aktif,Perintah  untuk Menyalakan Aspek Darurat Sinyal JL192A Aktif,1,1,,,sinyal,SLO,227,0,1344
3346,SLO-JL192A-GR-DO,Perintah  untuk Menyalakan Aspek Langsir Putih Sinyal JL192A tidak Aktif,Perintah  untuk Menyalakan Aspek Langsir Putih Sinyal JL192A Aktif,1,1,,,sinyal,SLO,227,1,1345
3347,SLO-JL192A-CFR-DO,Perintah  untuk Menyalakan Aspek Indikator Contraflow Sinyal JL192A tidak Aktif,Perintah  untuk Menyalakan Aspek Indikator Contraflow Sinyal JL192A Aktif,1,1,,,sinyal,SLO,227,2,1346
3348,SLO-JL192A-RDR-DO,Perintah  untuk Menyalakan Aspek Indikator Arah Kanan Sinyal JL192A tidak Aktif,Perintah  untuk Menyalakan Aspek Indikator Arah Kanan Sinyal JL192A Aktif,1,1,,,sinyal,SLO,227,3,1347
3349,SLO-JL192A-ECR-DI,Lampu Sinyal JL192A Padam / Gangguan,ECR Sinyal JL192A Normal,1,1,,,sinyal,SLO,227,4,1348
3350,SLO-JL192A-RRLS,Proses TPR Tujuan Sinyal JL192A Tidak Sedang Berlangsung,Proses TPR Tujuan Sinyal JL192A Sedang Berlangsung,1,1,,,sinyal,SLO,227,5,1349
3351,SLO-JL192A-RRLS-TE,,Proses TPR Tujuan Sinyal JL192A telah Selesai,1,1,,,sinyal,SLO,227,6,1350
3352,SLO-JL192B-DR-DO,Perintah  untuk Menyalakan Aspek Hijau Sinyal JL192B tidak Aktif,Perintah  untuk Menyalakan Aspek Hijau Sinyal JL192B Aktif,1,1,,,sinyal,SLO,227,7,1351
3353,SLO-JL192B-ER-DO,Perintah  untuk Menyalakan Aspek Darurat Sinyal JL192B tidak Aktif,Perintah  untuk Menyalakan Aspek Darurat Sinyal JL192B Aktif,1,1,,,sinyal,SLO,227,8,1352
3354,SLO-JL192B-GR-DO,Perintah  untuk Menyalakan Aspek Langsir Putih Sinyal JL192B tidak Aktif,Perintah  untuk Menyalakan Aspek Langsir Putih Sinyal JL192B Aktif,1,1,,,sinyal,SLO,227,9,1353
3355,SLO-JL192B-CFR-DO,Perintah  untuk Menyalakan Aspek Indikator Contraflow Sinyal JL192B tidak Aktif,Perintah  untuk Menyalakan Aspek Indikator Contraflow Sinyal JL192B Aktif,1,1,,,sinyal,SLO,227,10,1354
3356,SLO-JL192B-ECR-DI,Lampu Sinyal JL192B Padam / Gangguan,ECR Sinyal JL192B Normal,1,1,,,sinyal,SLO,227,11,1355
3357,SLO-JL192B-RRLS,Proses TPR Tujuan Sinyal JL192B Tidak Sedang Berlangsung,Proses TPR Tujuan Sinyal JL192B Sedang Berlangsung,1,1,,,sinyal,SLO,227,12,1356
3358,SLO-JL192B-RRLS-TE,,Proses TPR Tujuan Sinyal JL192B telah Selesai,1,1,,,sinyal,SLO,227,13,1357
3359,SLO-JL22A-HR-DO,Perintah  untuk Menyalakan Aspek Kuning Sinyal JL22A tidak Aktif,Perintah  untuk Menyalakan Aspek Kuning Sinyal JL22A Aktif,1,1,,,sinyal,SLO,227,14,1358
3360,SLO-JL22A-DR-DO,Perintah  untuk Menyalakan Aspek Hijau Sinyal JL22A tidak Aktif,Perintah  untuk Menyalakan Aspek Hijau Sinyal JL22A Aktif,1,1,,,sinyal,SLO,227,15,1359
3361,SLO-JL22A-ER-DO,Perintah  untuk Menyalakan Aspek Darurat Sinyal JL22A tidak Aktif,Perintah  untuk Menyalakan Aspek Darurat Sinyal JL22A Aktif,1,1,,,sinyal,SLO,228,0,1360
3362,SLO-JL22A-SR-DO,Perintah  untuk Menyalakan Aspek Batas Kecepatan Sinyal JL22A tidak Aktif,Perintah  untuk Menyalakan Aspek Batas Kecepatan Sinyal JL22A Aktif,1,1,,,sinyal,SLO,228,1,1361
3363,SLO-JL22A-GR-DO,Perintah  untuk Menyalakan Aspek Langsir Putih Sinyal JL22A tidak Aktif,Perintah  untuk Menyalakan Aspek Langsir Putih Sinyal JL22A Aktif,1,1,,,sinyal,SLO,228,2,1362
3364,SLO-JL22A-LDR-DO,Perintah  untuk Menyalakan Aspek Indikator Arah Kiri Sinyal JL22A tidak Aktif,Perintah  untuk Menyalakan Aspek Indikator Arah Kiri Sinyal JL22A Aktif,1,1,,,sinyal,SLO,228,3,1363
3365,SLO-JL22A-ECR-DI,Lampu Sinyal JL22A Padam / Gangguan,ECR Sinyal JL22A Normal,1,1,,,sinyal,SLO,228,4,1364
3366,SLO-JL22A-SECR-DI,,Lampu Indikator Kecepatan Sinyal JL22A Normal,1,1,,,sinyal,SLO,228,5,1365
3367,SLO-JL22A-RRLS,Proses TPR Tujuan Sinyal JL22A Tidak Sedang Berlangsung,Proses TPR Tujuan Sinyal JL22A Sedang Berlangsung,1,1,,,sinyal,SLO,228,6,1366
3368,SLO-JL22A-RRLS-TE,,Proses TPR Tujuan Sinyal JL22A telah Selesai,1,1,,,sinyal,SLO,228,7,1367
3369,SLO-JL22B-DR-DO,Perintah  untuk Menyalakan Aspek Hijau Sinyal JL22B tidak Aktif,Perintah  untuk Menyalakan Aspek Hijau Sinyal JL22B Aktif,1,1,,,sinyal,SLO,228,8,1368
3370,SLO-JL22B-ER-DO,Perintah  untuk Menyalakan Aspek Darurat Sinyal JL22B tidak Aktif,Perintah  untuk Menyalakan Aspek Darurat Sinyal JL22B Aktif,1,1,,,sinyal,SLO,228,9,1369
3371,SLO-JL22B-GR-DO,Perintah  untuk Menyalakan Aspek Langsir Putih Sinyal JL22B tidak Aktif,Perintah  untuk Menyalakan Aspek Langsir Putih Sinyal JL22B Aktif,1,1,,,sinyal,SLO,228,10,1370
3372,SLO-JL22B-CFR-DO,Perintah  untuk Menyalakan Aspek Indikator Contraflow Sinyal JL22B tidak Aktif,Perintah  untuk Menyalakan Aspek Indikator Contraflow Sinyal JL22B Aktif,1,1,,,sinyal,SLO,228,11,1371
3373,SLO-JL22B-ECR-DI,Lampu Sinyal JL22B Padam / Gangguan,ECR Sinyal JL22B Normal,1,1,,,sinyal,SLO,228,12,1372
3374,SLO-JL22B-RRLS,Proses TPR Tujuan Sinyal JL22B Tidak Sedang Berlangsung,Proses TPR Tujuan Sinyal JL22B Sedang Berlangsung,1,1,,,sinyal,SLO,228,13,1373
3375,SLO-JL22B-RRLS-TE,,Proses TPR Tujuan Sinyal JL22B telah Selesai,1,1,,,sinyal,SLO,228,14,1374
3376,SLO-JL42A-HR-DO,Perintah  untuk Menyalakan Aspek Kuning Sinyal JL42A tidak Aktif,Perintah  untuk Menyalakan Aspek Kuning Sinyal JL42A Aktif,1,1,,,sinyal,SLO,228,15,1375
3377,SLO-JL42A-DR-DO,Perintah  untuk Menyalakan Aspek Hijau Sinyal JL42A tidak Aktif,Perintah  untuk Menyalakan Aspek Hijau Sinyal JL42A Aktif,1,1,,,sinyal,SLO,229,0,1376
3378,SLO-JL42A-ER-DO,Perintah  untuk Menyalakan Aspek Darurat Sinyal JL42A tidak Aktif,Perintah  untuk Menyalakan Aspek Darurat Sinyal JL42A Aktif,1,1,,,sinyal,SLO,229,1,1377
3379,SLO-JL42A-GR-DO,Perintah  untuk Menyalakan Aspek Langsir Putih Sinyal JL42A tidak Aktif,Perintah  untuk Menyalakan Aspek Langsir Putih Sinyal JL42A Aktif,1,1,,,sinyal,SLO,229,2,1378
3380,SLO-JL42A-CFR-DO,Perintah  untuk Menyalakan Aspek Indikator Contraflow Sinyal JL42A tidak Aktif,Perintah  untuk Menyalakan Aspek Indikator Contraflow Sinyal JL42A Aktif,1,1,,,sinyal,SLO,229,3,1379
3381,SLO-JL42A-LDR-DO,Perintah  untuk Menyalakan Aspek Indikator Arah Kiri Sinyal JL42A tidak Aktif,Perintah  untuk Menyalakan Aspek Indikator Arah Kiri Sinyal JL42A Aktif,1,1,,,sinyal,SLO,229,4,1380
3382,SLO-JL42A-ECR-DI,Lampu Sinyal JL42A Padam / Gangguan,ECR Sinyal JL42A Normal,1,1,,,sinyal,SLO,229,5,1381
3383,SLO-JL42A-RRLS,Proses TPR Tujuan Sinyal JL42A Tidak Sedang Berlangsung,Proses TPR Tujuan Sinyal JL42A Sedang Berlangsung,1,1,,,sinyal,SLO,229,6,1382
3384,SLO-JL42A-RRLS-TE,,Proses TPR Tujuan Sinyal JL42A telah Selesai,1,1,,,sinyal,SLO,229,7,1383
3385,SLO-JL42B-DR-DO,Perintah  untuk Menyalakan Aspek Hijau Sinyal JL42B tidak Aktif,Perintah  untuk Menyalakan Aspek Hijau Sinyal JL42B Aktif,1,1,,,sinyal,SLO,229,8,1384
3386,SLO-JL42B-ER-DO,Perintah  untuk Menyalakan Aspek Darurat Sinyal JL42B tidak Aktif,Perintah  untuk Menyalakan Aspek Darurat Sinyal JL42B Aktif,1,1,,,sinyal,SLO,229,9,1385
3387,SLO-JL42B-GR-DO,Perintah  untuk Menyalakan Aspek Langsir Putih Sinyal JL42B tidak Aktif,Perintah  untuk Menyalakan Aspek Langsir Putih Sinyal JL42B Aktif,1,1,,,sinyal,SLO,229,10,1386
3388,SLO-JL42B-CFR-DO,Perintah  untuk Menyalakan Aspek Indikator Contraflow Sinyal JL42B tidak Aktif,Perintah  untuk Menyalakan Aspek Indikator Contraflow Sinyal JL42B Aktif,1,1,,,sinyal,SLO,229,11,1387
3389,SLO-JL42B-ECR-DI,Lampu Sinyal JL42B Padam / Gangguan,ECR Sinyal JL42B Normal,1,1,,,sinyal,SLO,229,12,1388
3390,SLO-JL42B-RRLS,Proses TPR Tujuan Sinyal JL42B Tidak Sedang Berlangsung,Proses TPR Tujuan Sinyal JL42B Sedang Berlangsung,1,1,,,sinyal,SLO,229,13,1389
3391,SLO-JL42B-RRLS-TE,,Proses TPR Tujuan Sinyal JL42B telah Selesai,1,1,,,sinyal,SLO,229,14,1390
3392,SLO-JL62A-HR-DO,Perintah  untuk Menyalakan Aspek Kuning Sinyal JL62A tidak Aktif,Perintah  untuk Menyalakan Aspek Kuning Sinyal JL62A Aktif,1,1,,,sinyal,SLO,229,15,1391
3393,SLO-JL62A-DR-DO,Perintah  untuk Menyalakan Aspek Hijau Sinyal JL62A tidak Aktif,Perintah  untuk Menyalakan Aspek Hijau Sinyal JL62A Aktif,1,1,,,sinyal,SLO,230,0,1392
3394,SLO-JL62A-ER-DO,Perintah  untuk Menyalakan Aspek Darurat Sinyal JL62A tidak Aktif,Perintah  untuk Menyalakan Aspek Darurat Sinyal JL62A Aktif,1,1,,,sinyal,SLO,230,1,1393
3395,SLO-JL62A-GR-DO,Perintah  untuk Menyalakan Aspek Langsir Putih Sinyal JL62A tidak Aktif,Perintah  untuk Menyalakan Aspek Langsir Putih Sinyal JL62A Aktif,1,1,,,sinyal,SLO,230,2,1394
3396,SLO-JL62A-CFR-DO,Perintah  untuk Menyalakan Aspek Indikator Contraflow Sinyal JL62A tidak Aktif,Perintah  untuk Menyalakan Aspek Indikator Contraflow Sinyal JL62A Aktif,1,1,,,sinyal,SLO,230,3,1395
3397,SLO-JL62A-LDR-DO,Perintah  untuk Menyalakan Aspek Indikator Arah Kiri Sinyal JL62A tidak Aktif,Perintah  untuk Menyalakan Aspek Indikator Arah Kiri Sinyal JL62A Aktif,1,1,,,sinyal,SLO,230,4,1396
3398,SLO-JL62A-ECR-DI,Lampu Sinyal JL62A Padam / Gangguan,ECR Sinyal JL62A Normal,1,1,,,sinyal,SLO,230,5,1397
3399,SLO-JL62A-RRLS,Proses TPR Tujuan Sinyal JL62A Tidak Sedang Berlangsung,Proses TPR Tujuan Sinyal JL62A Sedang Berlangsung,1,1,,,sinyal,SLO,230,6,1398
3400,SLO-JL62A-RRLS-TE,,Proses TPR Tujuan Sinyal JL62A telah Selesai,1,1,,,sinyal,SLO,230,7,1399
3401,SLO-JL62B-DR-DO,Perintah  untuk Menyalakan Aspek Hijau Sinyal JL62B tidak Aktif,Perintah  untuk Menyalakan Aspek Hijau Sinyal JL62B Aktif,1,1,,,sinyal,SLO,230,8,1400
3402,SLO-JL62B-ER-DO,Perintah  untuk Menyalakan Aspek Darurat Sinyal JL62B tidak Aktif,Perintah  untuk Menyalakan Aspek Darurat Sinyal JL62B Aktif,1,1,,,sinyal,SLO,230,9,1401
3403,SLO-JL62B-GR-DO,Perintah  untuk Menyalakan Aspek Langsir Putih Sinyal JL62B tidak Aktif,Perintah  untuk Menyalakan Aspek Langsir Putih Sinyal JL62B Aktif,1,1,,,sinyal,SLO,230,10,1402
3404,SLO-JL62B-CFR-DO,Perintah  untuk Menyalakan Aspek Indikator Contraflow Sinyal JL62B tidak Aktif,Perintah  untuk Menyalakan Aspek Indikator Contraflow Sinyal JL62B Aktif,1,1,,,sinyal,SLO,230,11,1403
3405,SLO-JL62B-ECR-DI,Lampu Sinyal JL62B Padam / Gangguan,ECR Sinyal JL62B Normal,1,1,,,sinyal,SLO,230,12,1404
3406,SLO-JL62B-RRLS,Proses TPR Tujuan Sinyal JL62B Tidak Sedang Berlangsung,Proses TPR Tujuan Sinyal JL62B Sedang Berlangsung,1,1,,,sinyal,SLO,230,13,1405
3407,SLO-JL62B-RRLS-TE,,Proses TPR Tujuan Sinyal JL62B telah Selesai,1,1,,,sinyal,SLO,230,14,1406
3408,SLO-JL92A-HR-DO,Perintah  untuk Menyalakan Aspek Kuning Sinyal JL92A tidak Aktif,Perintah  untuk Menyalakan Aspek Kuning Sinyal JL92A Aktif,1,1,,,sinyal,SLO,230,15,1407
3409,SLO-JL92A-DR-DO,Perintah  untuk Menyalakan Aspek Hijau Sinyal JL92A tidak Aktif,Perintah  untuk Menyalakan Aspek Hijau Sinyal JL92A Aktif,1,1,,,sinyal,SLO,231,0,1408
3410,SLO-JL92A-ER-DO,Perintah  untuk Menyalakan Aspek Darurat Sinyal JL92A tidak Aktif,Perintah  untuk Menyalakan Aspek Darurat Sinyal JL92A Aktif,1,1,,,sinyal,SLO,231,1,1409
3411,SLO-JL92A-GR-DO,Perintah  untuk Menyalakan Aspek Langsir Putih Sinyal JL92A tidak Aktif,Perintah  untuk Menyalakan Aspek Langsir Putih Sinyal JL92A Aktif,1,1,,,sinyal,SLO,231,2,1410
3412,SLO-JL92A-CFR-DO,Perintah  untuk Menyalakan Aspek Indikator Contraflow Sinyal JL92A tidak Aktif,Perintah  untuk Menyalakan Aspek Indikator Contraflow Sinyal JL92A Aktif,1,1,,,sinyal,SLO,231,3,1411
3413,SLO-JL92A-RDR-DO,Perintah  untuk Menyalakan Aspek Indikator Arah Kanan Sinyal JL92A tidak Aktif,Perintah  untuk Menyalakan Aspek Indikator Arah Kanan Sinyal JL92A Aktif,1,1,,,sinyal,SLO,231,4,1412
3414,SLO-JL92A-ECR-DI,Lampu Sinyal JL92A Padam / Gangguan,ECR Sinyal JL92A Normal,1,1,,,sinyal,SLO,231,5,1413
3415,SLO-JL92A-RRLS,Proses TPR Tujuan Sinyal JL92A Tidak Sedang Berlangsung,Proses TPR Tujuan Sinyal JL92A Sedang Berlangsung,1,1,,,sinyal,SLO,231,6,1414
3416,SLO-JL92A-RRLS-TE,,Proses TPR Tujuan Sinyal JL92A telah Selesai,1,1,,,sinyal,SLO,231,7,1415
3417,SLO-JL92B-DR-DO,Perintah  untuk Menyalakan Aspek Hijau Sinyal JL92B tidak Aktif,Perintah  untuk Menyalakan Aspek Hijau Sinyal JL92B Aktif,1,1,,,sinyal,SLO,231,8,1416
3418,SLO-JL92B-ER-DO,Perintah  untuk Menyalakan Aspek Darurat Sinyal JL92B tidak Aktif,Perintah  untuk Menyalakan Aspek Darurat Sinyal JL92B Aktif,1,1,,,sinyal,SLO,231,9,1417
3419,SLO-JL92B-GR-DO,Perintah  untuk Menyalakan Aspek Langsir Putih Sinyal JL92B tidak Aktif,Perintah  untuk Menyalakan Aspek Langsir Putih Sinyal JL92B Aktif,1,1,,,sinyal,SLO,231,10,1418
3420,SLO-JL92B-CFR-DO,Perintah  untuk Menyalakan Aspek Indikator Contraflow Sinyal JL92B tidak Aktif,Perintah  untuk Menyalakan Aspek Indikator Contraflow Sinyal JL92B Aktif,1,1,,,sinyal,SLO,231,11,1419
3421,SLO-JL92B-ECR-DI,Lampu Sinyal JL92B Padam / Gangguan,ECR Sinyal JL92B Normal,1,1,,,sinyal,SLO,231,12,1420
3422,SLO-JL92B-RRLS,Proses TPR Tujuan Sinyal JL92B Tidak Sedang Berlangsung,Proses TPR Tujuan Sinyal JL92B Sedang Berlangsung,1,1,,,sinyal,SLO,231,13,1421
3423,SLO-JL92B-RRLS-TE,,Proses TPR Tujuan Sinyal JL92B telah Selesai,1,1,,,sinyal,SLO,231,14,1422
3424,SLO-L11A-GR-DO,Perintah  untuk Menyalakan Aspek Langsir Putih Sinyal L11A tidak Aktif,Perintah  untuk Menyalakan Aspek Langsir Putih Sinyal L11A Aktif,1,1,,,sinyal,SLO,231,15,1423
3425,SLO-L11A-RRLS,Proses TPR Tujuan Sinyal L11A Tidak Sedang Berlangsung,Proses TPR Tujuan Sinyal L11A Sedang Berlangsung,1,1,,,sinyal,SLO,232,0,1424
3426,SLO-L11A-RRLS-TE,,Proses TPR Tujuan Sinyal L11A telah Selesai,1,1,,,sinyal,SLO,232,1,1425
3427,SLO-L11B-GR-DO,Perintah  untuk Menyalakan Aspek Langsir Putih Sinyal L11B tidak Aktif,Perintah  untuk Menyalakan Aspek Langsir Putih Sinyal L11B Aktif,1,1,,,sinyal,SLO,232,2,1426
3428,SLO-L11B-RRLS,Proses TPR Tujuan Sinyal L11B Tidak Sedang Berlangsung,Proses TPR Tujuan Sinyal L11B Sedang Berlangsung,1,1,,,sinyal,SLO,232,3,1427
3429,SLO-L11B-RRLS-TE,,Proses TPR Tujuan Sinyal L11B telah Selesai,1,1,,,sinyal,SLO,232,4,1428
3430,SLO-L130-GR-DO,Perintah  untuk Menyalakan Aspek Langsir Putih Sinyal L130 tidak Aktif,Perintah  untuk Menyalakan Aspek Langsir Putih Sinyal L130 Aktif,1,1,,,sinyal,SLO,232,5,1429
3431,SLO-L133A-GR-DO,Perintah  untuk Menyalakan Aspek Langsir Putih Sinyal L133A tidak Aktif,Perintah  untuk Menyalakan Aspek Langsir Putih Sinyal L133A Aktif,1,1,,,sinyal,SLO,232,6,1430
3432,SLO-L133A-RRLS,Proses TPR Tujuan Sinyal L133A Tidak Sedang Berlangsung,Proses TPR Tujuan Sinyal L133A Sedang Berlangsung,1,1,,,sinyal,SLO,232,7,1431
3433,SLO-L133A-RRLS-TE,,Proses TPR Tujuan Sinyal L133A telah Selesai,1,1,,,sinyal,SLO,232,8,1432
3434,SLO-L133B-GR-DO,Perintah  untuk Menyalakan Aspek Langsir Putih Sinyal L133B tidak Aktif,Perintah  untuk Menyalakan Aspek Langsir Putih Sinyal L133B Aktif,1,1,,,sinyal,SLO,232,9,1433
3435,SLO-L133B-RRLS,Proses TPR Tujuan Sinyal L133B Tidak Sedang Berlangsung,Proses TPR Tujuan Sinyal L133B Sedang Berlangsung,1,1,,,sinyal,SLO,232,10,1434
3436,SLO-L133B-RRLS-TE,,Proses TPR Tujuan Sinyal L133B telah Selesai,1,1,,,sinyal,SLO,232,11,1435
3437,SLO-L134-GR-DO,Perintah  untuk Menyalakan Aspek Langsir Putih Sinyal L134 tidak Aktif,Perintah  untuk Menyalakan Aspek Langsir Putih Sinyal L134 Aktif,1,1,,,sinyal,SLO,232,12,1436
3438,SLO-L154-GR-DO,Perintah  untuk Menyalakan Aspek Langsir Putih Sinyal L154 tidak Aktif,Perintah  untuk Menyalakan Aspek Langsir Putih Sinyal L154 Aktif,1,1,,,sinyal,SLO,232,13,1437
3439,SLO-L174A-GR-DO,Perintah  untuk Menyalakan Aspek Langsir Putih Sinyal L174A tidak Aktif,Perintah  untuk Menyalakan Aspek Langsir Putih Sinyal L174A Aktif,1,1,,,sinyal,SLO,232,14,1438
3440,SLO-L174B-GR-DO,Perintah  untuk Menyalakan Aspek Langsir Putih Sinyal L174B tidak Aktif,Perintah  untuk Menyalakan Aspek Langsir Putih Sinyal L174B Aktif,1,1,,,sinyal,SLO,232,15,1439
3441,SLO-L20-GR-DO,Perintah  untuk Menyalakan Aspek Langsir Putih Sinyal L20 tidak Aktif,Perintah  untuk Menyalakan Aspek Langsir Putih Sinyal L20 Aktif,1,1,,,sinyal,SLO,233,0,1440
3442,SLO-L212-GR-DO,Perintah  untuk Menyalakan Aspek Langsir Putih Sinyal L212 tidak Aktif,Perintah  untuk Menyalakan Aspek Langsir Putih Sinyal L212 Aktif,1,1,,,sinyal,SLO,233,1,1441
3443,SLO-L23-GR-DO,Perintah  untuk Menyalakan Aspek Langsir Putih Sinyal L23 tidak Aktif,Perintah  untuk Menyalakan Aspek Langsir Putih Sinyal L23 Aktif,1,1,,,sinyal,SLO,233,2,1442
3444,SLO-L232-GR-DO,Perintah  untuk Menyalakan Aspek Langsir Putih Sinyal L232 tidak Aktif,Perintah  untuk Menyalakan Aspek Langsir Putih Sinyal L232 Aktif,1,1,,,sinyal,SLO,233,3,1443
3445,SLO-L31A1-GR-DO,Perintah  untuk Menyalakan Aspek Langsir Putih Sinyal L31A1 tidak Aktif,Perintah  untuk Menyalakan Aspek Langsir Putih Sinyal L31A1 Aktif,1,1,,,sinyal,SLO,233,4,1444
3446,SLO-L31A1-RRLS,Proses TPR Tujuan Sinyal L31A1 Tidak Sedang Berlangsung,Proses TPR Tujuan Sinyal L31A1 Sedang Berlangsung,1,1,,,sinyal,SLO,233,5,1445
3447,SLO-L31A1-RRLS-TE,,Proses TPR Tujuan Sinyal L31A1 telah Selesai,1,1,,,sinyal,SLO,233,6,1446
3448,SLO-L31A2-GR-DO,Perintah  untuk Menyalakan Aspek Langsir Putih Sinyal L31A2 tidak Aktif,Perintah  untuk Menyalakan Aspek Langsir Putih Sinyal L31A2 Aktif,1,1,,,sinyal,SLO,233,7,1447
3449,SLO-L31A2-RRLS,Proses TPR Tujuan Sinyal L31A2 Tidak Sedang Berlangsung,Proses TPR Tujuan Sinyal L31A2 Sedang Berlangsung,1,1,,,sinyal,SLO,233,8,1448
3450,SLO-L31A2-RRLS-TE,,Proses TPR Tujuan Sinyal L31A2 telah Selesai,1,1,,,sinyal,SLO,233,9,1449
3451,SLO-L31B1-GR-DO,Perintah  untuk Menyalakan Aspek Langsir Putih Sinyal L31B1 tidak Aktif,Perintah  untuk Menyalakan Aspek Langsir Putih Sinyal L31B1 Aktif,1,1,,,sinyal,SLO,233,10,1450
3452,SLO-L31B1-RRLS,Proses TPR Tujuan Sinyal L31B1 Tidak Sedang Berlangsung,Proses TPR Tujuan Sinyal L31B1 Sedang Berlangsung,1,1,,,sinyal,SLO,233,11,1451
3453,SLO-L31B1-RRLS-TE,,Proses TPR Tujuan Sinyal L31B1 telah Selesai,1,1,,,sinyal,SLO,233,12,1452
3454,SLO-L31B2-GR-DO,Perintah  untuk Menyalakan Aspek Langsir Putih Sinyal L31B2 tidak Aktif,Perintah  untuk Menyalakan Aspek Langsir Putih Sinyal L31B2 Aktif,1,1,,,sinyal,SLO,233,13,1453
3455,SLO-L31B2-RRLS,Proses TPR Tujuan Sinyal L31B2 Tidak Sedang Berlangsung,Proses TPR Tujuan Sinyal L31B2 Sedang Berlangsung,1,1,,,sinyal,SLO,233,14,1454
3456,SLO-L31B2-RRLS-TE,,Proses TPR Tujuan Sinyal L31B2 telah Selesai,1,1,,,sinyal,SLO,233,15,1455
3457,SLO-L34-GR-DO,Perintah  untuk Menyalakan Aspek Langsir Putih Sinyal L34 tidak Aktif,Perintah  untuk Menyalakan Aspek Langsir Putih Sinyal L34 Aktif,1,1,,,sinyal,SLO,234,0,1456
3458,SLO-L44-GR-DO,Perintah  untuk Menyalakan Aspek Langsir Putih Sinyal L44 tidak Aktif,Perintah  untuk Menyalakan Aspek Langsir Putih Sinyal L44 Aktif,1,1,,,sinyal,SLO,234,1,1457
3459,SLO-L54-GR-DO,Perintah  untuk Menyalakan Aspek Langsir Putih Sinyal L54 tidak Aktif,Perintah  untuk Menyalakan Aspek Langsir Putih Sinyal L54 Aktif,1,1,,,sinyal,SLO,234,2,1458
3460,SLO-L74-GR-DO,Perintah  untuk Menyalakan Aspek Langsir Putih Sinyal L74 tidak Aktif,Perintah  untuk Menyalakan Aspek Langsir Putih Sinyal L74 Aktif,1,1,,,sinyal,SLO,234,3,1459
3461,SLO-L94-GR-DO,Perintah  untuk Menyalakan Aspek Langsir Putih Sinyal L94 tidak Aktif,Perintah  untuk Menyalakan Aspek Langsir Putih Sinyal L94 Aktif,1,1,,,sinyal,SLO,234,4,1460
3462,SLO-MJ114-ECR-DI,Lampu Sinyal MJ114 Padam / Gangguan,ECR Sinyal MJ114 Normal,1,1,,,sinyal,SLO,234,5,1461
3463,SLO-MJ114-ECR,Gangguan ECR Sinyal MJ114,ECR Sinyal MJ114 Normal,1,1,1,1>0,Perintah,SLO,234,6,1462
3464,SLO-MJ130-ECR-DI,Lampu Sinyal MJ130 Padam / Gangguan,ECR Sinyal MJ130 Normal,1,1,,,sinyal,SLO,234,7,1463
3465,SLO-MJ130-ECR,Gangguan ECR Sinyal MJ130,ECR Sinyal MJ130 Normal,1,1,1,1>0,Perintah,SLO,234,8,1464
3466,SLO-X130-RRLS,Proses TPR Tujuan Sinyal X130 Tidak Sedang Berlangsung,Proses TPR Tujuan Sinyal X130 Sedang Berlangsung,1,1,,,sinyal,SLO,234,9,1465
3467,SLO-X130-RRLS-TE,,Proses TPR Tujuan Sinyal X130 telah Selesai,1,1,,,sinyal,SLO,234,10,1466
3468,SLO-X134-RRLS,Proses TPR Tujuan Sinyal X134 Tidak Sedang Berlangsung,Proses TPR Tujuan Sinyal X134 Sedang Berlangsung,1,1,,,sinyal,SLO,234,11,1467
3469,SLO-X134-RRLS-TE,,Proses TPR Tujuan Sinyal X134 telah Selesai,1,1,,,sinyal,SLO,234,12,1468
3470,SLO-X154-RRLS,Proses TPR Tujuan Sinyal X154 Tidak Sedang Berlangsung,Proses TPR Tujuan Sinyal X154 Sedang Berlangsung,1,1,,,sinyal,SLO,234,13,1469
3471,SLO-X154-RRLS-TE,,Proses TPR Tujuan Sinyal X154 telah Selesai,1,1,,,sinyal,SLO,234,14,1470
3472,SLO-X174A-RRLS,Proses TPR Tujuan Sinyal X174A Tidak Sedang Berlangsung,Proses TPR Tujuan Sinyal X174A Sedang Berlangsung,1,1,,,sinyal,SLO,234,15,1471
3473,SLO-X174A-RRLS-TE,,Proses TPR Tujuan Sinyal X174A telah Selesai,1,1,,,sinyal,SLO,235,0,1472
3474,SLO-X174B-RRLS,Proses TPR Tujuan Sinyal X174B Tidak Sedang Berlangsung,Proses TPR Tujuan Sinyal X174B Sedang Berlangsung,1,1,,,sinyal,SLO,235,1,1473
3475,SLO-X174B-RRLS-TE,,Proses TPR Tujuan Sinyal X174B telah Selesai,1,1,,,sinyal,SLO,235,2,1474
3476,SLO-X20-RRLS,Proses TPR Tujuan Sinyal X20 Tidak Sedang Berlangsung,Proses TPR Tujuan Sinyal X20 Sedang Berlangsung,1,1,,,sinyal,SLO,235,3,1475
3477,SLO-X20-RRLS-TE,,Proses TPR Tujuan Sinyal X20 telah Selesai,1,1,,,sinyal,SLO,235,4,1476
3478,SLO-X212-RRLS,Proses TPR Tujuan Sinyal X212 Tidak Sedang Berlangsung,Proses TPR Tujuan Sinyal X212 Sedang Berlangsung,1,1,,,sinyal,SLO,235,5,1477
3479,SLO-X212-RRLS-TE,,Proses TPR Tujuan Sinyal X212 telah Selesai,1,1,,,sinyal,SLO,235,6,1478
3480,SLO-X23-RRLS,Proses TPR Tujuan Sinyal X23 Tidak Sedang Berlangsung,Proses TPR Tujuan Sinyal X23 Sedang Berlangsung,1,1,,,sinyal,SLO,235,7,1479
3481,SLO-X23-RRLS-TE,,Proses TPR Tujuan Sinyal X23 telah Selesai,1,1,,,sinyal,SLO,235,8,1480
3482,SLO-X232-RRLS,Proses TPR Tujuan Sinyal X232 Tidak Sedang Berlangsung,Proses TPR Tujuan Sinyal X232 Sedang Berlangsung,1,1,,,sinyal,SLO,235,9,1481
3483,SLO-X232-RRLS-TE,,Proses TPR Tujuan Sinyal X232 telah Selesai,1,1,,,sinyal,SLO,235,10,1482
3484,SLO-X34-RRLS,Proses TPR Tujuan Sinyal X34 Tidak Sedang Berlangsung,Proses TPR Tujuan Sinyal X34 Sedang Berlangsung,1,1,,,sinyal,SLO,235,11,1483
3485,SLO-X34-RRLS-TE,,Proses TPR Tujuan Sinyal X34 telah Selesai,1,1,,,sinyal,SLO,235,12,1484
3486,SLO-X44-RRLS,Proses TPR Tujuan Sinyal X44 Tidak Sedang Berlangsung,Proses TPR Tujuan Sinyal X44 Sedang Berlangsung,1,1,,,sinyal,SLO,235,13,1485
3487,SLO-X44-RRLS-TE,,Proses TPR Tujuan Sinyal X44 telah Selesai,1,1,,,sinyal,SLO,235,14,1486
3488,SLO-X54-RRLS,Proses TPR Tujuan Sinyal X54 Tidak Sedang Berlangsung,Proses TPR Tujuan Sinyal X54 Sedang Berlangsung,1,1,,,sinyal,SLO,235,15,1487
3489,SLO-X54-RRLS-TE,,Proses TPR Tujuan Sinyal X54 telah Selesai,1,1,,,sinyal,SLO,236,0,1488
3490,SLO-X74-RRLS,Proses TPR Tujuan Sinyal X74 Tidak Sedang Berlangsung,Proses TPR Tujuan Sinyal X74 Sedang Berlangsung,1,1,,,sinyal,SLO,236,1,1489
3491,SLO-X74-RRLS-TE,,Proses TPR Tujuan Sinyal X74 telah Selesai,1,1,,,sinyal,SLO,236,2,1490
3492,SLO-X94-RRLS,Proses TPR Tujuan Sinyal X94 Tidak Sedang Berlangsung,Proses TPR Tujuan Sinyal X94 Sedang Berlangsung,1,1,,,sinyal,SLO,236,3,1491
3493,SLO-X94-RRLS-TE,,Proses TPR Tujuan Sinyal X94 telah Selesai,1,1,,,sinyal,SLO,236,4,1492
3494,SLO-L110-GR-DO,Perintah  untuk Menyalakan Aspek Langsir Putih Sinyal L110 tidak Aktif,Perintah  untuk Menyalakan Aspek Langsir Putih Sinyal L110 Aktif,1,1,,,sinyal,SLO,236,5,1493
3495,SLO-X110-RRLS,Proses TPR Tujuan Sinyal X110 Tidak Sedang Berlangsung,Proses TPR Tujuan Sinyal X110 Sedang Berlangsung,1,1,,,sinyal,SLO,236,6,1494
3496,SLO-X110-RRLS-TE,,Proses TPR Tujuan Sinyal X110 telah Selesai,1,1,,,sinyal,SLO,236,7,1495
3497,SLO-W11A/21A-L,Wesel W11A/21A Tersekat,Wesel W11A/21A tidak Tersekat,1,1,,,wesel,SLO,236,8,1496
3498,SLO-W11A/21A-SWRLS,,Proses Membuka Sekat Wesel W11A/21A  Sedang Berlangsung,1,1,,,wesel,SLO,236,9,1497
3499,SLO-W11A/21A-TPZ,Wesel W11A/21A  Terduduki tidak dapat berpindah Posisi,Wesel W11A/21A  Terduduki dapat berpindah Posisi,1,1,,,wesel,SLO,236,10,1498
3500,SLO-W11A/21A-NWP-DI,Deteksi Wesel W11A/21A tidak pada Posisi Normal,Deteksi Wesel W11A/21A pada Posisi Normal,1,1,,,wesel,SLO,236,11,1499
3501,SLO-W11A/21A-RWP-DI,Deteksi Wesel W11A/21A tidak pada Posisi Reverse,Deteksi Wesel W11A/21A pada Posisi Reverse,1,1,,,wesel,SLO,236,12,1500
3502,SLO-W11A/21A-NWR-DO,Perintah ke Lapangan Wesel W11A/21A ke Arah Normal tidak Aktif,Perintah ke Lapangan Wesel W11A/21A ke Arah Normal Aktif,1,1,,,wesel,SLO,236,13,1501
3503,SLO-W11A/21A-RWR-DO,Perintah ke Lapangan Wesel W11A/21A ke Arah Reverse tidak Aktif,Perintah ke Lapangan Wesel W11A/21A ke Arah Reverse Aktif,1,1,,,wesel,SLO,236,14,1502
3504,SLO-W11A/21A-WLPR-DO,Perintah ke Lapangan Driving Common Wesel W11A/21A  tidak Aktif,Perintah Ke Lapangan Driving Common Wesel W11A/21A  Aktif,1,1,,,wesel,SLO,236,15,1503
3505,SLO-W111A/131D-L,Wesel W111A/131D Tersekat,Wesel W111A/131D tidak Tersekat,1,1,,,wesel,SLO,237,0,1504
3506,SLO-W111A/131D-SWRLS,,Proses Membuka Sekat Wesel W111A/131D  Sedang Berlangsung,1,1,,,wesel,SLO,237,1,1505
3507,SLO-W111A/131D-TPZ,Wesel W111A/131D  Terduduki tidak dapat berpindah Posisi,Wesel W111A/131D  Terduduki dapat berpindah Posisi,1,1,,,wesel,SLO,237,2,1506
3508,SLO-W111A/131D-NWP-DI,Deteksi Wesel W111A/131D tidak pada Posisi Normal,Deteksi Wesel W111A/131D pada Posisi Normal,1,1,,,wesel,SLO,237,3,1507
3509,SLO-W111A/131D-RWP-DI,Deteksi Wesel W111A/131D tidak pada Posisi Reverse,Deteksi Wesel W111A/131D pada Posisi Reverse,1,1,,,wesel,SLO,237,4,1508
3510,SLO-W111A/131D-NWR-DO,Perintah ke Lapangan Wesel W111A/131D ke Arah Normal tidak Aktif,Perintah ke Lapangan Wesel W111A/131D ke Arah Normal Aktif,1,1,,,wesel,SLO,237,5,1509
3511,SLO-W111A/131D-RWR-DO,Perintah ke Lapangan Wesel W111A/131D ke Arah Reverse tidak Aktif,Perintah ke Lapangan Wesel W111A/131D ke Arah Reverse Aktif,1,1,,,wesel,SLO,237,6,1510
3512,SLO-W111A/131D-WLPR-DO,Perintah ke Lapangan Driving Common Wesel W111A/131D  tidak Aktif,Perintah Ke Lapangan Driving Common Wesel W111A/131D  Aktif,1,1,,,wesel,SLO,237,7,1511
3513,SLO-W111B-L,Wesel W111B Tersekat,Wesel W111B tidak Tersekat,1,1,,,wesel,SLO,237,8,1512
3514,SLO-W111B-SWRLS,,Proses Membuka Sekat Wesel W111B  Sedang Berlangsung,1,1,,,wesel,SLO,237,9,1513
3515,SLO-W111B-TPZ,Wesel W111B  Terduduki tidak dapat berpindah Posisi,Wesel W111B  Terduduki dapat berpindah Posisi,1,1,,,wesel,SLO,237,10,1514
3516,SLO-W111B-NWP-DI,Deteksi Wesel W111B tidak pada Posisi Normal,Deteksi Wesel W111B pada Posisi Normal,1,1,,,wesel,SLO,237,11,1515
3517,SLO-W111B-RWP-DI,Deteksi Wesel W111B tidak pada Posisi Reverse,Deteksi Wesel W111B pada Posisi Reverse,1,1,,,wesel,SLO,237,12,1516
3518,SLO-W111B-NWR-DO,Perintah ke Lapangan Wesel W111B ke Arah Normal tidak Aktif,Perintah ke Lapangan Wesel W111B ke Arah Normal Aktif,1,1,,,wesel,SLO,237,13,1517
3519,SLO-W111B-RWR-DO,Perintah ke Lapangan Wesel W111B ke Arah Reverse tidak Aktif,Perintah ke Lapangan Wesel W111B ke Arah Reverse Aktif,1,1,,,wesel,SLO,237,14,1518
3520,SLO-W111B-WLPR-DO,Perintah ke Lapangan Driving Common Wesel W111B  tidak Aktif,Perintah Ke Lapangan Driving Common Wesel W111B  Aktif,1,1,,,wesel,SLO,237,15,1519
3521,SLO-W113A-L,Wesel W113A Tersekat,Wesel W113A tidak Tersekat,1,1,,,wesel,SLO,238,0,1520
3522,SLO-W113A-SWRLS,,Proses Membuka Sekat Wesel W113A  Sedang Berlangsung,1,1,,,wesel,SLO,238,1,1521
3523,SLO-W113A-TPZ,Wesel W113A  Terduduki tidak dapat berpindah Posisi,Wesel W113A  Terduduki dapat berpindah Posisi,1,1,,,wesel,SLO,238,2,1522
3524,SLO-W113A-NWP-DI,Deteksi Wesel W113A tidak pada Posisi Normal,Deteksi Wesel W113A pada Posisi Normal,1,1,,,wesel,SLO,238,3,1523
3525,SLO-W113A-RWP-DI,Deteksi Wesel W113A tidak pada Posisi Reverse,Deteksi Wesel W113A pada Posisi Reverse,1,1,,,wesel,SLO,238,4,1524
3526,SLO-W113A-NWR-DO,Perintah ke Lapangan Wesel W113A ke Arah Normal tidak Aktif,Perintah ke Lapangan Wesel W113A ke Arah Normal Aktif,1,1,,,wesel,SLO,238,5,1525
3527,SLO-W113A-RWR-DO,Perintah ke Lapangan Wesel W113A ke Arah Reverse tidak Aktif,Perintah ke Lapangan Wesel W113A ke Arah Reverse Aktif,1,1,,,wesel,SLO,238,6,1526
3528,SLO-W113A-WLPR-DO,Perintah ke Lapangan Driving Common Wesel W113A  tidak Aktif,Perintah Ke Lapangan Driving Common Wesel W113A  Aktif,1,1,,,wesel,SLO,238,7,1527
3529,SLO-W113B-L,Wesel W113B Tersekat,Wesel W113B tidak Tersekat,1,1,,,wesel,SLO,238,8,1528
3530,SLO-W113B-SWRLS,,Proses Membuka Sekat Wesel W113B  Sedang Berlangsung,1,1,,,wesel,SLO,238,9,1529
3531,SLO-W113B-TPZ,Wesel W113B  Terduduki tidak dapat berpindah Posisi,Wesel W113B  Terduduki dapat berpindah Posisi,1,1,,,wesel,SLO,238,10,1530
3532,SLO-W113B-NWP-DI,Deteksi Wesel W113B tidak pada Posisi Normal,Deteksi Wesel W113B pada Posisi Normal,1,1,,,wesel,SLO,238,11,1531
3533,SLO-W113B-RWP-DI,Deteksi Wesel W113B tidak pada Posisi Reverse,Deteksi Wesel W113B pada Posisi Reverse,1,1,,,wesel,SLO,238,12,1532
3534,SLO-W113B-NWR-DO,Perintah ke Lapangan Wesel W113B ke Arah Normal tidak Aktif,Perintah ke Lapangan Wesel W113B ke Arah Normal Aktif,1,1,,,wesel,SLO,238,13,1533
3535,SLO-W113B-RWR-DO,Perintah ke Lapangan Wesel W113B ke Arah Reverse tidak Aktif,Perintah ke Lapangan Wesel W113B ke Arah Reverse Aktif,1,1,,,wesel,SLO,238,14,1534
3536,SLO-W113B-WLPR-DO,Perintah ke Lapangan Driving Common Wesel W113B  tidak Aktif,Perintah Ke Lapangan Driving Common Wesel W113B  Aktif,1,1,,,wesel,SLO,238,15,1535
3537,SLO-W113C/133A-L,Wesel W113C/133A Tersekat,Wesel W113C/133A tidak Tersekat,1,1,,,wesel,SLO,239,0,1536
3538,SLO-W113C/133A-SWRLS,,Proses Membuka Sekat Wesel W113C/133A  Sedang Berlangsung,1,1,,,wesel,SLO,239,1,1537
3539,SLO-W113C/133A-TPZ,Wesel W113C/133A  Terduduki tidak dapat berpindah Posisi,Wesel W113C/133A  Terduduki dapat berpindah Posisi,1,1,,,wesel,SLO,239,2,1538
3540,SLO-W113C/133A-NWP-DI,Deteksi Wesel W113C/133A tidak pada Posisi Normal,Deteksi Wesel W113C/133A pada Posisi Normal,1,1,,,wesel,SLO,239,3,1539
3541,SLO-W113C/133A-RWP-DI,Deteksi Wesel W113C/133A tidak pada Posisi Reverse,Deteksi Wesel W113C/133A pada Posisi Reverse,1,1,,,wesel,SLO,239,4,1540
3542,SLO-W113C/133A-NWR-DO,Perintah ke Lapangan Wesel W113C/133A ke Arah Normal tidak Aktif,Perintah ke Lapangan Wesel W113C/133A ke Arah Normal Aktif,1,1,,,wesel,SLO,239,5,1541
3543,SLO-W113C/133A-RWR-DO,Perintah ke Lapangan Wesel W113C/133A ke Arah Reverse tidak Aktif,Perintah ke Lapangan Wesel W113C/133A ke Arah Reverse Aktif,1,1,,,wesel,SLO,239,6,1542
3544,SLO-W113C/133A-WLPR-DO,Perintah ke Lapangan Driving Common Wesel W113C/133A  tidak Aktif,Perintah Ke Lapangan Driving Common Wesel W113C/133A  Aktif,1,1,,,wesel,SLO,239,7,1543
3545,SLO-W113D/133D-L,Wesel W113D/133D Tersekat,Wesel W113D/133D tidak Tersekat,1,1,,,wesel,SLO,239,8,1544
3546,SLO-W113D/133D-SWRLS,,Proses Membuka Sekat Wesel W113D/133D  Sedang Berlangsung,1,1,,,wesel,SLO,239,9,1545
3547,SLO-W113D/133D-TPZ,Wesel W113D/133D  Terduduki tidak dapat berpindah Posisi,Wesel W113D/133D  Terduduki dapat berpindah Posisi,1,1,,,wesel,SLO,239,10,1546
3548,SLO-W113D/133D-NWP-DI,Deteksi Wesel W113D/133D tidak pada Posisi Normal,Deteksi Wesel W113D/133D pada Posisi Normal,1,1,,,wesel,SLO,239,11,1547
3549,SLO-W113D/133D-RWP-DI,Deteksi Wesel W113D/133D tidak pada Posisi Reverse,Deteksi Wesel W113D/133D pada Posisi Reverse,1,1,,,wesel,SLO,239,12,1548
3550,SLO-W113D/133D-NWR-DO,Perintah ke Lapangan Wesel W113D/133D ke Arah Normal tidak Aktif,Perintah ke Lapangan Wesel W113D/133D ke Arah Normal Aktif,1,1,,,wesel,SLO,239,13,1549
3551,SLO-W113D/133D-RWR-DO,Perintah ke Lapangan Wesel W113D/133D ke Arah Reverse tidak Aktif,Perintah ke Lapangan Wesel W113D/133D ke Arah Reverse Aktif,1,1,,,wesel,SLO,239,14,1550
3552,SLO-W113D/133D-WLPR-DO,Perintah ke Lapangan Driving Common Wesel W113D/133D  tidak Aktif,Perintah Ke Lapangan Driving Common Wesel W113D/133D  Aktif,1,1,,,wesel,SLO,239,15,1551
3553,SLO-W113E-L,Wesel W113E Tersekat,Wesel W113E tidak Tersekat,1,1,,,wesel,SLO,240,0,1552
3554,SLO-W113E-SWRLS,,Proses Membuka Sekat Wesel W113E  Sedang Berlangsung,1,1,,,wesel,SLO,240,1,1553
3555,SLO-W113E-TPZ,Wesel W113E  Terduduki tidak dapat berpindah Posisi,Wesel W113E  Terduduki dapat berpindah Posisi,1,1,,,wesel,SLO,240,2,1554
3556,SLO-W113E-NWP-DI,Deteksi Wesel W113E tidak pada Posisi Normal,Deteksi Wesel W113E pada Posisi Normal,1,1,,,wesel,SLO,240,3,1555
3557,SLO-W113E-RWP-DI,Deteksi Wesel W113E tidak pada Posisi Reverse,Deteksi Wesel W113E pada Posisi Reverse,1,1,,,wesel,SLO,240,4,1556
3558,SLO-W113E-NWR-DO,Perintah ke Lapangan Wesel W113E ke Arah Normal tidak Aktif,Perintah ke Lapangan Wesel W113E ke Arah Normal Aktif,1,1,,,wesel,SLO,240,5,1557
3559,SLO-W113E-RWR-DO,Perintah ke Lapangan Wesel W113E ke Arah Reverse tidak Aktif,Perintah ke Lapangan Wesel W113E ke Arah Reverse Aktif,1,1,,,wesel,SLO,240,6,1558
3560,SLO-W113E-WLPR-DO,Perintah ke Lapangan Driving Common Wesel W113E  tidak Aktif,Perintah Ke Lapangan Driving Common Wesel W113E  Aktif,1,1,,,wesel,SLO,240,7,1559
3561,SLO-W113F/133E-L,Wesel W113F/133E Tersekat,Wesel W113F/133E tidak Tersekat,1,1,,,wesel,SLO,240,8,1560
3562,SLO-W113F/133E-SWRLS,,Proses Membuka Sekat Wesel W113F/133E  Sedang Berlangsung,1,1,,,wesel,SLO,240,9,1561
3563,SLO-W113F/133E-TPZ,Wesel W113F/133E  Terduduki tidak dapat berpindah Posisi,Wesel W113F/133E  Terduduki dapat berpindah Posisi,1,1,,,wesel,SLO,240,10,1562
3564,SLO-W113F/133E-NWP-DI,Deteksi Wesel W113F/133E tidak pada Posisi Normal,Deteksi Wesel W113F/133E pada Posisi Normal,1,1,,,wesel,SLO,240,11,1563
3565,SLO-W113F/133E-RWP-DI,Deteksi Wesel W113F/133E tidak pada Posisi Reverse,Deteksi Wesel W113F/133E pada Posisi Reverse,1,1,,,wesel,SLO,240,12,1564
3566,SLO-W113F/133E-NWR-DO,Perintah ke Lapangan Wesel W113F/133E ke Arah Normal tidak Aktif,Perintah ke Lapangan Wesel W113F/133E ke Arah Normal Aktif,1,1,,,wesel,SLO,240,13,1565
3567,SLO-W113F/133E-RWR-DO,Perintah ke Lapangan Wesel W113F/133E ke Arah Reverse tidak Aktif,Perintah ke Lapangan Wesel W113F/133E ke Arah Reverse Aktif,1,1,,,wesel,SLO,240,14,1566
3568,SLO-W113F/133E-WLPR-DO,Perintah ke Lapangan Driving Common Wesel W113F/133E  tidak Aktif,Perintah Ke Lapangan Driving Common Wesel W113F/133E  Aktif,1,1,,,wesel,SLO,240,15,1567
3569,SLO-W113G-L,Wesel W113G Tersekat,Wesel W113G tidak Tersekat,1,1,,,wesel,SLO,241,0,1568
3570,SLO-W113G-SWRLS,,Proses Membuka Sekat Wesel W113G  Sedang Berlangsung,1,1,,,wesel,SLO,241,1,1569
3571,SLO-W113G-TPZ,Wesel W113G  Terduduki tidak dapat berpindah Posisi,Wesel W113G  Terduduki dapat berpindah Posisi,1,1,,,wesel,SLO,241,2,1570
3572,SLO-W113G-NWP-DI,Deteksi Wesel W113G tidak pada Posisi Normal,Deteksi Wesel W113G pada Posisi Normal,1,1,,,wesel,SLO,241,3,1571
3573,SLO-W113G-RWP-DI,Deteksi Wesel W113G tidak pada Posisi Reverse,Deteksi Wesel W113G pada Posisi Reverse,1,1,,,wesel,SLO,241,4,1572
3574,SLO-W113G-NWR-DO,Perintah ke Lapangan Wesel W113G ke Arah Normal tidak Aktif,Perintah ke Lapangan Wesel W113G ke Arah Normal Aktif,1,1,,,wesel,SLO,241,5,1573
3575,SLO-W113G-RWR-DO,Perintah ke Lapangan Wesel W113G ke Arah Reverse tidak Aktif,Perintah ke Lapangan Wesel W113G ke Arah Reverse Aktif,1,1,,,wesel,SLO,241,6,1574
3576,SLO-W113G-WLPR-DO,Perintah ke Lapangan Driving Common Wesel W113G  tidak Aktif,Perintah Ke Lapangan Driving Common Wesel W113G  Aktif,1,1,,,wesel,SLO,241,7,1575
3577,SLO-W11B/21B-L,Wesel W11B/21B Tersekat,Wesel W11B/21B tidak Tersekat,1,1,,,wesel,SLO,241,8,1576
3578,SLO-W11B/21B-SWRLS,,Proses Membuka Sekat Wesel W11B/21B  Sedang Berlangsung,1,1,,,wesel,SLO,241,9,1577
3579,SLO-W11B/21B-TPZ,Wesel W11B/21B  Terduduki tidak dapat berpindah Posisi,Wesel W11B/21B  Terduduki dapat berpindah Posisi,1,1,,,wesel,SLO,241,10,1578
3580,SLO-W11B/21B-NWP-DI,Deteksi Wesel W11B/21B tidak pada Posisi Normal,Deteksi Wesel W11B/21B pada Posisi Normal,1,1,,,wesel,SLO,241,11,1579
3581,SLO-W11B/21B-RWP-DI,Deteksi Wesel W11B/21B tidak pada Posisi Reverse,Deteksi Wesel W11B/21B pada Posisi Reverse,1,1,,,wesel,SLO,241,12,1580
3582,SLO-W11B/21B-NWR-DO,Perintah ke Lapangan Wesel W11B/21B ke Arah Normal tidak Aktif,Perintah ke Lapangan Wesel W11B/21B ke Arah Normal Aktif,1,1,,,wesel,SLO,241,13,1581
3583,SLO-W11B/21B-RWR-DO,Perintah ke Lapangan Wesel W11B/21B ke Arah Reverse tidak Aktif,Perintah ke Lapangan Wesel W11B/21B ke Arah Reverse Aktif,1,1,,,wesel,SLO,241,14,1582
3584,SLO-W11B/21B-WLPR-DO,Perintah ke Lapangan Driving Common Wesel W11B/21B  tidak Aktif,Perintah Ke Lapangan Driving Common Wesel W11B/21B  Aktif,1,1,,,wesel,SLO,241,15,1583
3585,SLO-W11C-L,Wesel W11C Tersekat,Wesel W11C tidak Tersekat,1,1,,,wesel,SLO,242,0,1584
3586,SLO-W11C-SWRLS,,Proses Membuka Sekat Wesel W11C  Sedang Berlangsung,1,1,,,wesel,SLO,242,1,1585
3587,SLO-W11C-TPZ,Wesel W11C  Terduduki tidak dapat berpindah Posisi,Wesel W11C  Terduduki dapat berpindah Posisi,1,1,,,wesel,SLO,242,2,1586
3588,SLO-W11C-NWP-DI,Deteksi Wesel W11C tidak pada Posisi Normal,Deteksi Wesel W11C pada Posisi Normal,1,1,,,wesel,SLO,242,3,1587
3589,SLO-W11C-RWP-DI,Deteksi Wesel W11C tidak pada Posisi Reverse,Deteksi Wesel W11C pada Posisi Reverse,1,1,,,wesel,SLO,242,4,1588
3590,SLO-W11C-NWR-DO,Perintah ke Lapangan Wesel W11C ke Arah Normal tidak Aktif,Perintah ke Lapangan Wesel W11C ke Arah Normal Aktif,1,1,,,wesel,SLO,242,5,1589
3591,SLO-W11C-RWR-DO,Perintah ke Lapangan Wesel W11C ke Arah Reverse tidak Aktif,Perintah ke Lapangan Wesel W11C ke Arah Reverse Aktif,1,1,,,wesel,SLO,242,6,1590
3592,SLO-W11C-WLPR-DO,Perintah ke Lapangan Driving Common Wesel W11C  tidak Aktif,Perintah Ke Lapangan Driving Common Wesel W11C  Aktif,1,1,,,wesel,SLO,242,7,1591
3593,SLO-W11D-L,Wesel W11D Tersekat,Wesel W11D tidak Tersekat,1,1,,,wesel,SLO,242,8,1592
3594,SLO-W11D-SWRLS,,Proses Membuka Sekat Wesel W11D  Sedang Berlangsung,1,1,,,wesel,SLO,242,9,1593
3595,SLO-W11D-TPZ,Wesel W11D  Terduduki tidak dapat berpindah Posisi,Wesel W11D  Terduduki dapat berpindah Posisi,1,1,,,wesel,SLO,242,10,1594
3596,SLO-W11D-NWP-DI,Deteksi Wesel W11D tidak pada Posisi Normal,Deteksi Wesel W11D pada Posisi Normal,1,1,,,wesel,SLO,242,11,1595
3597,SLO-W11D-RWP-DI,Deteksi Wesel W11D tidak pada Posisi Reverse,Deteksi Wesel W11D pada Posisi Reverse,1,1,,,wesel,SLO,242,12,1596
3598,SLO-W11D-NWR-DO,Perintah ke Lapangan Wesel W11D ke Arah Normal tidak Aktif,Perintah ke Lapangan Wesel W11D ke Arah Normal Aktif,1,1,,,wesel,SLO,242,13,1597
3599,SLO-W11D-RWR-DO,Perintah ke Lapangan Wesel W11D ke Arah Reverse tidak Aktif,Perintah ke Lapangan Wesel W11D ke Arah Reverse Aktif,1,1,,,wesel,SLO,242,14,1598
3600,SLO-W11D-WLPR-DO,Perintah ke Lapangan Driving Common Wesel W11D  tidak Aktif,Perintah Ke Lapangan Driving Common Wesel W11D  Aktif,1,1,,,wesel,SLO,242,15,1599
3601,SLO-W11E-L,Wesel W11E Tersekat,Wesel W11E tidak Tersekat,1,1,,,wesel,SLO,243,0,1600
3602,SLO-W11E-SWRLS,,Proses Membuka Sekat Wesel W11E  Sedang Berlangsung,1,1,,,wesel,SLO,243,1,1601
3603,SLO-W11E-TPZ,Wesel W11E  Terduduki tidak dapat berpindah Posisi,Wesel W11E  Terduduki dapat berpindah Posisi,1,1,,,wesel,SLO,243,2,1602
3604,SLO-W11E-NWP-DI,Deteksi Wesel W11E tidak pada Posisi Normal,Deteksi Wesel W11E pada Posisi Normal,1,1,,,wesel,SLO,243,3,1603
3605,SLO-W11E-RWP-DI,Deteksi Wesel W11E tidak pada Posisi Reverse,Deteksi Wesel W11E pada Posisi Reverse,1,1,,,wesel,SLO,243,4,1604
3606,SLO-W11E-NWR-DO,Perintah ke Lapangan Wesel W11E ke Arah Normal tidak Aktif,Perintah ke Lapangan Wesel W11E ke Arah Normal Aktif,1,1,,,wesel,SLO,243,5,1605
3607,SLO-W11E-RWR-DO,Perintah ke Lapangan Wesel W11E ke Arah Reverse tidak Aktif,Perintah ke Lapangan Wesel W11E ke Arah Reverse Aktif,1,1,,,wesel,SLO,243,6,1606
3608,SLO-W11E-WLPR-DO,Perintah ke Lapangan Driving Common Wesel W11E  tidak Aktif,Perintah Ke Lapangan Driving Common Wesel W11E  Aktif,1,1,,,wesel,SLO,243,7,1607
3609,SLO-W11F/21C-L,Wesel W11F/21C Tersekat,Wesel W11F/21C tidak Tersekat,1,1,,,wesel,SLO,243,8,1608
3610,SLO-W11F/21C-SWRLS,,Proses Membuka Sekat Wesel W11F/21C  Sedang Berlangsung,1,1,,,wesel,SLO,243,9,1609
3611,SLO-W11F/21C-TPZ,Wesel W11F/21C  Terduduki tidak dapat berpindah Posisi,Wesel W11F/21C  Terduduki dapat berpindah Posisi,1,1,,,wesel,SLO,243,10,1610
3612,SLO-W11F/21C-NWP-DI,Deteksi Wesel W11F/21C tidak pada Posisi Normal,Deteksi Wesel W11F/21C pada Posisi Normal,1,1,,,wesel,SLO,243,11,1611
3613,SLO-W11F/21C-RWP-DI,Deteksi Wesel W11F/21C tidak pada Posisi Reverse,Deteksi Wesel W11F/21C pada Posisi Reverse,1,1,,,wesel,SLO,243,12,1612
3614,SLO-W11F/21C-NWR-DO,Perintah ke Lapangan Wesel W11F/21C ke Arah Normal tidak Aktif,Perintah ke Lapangan Wesel W11F/21C ke Arah Normal Aktif,1,1,,,wesel,SLO,243,13,1613
3615,SLO-W11F/21C-RWR-DO,Perintah ke Lapangan Wesel W11F/21C ke Arah Reverse tidak Aktif,Perintah ke Lapangan Wesel W11F/21C ke Arah Reverse Aktif,1,1,,,wesel,SLO,243,14,1614
3616,SLO-W11F/21C-WLPR-DO,Perintah ke Lapangan Driving Common Wesel W11F/21C  tidak Aktif,Perintah Ke Lapangan Driving Common Wesel W11F/21C  Aktif,1,1,,,wesel,SLO,243,15,1615
3617,SLO-W131A-L,Wesel W131A Tersekat,Wesel W131A tidak Tersekat,1,1,,,wesel,SLO,244,0,1616
3618,SLO-W131A-SWRLS,,Proses Membuka Sekat Wesel W131A  Sedang Berlangsung,1,1,,,wesel,SLO,244,1,1617
3619,SLO-W131A-TPZ,Wesel W131A  Terduduki tidak dapat berpindah Posisi,Wesel W131A  Terduduki dapat berpindah Posisi,1,1,,,wesel,SLO,244,2,1618
3620,SLO-W131A-NWP-DI,Deteksi Wesel W131A tidak pada Posisi Normal,Deteksi Wesel W131A pada Posisi Normal,1,1,,,wesel,SLO,244,3,1619
3621,SLO-W131A-RWP-DI,Deteksi Wesel W131A tidak pada Posisi Reverse,Deteksi Wesel W131A pada Posisi Reverse,1,1,,,wesel,SLO,244,4,1620
3622,SLO-W131A-NWR-DO,Perintah ke Lapangan Wesel W131A ke Arah Normal tidak Aktif,Perintah ke Lapangan Wesel W131A ke Arah Normal Aktif,1,1,,,wesel,SLO,244,5,1621
3623,SLO-W131A-RWR-DO,Perintah ke Lapangan Wesel W131A ke Arah Reverse tidak Aktif,Perintah ke Lapangan Wesel W131A ke Arah Reverse Aktif,1,1,,,wesel,SLO,244,6,1622
3624,SLO-W131A-WLPR-DO,Perintah ke Lapangan Driving Common Wesel W131A  tidak Aktif,Perintah Ke Lapangan Driving Common Wesel W131A  Aktif,1,1,,,wesel,SLO,244,7,1623
3625,SLO-W131B-L,Wesel W131B Tersekat,Wesel W131B tidak Tersekat,1,1,,,wesel,SLO,244,8,1624
3626,SLO-W131B-SWRLS,,Proses Membuka Sekat Wesel W131B  Sedang Berlangsung,1,1,,,wesel,SLO,244,9,1625
3627,SLO-W131B-TPZ,Wesel W131B  Terduduki tidak dapat berpindah Posisi,Wesel W131B  Terduduki dapat berpindah Posisi,1,1,,,wesel,SLO,244,10,1626
3628,SLO-W131B-NWP-DI,Deteksi Wesel W131B tidak pada Posisi Normal,Deteksi Wesel W131B pada Posisi Normal,1,1,,,wesel,SLO,244,11,1627
3629,SLO-W131B-RWP-DI,Deteksi Wesel W131B tidak pada Posisi Reverse,Deteksi Wesel W131B pada Posisi Reverse,1,1,,,wesel,SLO,244,12,1628
3630,SLO-W131B-NWR-DO,Perintah ke Lapangan Wesel W131B ke Arah Normal tidak Aktif,Perintah ke Lapangan Wesel W131B ke Arah Normal Aktif,1,1,,,wesel,SLO,244,13,1629
3631,SLO-W131B-RWR-DO,Perintah ke Lapangan Wesel W131B ke Arah Reverse tidak Aktif,Perintah ke Lapangan Wesel W131B ke Arah Reverse Aktif,1,1,,,wesel,SLO,244,14,1630
3632,SLO-W131B-WLPR-DO,Perintah ke Lapangan Driving Common Wesel W131B  tidak Aktif,Perintah Ke Lapangan Driving Common Wesel W131B  Aktif,1,1,,,wesel,SLO,244,15,1631
3633,SLO-W131C-L,Wesel W131C Tersekat,Wesel W131C tidak Tersekat,1,1,,,wesel,SLO,245,0,1632
3634,SLO-W131C-SWRLS,,Proses Membuka Sekat Wesel W131C  Sedang Berlangsung,1,1,,,wesel,SLO,245,1,1633
3635,SLO-W131C-TPZ,Wesel W131C  Terduduki tidak dapat berpindah Posisi,Wesel W131C  Terduduki dapat berpindah Posisi,1,1,,,wesel,SLO,245,2,1634
3636,SLO-W131C-NWP-DI,Deteksi Wesel W131C tidak pada Posisi Normal,Deteksi Wesel W131C pada Posisi Normal,1,1,,,wesel,SLO,245,3,1635
3637,SLO-W131C-RWP-DI,Deteksi Wesel W131C tidak pada Posisi Reverse,Deteksi Wesel W131C pada Posisi Reverse,1,1,,,wesel,SLO,245,4,1636
3638,SLO-W131C-NWR-DO,Perintah ke Lapangan Wesel W131C ke Arah Normal tidak Aktif,Perintah ke Lapangan Wesel W131C ke Arah Normal Aktif,1,1,,,wesel,SLO,245,5,1637
3639,SLO-W131C-RWR-DO,Perintah ke Lapangan Wesel W131C ke Arah Reverse tidak Aktif,Perintah ke Lapangan Wesel W131C ke Arah Reverse Aktif,1,1,,,wesel,SLO,245,6,1638
3640,SLO-W131C-WLPR-DO,Perintah ke Lapangan Driving Common Wesel W131C  tidak Aktif,Perintah Ke Lapangan Driving Common Wesel W131C  Aktif,1,1,,,wesel,SLO,245,7,1639
3641,SLO-W131E-L,Wesel W131E Tersekat,Wesel W131E tidak Tersekat,1,1,,,wesel,SLO,245,8,1640
3642,SLO-W131E-SWRLS,,Proses Membuka Sekat Wesel W131E  Sedang Berlangsung,1,1,,,wesel,SLO,245,9,1641
3643,SLO-W131E-TPZ,Wesel W131E  Terduduki tidak dapat berpindah Posisi,Wesel W131E  Terduduki dapat berpindah Posisi,1,1,,,wesel,SLO,245,10,1642
3644,SLO-W131E-NWP-DI,Deteksi Wesel W131E tidak pada Posisi Normal,Deteksi Wesel W131E pada Posisi Normal,1,1,,,wesel,SLO,245,11,1643
3645,SLO-W131E-RWP-DI,Deteksi Wesel W131E tidak pada Posisi Reverse,Deteksi Wesel W131E pada Posisi Reverse,1,1,,,wesel,SLO,245,12,1644
3646,SLO-W131E-NWR-DO,Perintah ke Lapangan Wesel W131E ke Arah Normal tidak Aktif,Perintah ke Lapangan Wesel W131E ke Arah Normal Aktif,1,1,,,wesel,SLO,245,13,1645
3647,SLO-W131E-RWR-DO,Perintah ke Lapangan Wesel W131E ke Arah Reverse tidak Aktif,Perintah ke Lapangan Wesel W131E ke Arah Reverse Aktif,1,1,,,wesel,SLO,245,14,1646
3648,SLO-W131E-WLPR-DO,Perintah ke Lapangan Driving Common Wesel W131E  tidak Aktif,Perintah Ke Lapangan Driving Common Wesel W131E  Aktif,1,1,,,wesel,SLO,245,15,1647
3649,SLO-W133B/153B-L,Wesel W133B/153B Tersekat,Wesel W133B/153B tidak Tersekat,1,1,,,wesel,SLO,246,0,1648
3650,SLO-W133B/153B-SWRLS,,Proses Membuka Sekat Wesel W133B/153B  Sedang Berlangsung,1,1,,,wesel,SLO,246,1,1649
3651,SLO-W133B/153B-TPZ,Wesel W133B/153B  Terduduki tidak dapat berpindah Posisi,Wesel W133B/153B  Terduduki dapat berpindah Posisi,1,1,,,wesel,SLO,246,2,1650
3652,SLO-W133B/153B-NWP-DI,Deteksi Wesel W133B/153B tidak pada Posisi Normal,Deteksi Wesel W133B/153B pada Posisi Normal,1,1,,,wesel,SLO,246,3,1651
3653,SLO-W133B/153B-RWP-DI,Deteksi Wesel W133B/153B tidak pada Posisi Reverse,Deteksi Wesel W133B/153B pada Posisi Reverse,1,1,,,wesel,SLO,246,4,1652
3654,SLO-W133B/153B-NWR-DO,Perintah ke Lapangan Wesel W133B/153B ke Arah Normal tidak Aktif,Perintah ke Lapangan Wesel W133B/153B ke Arah Normal Aktif,1,1,,,wesel,SLO,246,5,1653
3655,SLO-W133B/153B-RWR-DO,Perintah ke Lapangan Wesel W133B/153B ke Arah Reverse tidak Aktif,Perintah ke Lapangan Wesel W133B/153B ke Arah Reverse Aktif,1,1,,,wesel,SLO,246,6,1654
3656,SLO-W133B/153B-WLPR-DO,Perintah ke Lapangan Driving Common Wesel W133B/153B  tidak Aktif,Perintah Ke Lapangan Driving Common Wesel W133B/153B  Aktif,1,1,,,wesel,SLO,246,7,1655
3657,SLO-W133C/153D-L,Wesel W133C/153D Tersekat,Wesel W133C/153D tidak Tersekat,1,1,,,wesel,SLO,246,8,1656
3658,SLO-W133C/153D-SWRLS,,Proses Membuka Sekat Wesel W133C/153D  Sedang Berlangsung,1,1,,,wesel,SLO,246,9,1657
3659,SLO-W133C/153D-TPZ,Wesel W133C/153D  Terduduki tidak dapat berpindah Posisi,Wesel W133C/153D  Terduduki dapat berpindah Posisi,1,1,,,wesel,SLO,246,10,1658
3660,SLO-W133C/153D-NWP-DI,Deteksi Wesel W133C/153D tidak pada Posisi Normal,Deteksi Wesel W133C/153D pada Posisi Normal,1,1,,,wesel,SLO,246,11,1659
3661,SLO-W133C/153D-RWP-DI,Deteksi Wesel W133C/153D tidak pada Posisi Reverse,Deteksi Wesel W133C/153D pada Posisi Reverse,1,1,,,wesel,SLO,246,12,1660
3662,SLO-W133C/153D-NWR-DO,Perintah ke Lapangan Wesel W133C/153D ke Arah Normal tidak Aktif,Perintah ke Lapangan Wesel W133C/153D ke Arah Normal Aktif,1,1,,,wesel,SLO,246,13,1661
3663,SLO-W133C/153D-RWR-DO,Perintah ke Lapangan Wesel W133C/153D ke Arah Reverse tidak Aktif,Perintah ke Lapangan Wesel W133C/153D ke Arah Reverse Aktif,1,1,,,wesel,SLO,246,14,1662
3664,SLO-W133C/153D-WLPR-DO,Perintah ke Lapangan Driving Common Wesel W133C/153D  tidak Aktif,Perintah Ke Lapangan Driving Common Wesel W133C/153D  Aktif,1,1,,,wesel,SLO,246,15,1663
3665,SLO-W13A-L,Wesel W13A Tersekat,Wesel W13A tidak Tersekat,1,1,,,wesel,SLO,247,0,1664
3666,SLO-W13A-SWRLS,,Proses Membuka Sekat Wesel W13A  Sedang Berlangsung,1,1,,,wesel,SLO,247,1,1665
3667,SLO-W13A-TPZ,Wesel W13A  Terduduki tidak dapat berpindah Posisi,Wesel W13A  Terduduki dapat berpindah Posisi,1,1,,,wesel,SLO,247,2,1666
3668,SLO-W13A-NWP-DI,Deteksi Wesel W13A tidak pada Posisi Normal,Deteksi Wesel W13A pada Posisi Normal,1,1,,,wesel,SLO,247,3,1667
3669,SLO-W13A-RWP-DI,Deteksi Wesel W13A tidak pada Posisi Reverse,Deteksi Wesel W13A pada Posisi Reverse,1,1,,,wesel,SLO,247,4,1668
3670,SLO-W13A-NWR-DO,Perintah ke Lapangan Wesel W13A ke Arah Normal tidak Aktif,Perintah ke Lapangan Wesel W13A ke Arah Normal Aktif,1,1,,,wesel,SLO,247,5,1669
3671,SLO-W13A-RWR-DO,Perintah ke Lapangan Wesel W13A ke Arah Reverse tidak Aktif,Perintah ke Lapangan Wesel W13A ke Arah Reverse Aktif,1,1,,,wesel,SLO,247,6,1670
3672,SLO-W13A-WLPR-DO,Perintah ke Lapangan Driving Common Wesel W13A  tidak Aktif,Perintah Ke Lapangan Driving Common Wesel W13A  Aktif,1,1,,,wesel,SLO,247,7,1671
3673,SLO-W13B/23A-L,Wesel W13B/23A Tersekat,Wesel W13B/23A tidak Tersekat,1,1,,,wesel,SLO,247,8,1672
3674,SLO-W13B/23A-SWRLS,,Proses Membuka Sekat Wesel W13B/23A  Sedang Berlangsung,1,1,,,wesel,SLO,247,9,1673
3675,SLO-W13B/23A-TPZ,Wesel W13B/23A  Terduduki tidak dapat berpindah Posisi,Wesel W13B/23A  Terduduki dapat berpindah Posisi,1,1,,,wesel,SLO,247,10,1674
3676,SLO-W13B/23A-NWP-DI,Deteksi Wesel W13B/23A tidak pada Posisi Normal,Deteksi Wesel W13B/23A pada Posisi Normal,1,1,,,wesel,SLO,247,11,1675
3677,SLO-W13B/23A-RWP-DI,Deteksi Wesel W13B/23A tidak pada Posisi Reverse,Deteksi Wesel W13B/23A pada Posisi Reverse,1,1,,,wesel,SLO,247,12,1676
3678,SLO-W13B/23A-NWR-DO,Perintah ke Lapangan Wesel W13B/23A ke Arah Normal tidak Aktif,Perintah ke Lapangan Wesel W13B/23A ke Arah Normal Aktif,1,1,,,wesel,SLO,247,13,1677
3679,SLO-W13B/23A-RWR-DO,Perintah ke Lapangan Wesel W13B/23A ke Arah Reverse tidak Aktif,Perintah ke Lapangan Wesel W13B/23A ke Arah Reverse Aktif,1,1,,,wesel,SLO,247,14,1678
3680,SLO-W13B/23A-WLPR-DO,Perintah ke Lapangan Driving Common Wesel W13B/23A  tidak Aktif,Perintah Ke Lapangan Driving Common Wesel W13B/23A  Aktif,1,1,,,wesel,SLO,247,15,1679
3681,SLO-W13C/23C-L,Wesel W13C/23C Tersekat,Wesel W13C/23C tidak Tersekat,1,1,,,wesel,SLO,248,0,1680
3682,SLO-W13C/23C-SWRLS,,Proses Membuka Sekat Wesel W13C/23C  Sedang Berlangsung,1,1,,,wesel,SLO,248,1,1681
3683,SLO-W13C/23C-TPZ,Wesel W13C/23C  Terduduki tidak dapat berpindah Posisi,Wesel W13C/23C  Terduduki dapat berpindah Posisi,1,1,,,wesel,SLO,248,2,1682
3684,SLO-W13C/23C-NWP-DI,Deteksi Wesel W13C/23C tidak pada Posisi Normal,Deteksi Wesel W13C/23C pada Posisi Normal,1,1,,,wesel,SLO,248,3,1683
3685,SLO-W13C/23C-RWP-DI,Deteksi Wesel W13C/23C tidak pada Posisi Reverse,Deteksi Wesel W13C/23C pada Posisi Reverse,1,1,,,wesel,SLO,248,4,1684
3686,SLO-W13C/23C-NWR-DO,Perintah ke Lapangan Wesel W13C/23C ke Arah Normal tidak Aktif,Perintah ke Lapangan Wesel W13C/23C ke Arah Normal Aktif,1,1,,,wesel,SLO,248,5,1685
3687,SLO-W13C/23C-RWR-DO,Perintah ke Lapangan Wesel W13C/23C ke Arah Reverse tidak Aktif,Perintah ke Lapangan Wesel W13C/23C ke Arah Reverse Aktif,1,1,,,wesel,SLO,248,6,1686
3688,SLO-W13C/23C-WLPR-DO,Perintah ke Lapangan Driving Common Wesel W13C/23C  tidak Aktif,Perintah Ke Lapangan Driving Common Wesel W13C/23C  Aktif,1,1,,,wesel,SLO,248,7,1687
3689,SLO-W151A-L,Wesel W151A Tersekat,Wesel W151A tidak Tersekat,1,1,,,wesel,SLO,248,8,1688
3690,SLO-W151A-SWRLS,,Proses Membuka Sekat Wesel W151A  Sedang Berlangsung,1,1,,,wesel,SLO,248,9,1689
3691,SLO-W151A-TPZ,Wesel W151A  Terduduki tidak dapat berpindah Posisi,Wesel W151A  Terduduki dapat berpindah Posisi,1,1,,,wesel,SLO,248,10,1690
3692,SLO-W151A-NWP-DI,Deteksi Wesel W151A tidak pada Posisi Normal,Deteksi Wesel W151A pada Posisi Normal,1,1,,,wesel,SLO,248,11,1691
3693,SLO-W151A-RWP-DI,Deteksi Wesel W151A tidak pada Posisi Reverse,Deteksi Wesel W151A pada Posisi Reverse,1,1,,,wesel,SLO,248,12,1692
3694,SLO-W151A-NWR-DO,Perintah ke Lapangan Wesel W151A ke Arah Normal tidak Aktif,Perintah ke Lapangan Wesel W151A ke Arah Normal Aktif,1,1,,,wesel,SLO,248,13,1693
3695,SLO-W151A-RWR-DO,Perintah ke Lapangan Wesel W151A ke Arah Reverse tidak Aktif,Perintah ke Lapangan Wesel W151A ke Arah Reverse Aktif,1,1,,,wesel,SLO,248,14,1694
3696,SLO-W151A-WLPR-DO,Perintah ke Lapangan Driving Common Wesel W151A  tidak Aktif,Perintah Ke Lapangan Driving Common Wesel W151A  Aktif,1,1,,,wesel,SLO,248,15,1695
3697,SLO-W151B-L,Wesel W151B Tersekat,Wesel W151B tidak Tersekat,1,1,,,wesel,SLO,249,0,1696
3698,SLO-W151B-SWRLS,,Proses Membuka Sekat Wesel W151B  Sedang Berlangsung,1,1,,,wesel,SLO,249,1,1697
3699,SLO-W151B-TPZ,Wesel W151B  Terduduki tidak dapat berpindah Posisi,Wesel W151B  Terduduki dapat berpindah Posisi,1,1,,,wesel,SLO,249,2,1698
3700,SLO-W151B-NWP-DI,Deteksi Wesel W151B tidak pada Posisi Normal,Deteksi Wesel W151B pada Posisi Normal,1,1,,,wesel,SLO,249,3,1699
3701,SLO-W151B-RWP-DI,Deteksi Wesel W151B tidak pada Posisi Reverse,Deteksi Wesel W151B pada Posisi Reverse,1,1,,,wesel,SLO,249,4,1700
3702,SLO-W151B-NWR-DO,Perintah ke Lapangan Wesel W151B ke Arah Normal tidak Aktif,Perintah ke Lapangan Wesel W151B ke Arah Normal Aktif,1,1,,,wesel,SLO,249,5,1701
3703,SLO-W151B-RWR-DO,Perintah ke Lapangan Wesel W151B ke Arah Reverse tidak Aktif,Perintah ke Lapangan Wesel W151B ke Arah Reverse Aktif,1,1,,,wesel,SLO,249,6,1702
3704,SLO-W151B-WLPR-DO,Perintah ke Lapangan Driving Common Wesel W151B  tidak Aktif,Perintah Ke Lapangan Driving Common Wesel W151B  Aktif,1,1,,,wesel,SLO,249,7,1703
3705,SLO-W153A-L,Wesel W153A Tersekat,Wesel W153A tidak Tersekat,1,1,,,wesel,SLO,249,8,1704
3706,SLO-W153A-SWRLS,,Proses Membuka Sekat Wesel W153A  Sedang Berlangsung,1,1,,,wesel,SLO,249,9,1705
3707,SLO-W153A-TPZ,Wesel W153A  Terduduki tidak dapat berpindah Posisi,Wesel W153A  Terduduki dapat berpindah Posisi,1,1,,,wesel,SLO,249,10,1706
3708,SLO-W153A-NWP-DI,Deteksi Wesel W153A tidak pada Posisi Normal,Deteksi Wesel W153A pada Posisi Normal,1,1,,,wesel,SLO,249,11,1707
3709,SLO-W153A-RWP-DI,Deteksi Wesel W153A tidak pada Posisi Reverse,Deteksi Wesel W153A pada Posisi Reverse,1,1,,,wesel,SLO,249,12,1708
3710,SLO-W153A-NWR-DO,Perintah ke Lapangan Wesel W153A ke Arah Normal tidak Aktif,Perintah ke Lapangan Wesel W153A ke Arah Normal Aktif,1,1,,,wesel,SLO,249,13,1709
3711,SLO-W153A-RWR-DO,Perintah ke Lapangan Wesel W153A ke Arah Reverse tidak Aktif,Perintah ke Lapangan Wesel W153A ke Arah Reverse Aktif,1,1,,,wesel,SLO,249,14,1710
3712,SLO-W153A-WLPR-DO,Perintah ke Lapangan Driving Common Wesel W153A  tidak Aktif,Perintah Ke Lapangan Driving Common Wesel W153A  Aktif,1,1,,,wesel,SLO,249,15,1711
3713,SLO-W153C-L,Wesel W153C Tersekat,Wesel W153C tidak Tersekat,1,1,,,wesel,SLO,250,0,1712
3714,SLO-W153C-SWRLS,,Proses Membuka Sekat Wesel W153C  Sedang Berlangsung,1,1,,,wesel,SLO,250,1,1713
3715,SLO-W153C-TPZ,Wesel W153C  Terduduki tidak dapat berpindah Posisi,Wesel W153C  Terduduki dapat berpindah Posisi,1,1,,,wesel,SLO,250,2,1714
3716,SLO-W153C-NWP-DI,Deteksi Wesel W153C tidak pada Posisi Normal,Deteksi Wesel W153C pada Posisi Normal,1,1,,,wesel,SLO,250,3,1715
3717,SLO-W153C-RWP-DI,Deteksi Wesel W153C tidak pada Posisi Reverse,Deteksi Wesel W153C pada Posisi Reverse,1,1,,,wesel,SLO,250,4,1716
3718,SLO-W153C-NWR-DO,Perintah ke Lapangan Wesel W153C ke Arah Normal tidak Aktif,Perintah ke Lapangan Wesel W153C ke Arah Normal Aktif,1,1,,,wesel,SLO,250,5,1717
3719,SLO-W153C-RWR-DO,Perintah ke Lapangan Wesel W153C ke Arah Reverse tidak Aktif,Perintah ke Lapangan Wesel W153C ke Arah Reverse Aktif,1,1,,,wesel,SLO,250,6,1718
3720,SLO-W153C-WLPR-DO,Perintah ke Lapangan Driving Common Wesel W153C  tidak Aktif,Perintah Ke Lapangan Driving Common Wesel W153C  Aktif,1,1,,,wesel,SLO,250,7,1719
3721,SLO-W173-L,Wesel W173 Tersekat,Wesel W173 tidak Tersekat,1,1,,,wesel,SLO,250,8,1720
3722,SLO-W173-SWRLS,,Proses Membuka Sekat Wesel W173  Sedang Berlangsung,1,1,,,wesel,SLO,250,9,1721
3723,SLO-W173-TPZ,Wesel W173  Terduduki tidak dapat berpindah Posisi,Wesel W173  Terduduki dapat berpindah Posisi,1,1,,,wesel,SLO,250,10,1722
3724,SLO-W173-NWP-DI,Deteksi Wesel W173 tidak pada Posisi Normal,Deteksi Wesel W173 pada Posisi Normal,1,1,,,wesel,SLO,250,11,1723
3725,SLO-W173-RWP-DI,Deteksi Wesel W173 tidak pada Posisi Reverse,Deteksi Wesel W173 pada Posisi Reverse,1,1,,,wesel,SLO,250,12,1724
3726,SLO-W173-NWR-DO,Perintah ke Lapangan Wesel W173 ke Arah Normal tidak Aktif,Perintah ke Lapangan Wesel W173 ke Arah Normal Aktif,1,1,,,wesel,SLO,250,13,1725
3727,SLO-W173-RWR-DO,Perintah ke Lapangan Wesel W173 ke Arah Reverse tidak Aktif,Perintah ke Lapangan Wesel W173 ke Arah Reverse Aktif,1,1,,,wesel,SLO,250,14,1726
3728,SLO-W173-WLPR-DO,Perintah ke Lapangan Driving Common Wesel W173  tidak Aktif,Perintah Ke Lapangan Driving Common Wesel W173  Aktif,1,1,,,wesel,SLO,250,15,1727
3729,SLO-W175-L,Wesel W175 Tersekat,Wesel W175 tidak Tersekat,1,1,,,wesel,SLO,251,0,1728
3730,SLO-W175-SWRLS,,Proses Membuka Sekat Wesel W175  Sedang Berlangsung,1,1,,,wesel,SLO,251,1,1729
3731,SLO-W175-TPZ,Wesel W175  Terduduki tidak dapat berpindah Posisi,Wesel W175  Terduduki dapat berpindah Posisi,1,1,,,wesel,SLO,251,2,1730
3732,SLO-W175-NWP-DI,Deteksi Wesel W175 tidak pada Posisi Normal,Deteksi Wesel W175 pada Posisi Normal,1,1,,,wesel,SLO,251,3,1731
3733,SLO-W175-RWP-DI,Deteksi Wesel W175 tidak pada Posisi Reverse,Deteksi Wesel W175 pada Posisi Reverse,1,1,,,wesel,SLO,251,4,1732
3734,SLO-W175-NWR-DO,Perintah ke Lapangan Wesel W175 ke Arah Normal tidak Aktif,Perintah ke Lapangan Wesel W175 ke Arah Normal Aktif,1,1,,,wesel,SLO,251,5,1733
3735,SLO-W175-RWR-DO,Perintah ke Lapangan Wesel W175 ke Arah Reverse tidak Aktif,Perintah ke Lapangan Wesel W175 ke Arah Reverse Aktif,1,1,,,wesel,SLO,251,6,1734
3736,SLO-W175-WLPR-DO,Perintah ke Lapangan Driving Common Wesel W175  tidak Aktif,Perintah Ke Lapangan Driving Common Wesel W175  Aktif,1,1,,,wesel,SLO,251,7,1735
3737,SLO-W193-L,Wesel W193 Tersekat,Wesel W193 tidak Tersekat,1,1,,,wesel,SLO,251,8,1736
3738,SLO-W193-SWRLS,,Proses Membuka Sekat Wesel W193  Sedang Berlangsung,1,1,,,wesel,SLO,251,9,1737
3739,SLO-W193-TPZ,Wesel W193  Terduduki tidak dapat berpindah Posisi,Wesel W193  Terduduki dapat berpindah Posisi,1,1,,,wesel,SLO,251,10,1738
3740,SLO-W193-NWP-DI,Deteksi Wesel W193 tidak pada Posisi Normal,Deteksi Wesel W193 pada Posisi Normal,1,1,,,wesel,SLO,251,11,1739
3741,SLO-W193-RWP-DI,Deteksi Wesel W193 tidak pada Posisi Reverse,Deteksi Wesel W193 pada Posisi Reverse,1,1,,,wesel,SLO,251,12,1740
3742,SLO-W193-NWR-DO,Perintah ke Lapangan Wesel W193 ke Arah Normal tidak Aktif,Perintah ke Lapangan Wesel W193 ke Arah Normal Aktif,1,1,,,wesel,SLO,251,13,1741
3743,SLO-W193-RWR-DO,Perintah ke Lapangan Wesel W193 ke Arah Reverse tidak Aktif,Perintah ke Lapangan Wesel W193 ke Arah Reverse Aktif,1,1,,,wesel,SLO,251,14,1742
3744,SLO-W193-WLPR-DO,Perintah ke Lapangan Driving Common Wesel W193  tidak Aktif,Perintah Ke Lapangan Driving Common Wesel W193  Aktif,1,1,,,wesel,SLO,251,15,1743
3745,SLO-W213-L,Wesel W213 Tersekat,Wesel W213 tidak Tersekat,1,1,,,wesel,SLO,252,0,1744
3746,SLO-W213-SWRLS,,Proses Membuka Sekat Wesel W213  Sedang Berlangsung,1,1,,,wesel,SLO,252,1,1745
3747,SLO-W213-TPZ,Wesel W213  Terduduki tidak dapat berpindah Posisi,Wesel W213  Terduduki dapat berpindah Posisi,1,1,,,wesel,SLO,252,2,1746
3748,SLO-W213-NWP-DI,Deteksi Wesel W213 tidak pada Posisi Normal,Deteksi Wesel W213 pada Posisi Normal,1,1,,,wesel,SLO,252,3,1747
3749,SLO-W213-RWP-DI,Deteksi Wesel W213 tidak pada Posisi Reverse,Deteksi Wesel W213 pada Posisi Reverse,1,1,,,wesel,SLO,252,4,1748
3750,SLO-W213-NWR-DO,Perintah ke Lapangan Wesel W213 ke Arah Normal tidak Aktif,Perintah ke Lapangan Wesel W213 ke Arah Normal Aktif,1,1,,,wesel,SLO,252,5,1749
3751,SLO-W213-RWR-DO,Perintah ke Lapangan Wesel W213 ke Arah Reverse tidak Aktif,Perintah ke Lapangan Wesel W213 ke Arah Reverse Aktif,1,1,,,wesel,SLO,252,6,1750
3752,SLO-W213-WLPR-DO,Perintah ke Lapangan Driving Common Wesel W213  tidak Aktif,Perintah Ke Lapangan Driving Common Wesel W213  Aktif,1,1,,,wesel,SLO,252,7,1751
3753,SLO-W21D-L,Wesel W21D Tersekat,Wesel W21D tidak Tersekat,1,1,,,wesel,SLO,252,8,1752
3754,SLO-W21D-SWRLS,,Proses Membuka Sekat Wesel W21D  Sedang Berlangsung,1,1,,,wesel,SLO,252,9,1753
3755,SLO-W21D-TPZ,Wesel W21D  Terduduki tidak dapat berpindah Posisi,Wesel W21D  Terduduki dapat berpindah Posisi,1,1,,,wesel,SLO,252,10,1754
3756,SLO-W21D-NWP-DI,Deteksi Wesel W21D tidak pada Posisi Normal,Deteksi Wesel W21D pada Posisi Normal,1,1,,,wesel,SLO,252,11,1755
3757,SLO-W21D-RWP-DI,Deteksi Wesel W21D tidak pada Posisi Reverse,Deteksi Wesel W21D pada Posisi Reverse,1,1,,,wesel,SLO,252,12,1756
3758,SLO-W21D-NWR-DO,Perintah ke Lapangan Wesel W21D ke Arah Normal tidak Aktif,Perintah ke Lapangan Wesel W21D ke Arah Normal Aktif,1,1,,,wesel,SLO,252,13,1757
3759,SLO-W21D-RWR-DO,Perintah ke Lapangan Wesel W21D ke Arah Reverse tidak Aktif,Perintah ke Lapangan Wesel W21D ke Arah Reverse Aktif,1,1,,,wesel,SLO,252,14,1758
3760,SLO-W21D-WLPR-DO,Perintah ke Lapangan Driving Common Wesel W21D  tidak Aktif,Perintah Ke Lapangan Driving Common Wesel W21D  Aktif,1,1,,,wesel,SLO,252,15,1759
3761,SLO-W23B/43B-L,Wesel W23B/43B Tersekat,Wesel W23B/43B tidak Tersekat,1,1,,,wesel,SLO,253,0,1760
3762,SLO-W23B/43B-SWRLS,,Proses Membuka Sekat Wesel W23B/43B  Sedang Berlangsung,1,1,,,wesel,SLO,253,1,1761
3763,SLO-W23B/43B-TPZ,Wesel W23B/43B  Terduduki tidak dapat berpindah Posisi,Wesel W23B/43B  Terduduki dapat berpindah Posisi,1,1,,,wesel,SLO,253,2,1762
3764,SLO-W23B/43B-NWP-DI,Deteksi Wesel W23B/43B tidak pada Posisi Normal,Deteksi Wesel W23B/43B pada Posisi Normal,1,1,,,wesel,SLO,253,3,1763
3765,SLO-W23B/43B-RWP-DI,Deteksi Wesel W23B/43B tidak pada Posisi Reverse,Deteksi Wesel W23B/43B pada Posisi Reverse,1,1,,,wesel,SLO,253,4,1764
3766,SLO-W23B/43B-NWR-DO,Perintah ke Lapangan Wesel W23B/43B ke Arah Normal tidak Aktif,Perintah ke Lapangan Wesel W23B/43B ke Arah Normal Aktif,1,1,,,wesel,SLO,253,5,1765
3767,SLO-W23B/43B-RWR-DO,Perintah ke Lapangan Wesel W23B/43B ke Arah Reverse tidak Aktif,Perintah ke Lapangan Wesel W23B/43B ke Arah Reverse Aktif,1,1,,,wesel,SLO,253,6,1766
3768,SLO-W23B/43B-WLPR-DO,Perintah ke Lapangan Driving Common Wesel W23B/43B  tidak Aktif,Perintah Ke Lapangan Driving Common Wesel W23B/43B  Aktif,1,1,,,wesel,SLO,253,7,1767
3769,SLO-W33A-L,Wesel W33A Tersekat,Wesel W33A tidak Tersekat,1,1,,,wesel,SLO,253,8,1768
3770,SLO-W33A-SWRLS,,Proses Membuka Sekat Wesel W33A  Sedang Berlangsung,1,1,,,wesel,SLO,253,9,1769
3771,SLO-W33A-TPZ,Wesel W33A  Terduduki tidak dapat berpindah Posisi,Wesel W33A  Terduduki dapat berpindah Posisi,1,1,,,wesel,SLO,253,10,1770
3772,SLO-W33A-NWP-DI,Deteksi Wesel W33A tidak pada Posisi Normal,Deteksi Wesel W33A pada Posisi Normal,1,1,,,wesel,SLO,253,11,1771
3773,SLO-W33A-RWP-DI,Deteksi Wesel W33A tidak pada Posisi Reverse,Deteksi Wesel W33A pada Posisi Reverse,1,1,,,wesel,SLO,253,12,1772
3774,SLO-W33A-NWR-DO,Perintah ke Lapangan Wesel W33A ke Arah Normal tidak Aktif,Perintah ke Lapangan Wesel W33A ke Arah Normal Aktif,1,1,,,wesel,SLO,253,13,1773
3775,SLO-W33A-RWR-DO,Perintah ke Lapangan Wesel W33A ke Arah Reverse tidak Aktif,Perintah ke Lapangan Wesel W33A ke Arah Reverse Aktif,1,1,,,wesel,SLO,253,14,1774
3776,SLO-W33A-WLPR-DO,Perintah ke Lapangan Driving Common Wesel W33A  tidak Aktif,Perintah Ke Lapangan Driving Common Wesel W33A  Aktif,1,1,,,wesel,SLO,253,15,1775
3777,SLO-W33B-L,Wesel W33B Tersekat,Wesel W33B tidak Tersekat,1,1,,,wesel,SLO,254,0,1776
3778,SLO-W33B-SWRLS,,Proses Membuka Sekat Wesel W33B  Sedang Berlangsung,1,1,,,wesel,SLO,254,1,1777
3779,SLO-W33B-TPZ,Wesel W33B  Terduduki tidak dapat berpindah Posisi,Wesel W33B  Terduduki dapat berpindah Posisi,1,1,,,wesel,SLO,254,2,1778
3780,SLO-W33B-NWP-DI,Deteksi Wesel W33B tidak pada Posisi Normal,Deteksi Wesel W33B pada Posisi Normal,1,1,,,wesel,SLO,254,3,1779
3781,SLO-W33B-RWP-DI,Deteksi Wesel W33B tidak pada Posisi Reverse,Deteksi Wesel W33B pada Posisi Reverse,1,1,,,wesel,SLO,254,4,1780
3782,SLO-W33B-NWR-DO,Perintah ke Lapangan Wesel W33B ke Arah Normal tidak Aktif,Perintah ke Lapangan Wesel W33B ke Arah Normal Aktif,1,1,,,wesel,SLO,254,5,1781
3783,SLO-W33B-RWR-DO,Perintah ke Lapangan Wesel W33B ke Arah Reverse tidak Aktif,Perintah ke Lapangan Wesel W33B ke Arah Reverse Aktif,1,1,,,wesel,SLO,254,6,1782
3784,SLO-W33B-WLPR-DO,Perintah ke Lapangan Driving Common Wesel W33B  tidak Aktif,Perintah Ke Lapangan Driving Common Wesel W33B  Aktif,1,1,,,wesel,SLO,254,7,1783
3785,SLO-W43A-L,Wesel W43A Tersekat,Wesel W43A tidak Tersekat,1,1,,,wesel,SLO,254,8,1784
3786,SLO-W43A-SWRLS,,Proses Membuka Sekat Wesel W43A  Sedang Berlangsung,1,1,,,wesel,SLO,254,9,1785
3787,SLO-W43A-TPZ,Wesel W43A  Terduduki tidak dapat berpindah Posisi,Wesel W43A  Terduduki dapat berpindah Posisi,1,1,,,wesel,SLO,254,10,1786
3788,SLO-W43A-NWP-DI,Deteksi Wesel W43A tidak pada Posisi Normal,Deteksi Wesel W43A pada Posisi Normal,1,1,,,wesel,SLO,254,11,1787
3789,SLO-W43A-RWP-DI,Deteksi Wesel W43A tidak pada Posisi Reverse,Deteksi Wesel W43A pada Posisi Reverse,1,1,,,wesel,SLO,254,12,1788
3790,SLO-W43A-NWR-DO,Perintah ke Lapangan Wesel W43A ke Arah Normal tidak Aktif,Perintah ke Lapangan Wesel W43A ke Arah Normal Aktif,1,1,,,wesel,SLO,254,13,1789
3791,SLO-W43A-RWR-DO,Perintah ke Lapangan Wesel W43A ke Arah Reverse tidak Aktif,Perintah ke Lapangan Wesel W43A ke Arah Reverse Aktif,1,1,,,wesel,SLO,254,14,1790
3792,SLO-W43A-WLPR-DO,Perintah ke Lapangan Driving Common Wesel W43A  tidak Aktif,Perintah Ke Lapangan Driving Common Wesel W43A  Aktif,1,1,,,wesel,SLO,254,15,1791
3793,SLO-W53-L,Wesel W53 Tersekat,Wesel W53 tidak Tersekat,1,1,,,wesel,SLO,255,0,1792
3794,SLO-W53-SWRLS,,Proses Membuka Sekat Wesel W53  Sedang Berlangsung,1,1,,,wesel,SLO,255,1,1793
3795,SLO-W53-TPZ,Wesel W53  Terduduki tidak dapat berpindah Posisi,Wesel W53  Terduduki dapat berpindah Posisi,1,1,,,wesel,SLO,255,2,1794
3796,SLO-W53-NWP-DI,Deteksi Wesel W53 tidak pada Posisi Normal,Deteksi Wesel W53 pada Posisi Normal,1,1,,,wesel,SLO,255,3,1795
3797,SLO-W53-RWP-DI,Deteksi Wesel W53 tidak pada Posisi Reverse,Deteksi Wesel W53 pada Posisi Reverse,1,1,,,wesel,SLO,255,4,1796
3798,SLO-W53-NWR-DO,Perintah ke Lapangan Wesel W53 ke Arah Normal tidak Aktif,Perintah ke Lapangan Wesel W53 ke Arah Normal Aktif,1,1,,,wesel,SLO,255,5,1797
3799,SLO-W53-RWR-DO,Perintah ke Lapangan Wesel W53 ke Arah Reverse tidak Aktif,Perintah ke Lapangan Wesel W53 ke Arah Reverse Aktif,1,1,,,wesel,SLO,255,6,1798
3800,SLO-W53-WLPR-DO,Perintah ke Lapangan Driving Common Wesel W53  tidak Aktif,Perintah Ke Lapangan Driving Common Wesel W53  Aktif,1,1,,,wesel,SLO,255,7,1799
3801,SLO-W41-L,Wesel W41 Tersekat,Wesel W41 tidak Tersekat,1,1,,,wesel,SLO,255,8,1800
3802,SLO-W41-SWRLS,,Proses Membuka Sekat Wesel W41  Sedang Berlangsung,1,1,,,wesel,SLO,255,9,1801
3803,SLO-W41-TPZ,Wesel W41  Terduduki tidak dapat berpindah Posisi,Wesel W41  Terduduki dapat berpindah Posisi,1,1,,,wesel,SLO,255,10,1802
3804,SLO-W41-NWP-DI,Deteksi Wesel W41 tidak pada Posisi Normal,Deteksi Wesel W41 pada Posisi Normal,1,1,,,wesel,SLO,255,11,1803
3805,SLO-W41-RWP-DI,Deteksi Wesel W41 tidak pada Posisi Reverse,Deteksi Wesel W41 pada Posisi Reverse,1,1,,,wesel,SLO,255,12,1804
3806,SLO-W41-NWR-DO,Perintah ke Lapangan Wesel W41 ke Arah Normal tidak Aktif,Perintah ke Lapangan Wesel W41 ke Arah Normal Aktif,1,1,,,wesel,SLO,255,13,1805
3807,SLO-W41-RWR-DO,Perintah ke Lapangan Wesel W41 ke Arah Reverse tidak Aktif,Perintah ke Lapangan Wesel W41 ke Arah Reverse Aktif,1,1,,,wesel,SLO,255,14,1806
3808,SLO-W41-WLPR-DO,Perintah ke Lapangan Driving Common Wesel W41  tidak Aktif,Perintah Ke Lapangan Driving Common Wesel W41  Aktif,1,1,,,wesel,SLO,255,15,1807
3809,SLO-W73-L,Wesel W73 Tersekat,Wesel W73 tidak Tersekat,1,1,,,wesel,SLO,256,0,1808
3810,SLO-W73-SWRLS,,Proses Membuka Sekat Wesel W73  Sedang Berlangsung,1,1,,,wesel,SLO,256,1,1809
3811,SLO-W73-TPZ,Wesel W73  Terduduki tidak dapat berpindah Posisi,Wesel W73  Terduduki dapat berpindah Posisi,1,1,,,wesel,SLO,256,2,1810
3812,SLO-W73-NWP-DI,Deteksi Wesel W73 tidak pada Posisi Normal,Deteksi Wesel W73 pada Posisi Normal,1,1,,,wesel,SLO,256,3,1811
3813,SLO-W73-RWP-DI,Deteksi Wesel W73 tidak pada Posisi Reverse,Deteksi Wesel W73 pada Posisi Reverse,1,1,,,wesel,SLO,256,4,1812
3814,SLO-W73-NWR-DO,Perintah ke Lapangan Wesel W73 ke Arah Normal tidak Aktif,Perintah ke Lapangan Wesel W73 ke Arah Normal Aktif,1,1,,,wesel,SLO,256,5,1813
3815,SLO-W73-RWR-DO,Perintah ke Lapangan Wesel W73 ke Arah Reverse tidak Aktif,Perintah ke Lapangan Wesel W73 ke Arah Reverse Aktif,1,1,,,wesel,SLO,256,6,1814
3816,SLO-W73-WLPR-DO,Perintah ke Lapangan Driving Common Wesel W73  tidak Aktif,Perintah Ke Lapangan Driving Common Wesel W73  Aktif,1,1,,,wesel,SLO,256,7,1815
3817,SLO-12-TPR-DI,Track 12T Terduduki,Track 12T Kosong,1,1,,,track,SLO,256,8,1816
3818,SLO-12-T-WLAS,Luncuran Emplasement 12T  Arah Barat Terbentuk,Luncuran Emplasement 12T  Arah Barat Release,1,1,,,track,SLO,256,9,1817
3819,SLO-12-T-ELAS,Luncuran Emplasement 12T  Arah Timur Terbentuk,Luncuran Emplasement 12T  Arah Timur Release,1,1,,,track,SLO,256,10,1818
3820,SLO-22-TPR-DI,Track 22T Terduduki,Track 22T Kosong,1,1,,,track,SLO,256,11,1819
3821,SLO-22-T-WLAS,Luncuran Emplasement 22T  Arah Barat Terbentuk,Luncuran Emplasement 22T  Arah Barat Release,1,1,,,track,SLO,256,12,1820
3822,SLO-22-T-ELAS,Luncuran Emplasement 22T  Arah Timur Terbentuk,Luncuran Emplasement 22T  Arah Timur Release,1,1,,,track,SLO,256,13,1821
3823,SLO-33-TPR-DI,Track 33T Terduduki,Track 33T Kosong,1,1,,,track,SLO,256,14,1822
3824,SLO-33-S-WS,Sub-Route Track 33T  Arah Barat Terbentuk,Sub-Route Track 33T  Arah Barat Release,1,1,,,track,SLO,256,15,1823
3825,SLO-33-S-ES,Sub-Route Track 33T  Arah Timur Terbentuk,Sub-Route Track 33T  Arah Timur Release,1,1,,,track,SLO,257,0,1824
3826,SLO-34-TPR-DI,Track 34T Terduduki,Track 34T Kosong,1,1,,,track,SLO,257,1,1825
3827,SLO-43-TPR-DI,Track 43T Terduduki,Track 43T Kosong,1,1,,,track,SLO,257,2,1826
3828,SLO-43-E-WS,Sub-Route Track 43T  Arah Barat Terbentuk,Sub-Route Track 43T  Arah Barat Release,1,1,,,track,SLO,257,3,1827
3829,SLO-43-S-WS,Sub-Route Track 43T  Arah Barat Terbentuk,Sub-Route Track 43T  Arah Barat Release,1,1,,,track,SLO,257,4,1828
3830,SLO-43-E-ES,Sub-Route Track 43T  Arah Timur Terbentuk,Sub-Route Track 43T  Arah Timur Release,1,1,,,track,SLO,257,5,1829
3831,SLO-43-S-ES,Sub-Route Track 43T  Arah Timur Terbentuk,Sub-Route Track 43T  Arah Timur Release,1,1,,,track,SLO,257,6,1830
3832,SLO-44-TPR-DI,Track 44T Terduduki,Track 44T Kosong,1,1,,,track,SLO,257,7,1831
3833,SLO-54-TPR-DI,Track 54T Terduduki,Track 54T Kosong,1,1,,,track,SLO,257,8,1832
3834,SLO-42-TPR-DI,Track 42T Terduduki,Track 42T Kosong,1,1,,,track,SLO,257,9,1833
3835,SLO-42-T-WLAS,Luncuran Emplasement 42T  Arah Barat Terbentuk,Luncuran Emplasement 42T  Arah Barat Release,1,1,,,track,SLO,257,10,1834
3836,SLO-42-T-ELAS,Luncuran Emplasement 42T  Arah Timur Terbentuk,Luncuran Emplasement 42T  Arah Timur Release,1,1,,,track,SLO,257,11,1835
3837,SLO-74-TPR-DI,Track 74T Terduduki,Track 74T Kosong,1,1,,,track,SLO,257,12,1836
3838,SLO-62-TPR-DI,Track 62T Terduduki,Track 62T Kosong,1,1,,,track,SLO,257,13,1837
3839,SLO-62-T-WLAS,Luncuran Emplasement 62T  Arah Barat Terbentuk,Luncuran Emplasement 62T  Arah Barat Release,1,1,,,track,SLO,257,14,1838
3840,SLO-62-T-ELAS,Luncuran Emplasement 62T  Arah Timur Terbentuk,Luncuran Emplasement 62T  Arah Timur Release,1,1,,,track,SLO,257,15,1839
3841,SLO-92-TPR-DI,Track 92T Terduduki,Track 92T Kosong,1,1,,,track,SLO,258,0,1840
3842,SLO-92-T-WLAS,Luncuran Emplasement 92T  Arah Barat Terbentuk,Luncuran Emplasement 92T  Arah Barat Release,1,1,,,track,SLO,258,1,1841
3843,SLO-92-T-ELAS,Luncuran Emplasement 92T  Arah Timur Terbentuk,Luncuran Emplasement 92T  Arah Timur Release,1,1,,,track,SLO,258,2,1842
3844,SLO-94-TPR-DI,Track 94T Terduduki,Track 94T Kosong,1,1,,,track,SLO,258,3,1843
3845,SLO-111-TPR-DI,Track 111T Terduduki,Track 111T Kosong,1,1,,,track,SLO,258,4,1844
3846,SLO-111-E-WS,Sub-Route Track 111T  Arah Barat Terbentuk,Sub-Route Track 111T  Arah Barat Release,1,1,,,track,SLO,258,5,1845
3847,SLO-111-S-WS,Sub-Route Track 111T  Arah Barat Terbentuk,Sub-Route Track 111T  Arah Barat Release,1,1,,,track,SLO,258,6,1846
3848,SLO-111-E-ES,Sub-Route Track 111T  Arah Timur Terbentuk,Sub-Route Track 111T  Arah Timur Release,1,1,,,track,SLO,258,7,1847
3849,SLO-111-S-ES,Sub-Route Track 111T  Arah Timur Terbentuk,Sub-Route Track 111T  Arah Timur Release,1,1,,,track,SLO,258,8,1848
3850,SLO-112-TPR-DI,Track 112T Terduduki,Track 112T Kosong,1,1,,,track,SLO,258,9,1849
3851,SLO-112-T-WLAS,Luncuran Emplasement 112T  Arah Barat Terbentuk,Luncuran Emplasement 112T  Arah Barat Release,1,1,,,track,SLO,258,10,1850
3852,SLO-112-T-ELAS,Luncuran Emplasement 112T  Arah Timur Terbentuk,Luncuran Emplasement 112T  Arah Timur Release,1,1,,,track,SLO,258,11,1851
3853,SLO-130-TPR-DI,Track 130T Terduduki,Track 130T Kosong,1,1,,,track,SLO,258,12,1852
3854,SLO-132-TPR-DI,Track 132T Terduduki,Track 132T Kosong,1,1,,,track,SLO,258,13,1853
3855,SLO-132-T-WLAS,Luncuran Emplasement 132T  Arah Barat Terbentuk,Luncuran Emplasement 132T  Arah Barat Release,1,1,,,track,SLO,258,14,1854
3856,SLO-132-T-ELAS,Luncuran Emplasement 132T  Arah Timur Terbentuk,Luncuran Emplasement 132T  Arah Timur Release,1,1,,,track,SLO,258,15,1855
3857,SLO-152-TPR-DI,Track 152T Terduduki,Track 152T Kosong,1,1,,,track,SLO,259,0,1856
3858,SLO-152-T-WLAS,Luncuran Emplasement 152T  Arah Barat Terbentuk,Luncuran Emplasement 152T  Arah Barat Release,1,1,,,track,SLO,259,1,1857
3859,SLO-152-T-ELAS,Luncuran Emplasement 152T  Arah Timur Terbentuk,Luncuran Emplasement 152T  Arah Timur Release,1,1,,,track,SLO,259,2,1858
3860,SLO-154-TPR-DI,Track 154T Terduduki,Track 154T Kosong,1,1,,,track,SLO,259,3,1859
3861,SLO-172-TPR-DI,Track 172T Terduduki,Track 172T Kosong,1,1,,,track,SLO,259,4,1860
3862,SLO-172-T-WLAS,Luncuran Emplasement 172T  Arah Barat Terbentuk,Luncuran Emplasement 172T  Arah Barat Release,1,1,,,track,SLO,259,5,1861
3863,SLO-172-T-ELAS,Luncuran Emplasement 172T  Arah Timur Terbentuk,Luncuran Emplasement 172T  Arah Timur Release,1,1,,,track,SLO,259,6,1862
3864,SLO-192-TPR-DI,Track 192T Terduduki,Track 192T Kosong,1,1,,,track,SLO,259,7,1863
3865,SLO-192-T-WLAS,Luncuran Emplasement 192T  Arah Barat Terbentuk,Luncuran Emplasement 192T  Arah Barat Release,1,1,,,track,SLO,259,8,1864
3866,SLO-192-T-ELAS,Luncuran Emplasement 192T  Arah Timur Terbentuk,Luncuran Emplasement 192T  Arah Timur Release,1,1,,,track,SLO,259,9,1865
3867,SLO-212-TPR-DI,Track 212T Terduduki,Track 212T Kosong,1,1,,,track,SLO,259,10,1866
3868,SLO-232-TPR-DI,Track 232T Terduduki,Track 232T Kosong,1,1,,,track,SLO,259,11,1867
3869,SLO-10A-TPR-DI,Track 10AT Terduduki,Track 10AT Kosong,1,1,,,track,SLO,259,12,1868
3870,SLO-10A-E-WS,Sub-Route Track 10AT  Arah Barat Terbentuk,Sub-Route Track 10AT  Arah Barat Release,1,1,,,track,SLO,259,13,1869
3871,SLO-10A-E-ES,Sub-Route Track 10AT  Arah Timur Terbentuk,Sub-Route Track 10AT  Arah Timur Release,1,1,,,track,SLO,259,14,1870
3872,SLO-113A-TPR-DI,Track 113AT Terduduki,Track 113AT Kosong,1,1,,,track,SLO,259,15,1871
3873,SLO-113A-E-WS,Sub-Route Track 113AT  Arah Barat Terbentuk,Sub-Route Track 113AT  Arah Barat Release,1,1,,,track,SLO,260,0,1872
3874,SLO-113A-S-WS,Sub-Route Track 113AT  Arah Barat Terbentuk,Sub-Route Track 113AT  Arah Barat Release,1,1,,,track,SLO,260,1,1873
3875,SLO-113A-E-ES,Sub-Route Track 113AT  Arah Timur Terbentuk,Sub-Route Track 113AT  Arah Timur Release,1,1,,,track,SLO,260,2,1874
3876,SLO-113A-S-ES,Sub-Route Track 113AT  Arah Timur Terbentuk,Sub-Route Track 113AT  Arah Timur Release,1,1,,,track,SLO,260,3,1875
3877,SLO-113B-TPR-DI,Track 113BT Terduduki,Track 113BT Kosong,1,1,,,track,SLO,260,4,1876
3878,SLO-113B-E-WS,Sub-Route Track 113BT  Arah Barat Terbentuk,Sub-Route Track 113BT  Arah Barat Release,1,1,,,track,SLO,260,5,1877
3879,SLO-113B-S-WS,Sub-Route Track 113BT  Arah Barat Terbentuk,Sub-Route Track 113BT  Arah Barat Release,1,1,,,track,SLO,260,6,1878
3880,SLO-113B-E-ES,Sub-Route Track 113BT  Arah Timur Terbentuk,Sub-Route Track 113BT  Arah Timur Release,1,1,,,track,SLO,260,7,1879
3881,SLO-113B-S-ES,Sub-Route Track 113BT  Arah Timur Terbentuk,Sub-Route Track 113BT  Arah Timur Release,1,1,,,track,SLO,260,8,1880
3882,SLO-113C-TPR-DI,Track 113CT Terduduki,Track 113CT Kosong,1,1,,,track,SLO,260,9,1881
3883,SLO-113C-E-WS,Sub-Route Track 113CT  Arah Barat Terbentuk,Sub-Route Track 113CT  Arah Barat Release,1,1,,,track,SLO,260,10,1882
3884,SLO-113C-S-WS,Sub-Route Track 113CT  Arah Barat Terbentuk,Sub-Route Track 113CT  Arah Barat Release,1,1,,,track,SLO,260,11,1883
3885,SLO-113C-E-ES,Sub-Route Track 113CT  Arah Timur Terbentuk,Sub-Route Track 113CT  Arah Timur Release,1,1,,,track,SLO,260,12,1884
3886,SLO-113C-S-ES,Sub-Route Track 113CT  Arah Timur Terbentuk,Sub-Route Track 113CT  Arah Timur Release,1,1,,,track,SLO,260,13,1885
3887,SLO-113D-TPR-DI,Track 113DT Terduduki,Track 113DT Kosong,1,1,,,track,SLO,260,14,1886
3888,SLO-113D-E-WS,Sub-Route Track 113DT  Arah Barat Terbentuk,Sub-Route Track 113DT  Arah Barat Release,1,1,,,track,SLO,260,15,1887
3889,SLO-113D-S-WS,Sub-Route Track 113DT  Arah Barat Terbentuk,Sub-Route Track 113DT  Arah Barat Release,1,1,,,track,SLO,261,0,1888
3890,SLO-113D-E-ES,Sub-Route Track 113DT  Arah Timur Terbentuk,Sub-Route Track 113DT  Arah Timur Release,1,1,,,track,SLO,261,1,1889
3891,SLO-113D-S-ES,Sub-Route Track 113DT  Arah Timur Terbentuk,Sub-Route Track 113DT  Arah Timur Release,1,1,,,track,SLO,261,2,1890
3892,SLO-113E-TPR-DI,Track 113ET Terduduki,Track 113ET Kosong,1,1,,,track,SLO,261,3,1891
3893,SLO-113E-E-WS,Sub-Route Track 113ET  Arah Barat Terbentuk,Sub-Route Track 113ET  Arah Barat Release,1,1,,,track,SLO,261,4,1892
3894,SLO-113E-E-ES,Sub-Route Track 113ET  Arah Timur Terbentuk,Sub-Route Track 113ET  Arah Timur Release,1,1,,,track,SLO,261,5,1893
3895,SLO-114A-TPR-DI,Track 114AT Terduduki,Track 114AT Kosong,1,1,,,track,SLO,261,6,1894
3896,SLO-114A-E-WS,Sub-Route Track 114AT  Arah Barat Terbentuk,Sub-Route Track 114AT  Arah Barat Release,1,1,,,track,SLO,261,7,1895
3897,SLO-114A-E-ES,Sub-Route Track 114AT  Arah Timur Terbentuk,Sub-Route Track 114AT  Arah Timur Release,1,1,,,track,SLO,261,8,1896
3898,SLO-114B-TPR-DI,Track 114BT Terduduki,Track 114BT Kosong,1,1,,,track,SLO,261,9,1897
3899,SLO-114B-E-ES,Sub-Route Track 114BT  Arah Timur Terbentuk,Sub-Route Track 114BT  Arah Timur Release,1,1,,,track,SLO,261,10,1898
3900,SLO-11A-TPR-DI,Track 11AT Terduduki,Track 11AT Kosong,1,1,,,track,SLO,261,11,1899
3901,SLO-11A-E-WS,Sub-Route Track 11AT  Arah Barat Terbentuk,Sub-Route Track 11AT  Arah Barat Release,1,1,,,track,SLO,261,12,1900
3902,SLO-11A-E-ES,Sub-Route Track 11AT  Arah Timur Terbentuk,Sub-Route Track 11AT  Arah Timur Release,1,1,,,track,SLO,261,13,1901
3903,SLO-11B-TPR-DI,Track 11BT Terduduki,Track 11BT Kosong,1,1,,,track,SLO,261,14,1902
3904,SLO-11B-E-WS,Sub-Route Track 11BT  Arah Barat Terbentuk,Sub-Route Track 11BT  Arah Barat Release,1,1,,,track,SLO,261,15,1903
3905,SLO-11B-S-WS,Sub-Route Track 11BT  Arah Barat Terbentuk,Sub-Route Track 11BT  Arah Barat Release,1,1,,,track,SLO,262,0,1904
3906,SLO-11B-E-ES,Sub-Route Track 11BT  Arah Timur Terbentuk,Sub-Route Track 11BT  Arah Timur Release,1,1,,,track,SLO,262,1,1905
3907,SLO-11B-S-ES,Sub-Route Track 11BT  Arah Timur Terbentuk,Sub-Route Track 11BT  Arah Timur Release,1,1,,,track,SLO,262,2,1906
3908,SLO-11C-TPR-DI,Track 11CT Terduduki,Track 11CT Kosong,1,1,,,track,SLO,262,3,1907
3909,SLO-11C-E-WS,Sub-Route Track 11CT  Arah Barat Terbentuk,Sub-Route Track 11CT  Arah Barat Release,1,1,,,track,SLO,262,4,1908
3910,SLO-11C-E-ES,Sub-Route Track 11CT  Arah Timur Terbentuk,Sub-Route Track 11CT  Arah Timur Release,1,1,,,track,SLO,262,5,1909
3911,SLO-11C-S-ES,Sub-Route Track 11CT  Arah Timur Terbentuk,Sub-Route Track 11CT  Arah Timur Release,1,1,,,track,SLO,262,6,1910
3912,SLO-11D-TPR-DI,Track 11DT Terduduki,Track 11DT Kosong,1,1,,,track,SLO,262,7,1911
3913,SLO-11D-E-WS,Sub-Route Track 11DT  Arah Barat Terbentuk,Sub-Route Track 11DT  Arah Barat Release,1,1,,,track,SLO,262,8,1912
3914,SLO-11D-S-WS,Sub-Route Track 11DT  Arah Barat Terbentuk,Sub-Route Track 11DT  Arah Barat Release,1,1,,,track,SLO,262,9,1913
3915,SLO-11D-E-ES,Sub-Route Track 11DT  Arah Timur Terbentuk,Sub-Route Track 11DT  Arah Timur Release,1,1,,,track,SLO,262,10,1914
3916,SLO-11D-S-ES,Sub-Route Track 11DT  Arah Timur Terbentuk,Sub-Route Track 11DT  Arah Timur Release,1,1,,,track,SLO,262,11,1915
3917,SLO-130A-TPR-DI,Track 130AT Terduduki,Track 130AT Kosong,1,1,,,track,SLO,262,12,1916
3918,SLO-130A-E-WS,Sub-Route Track 130AT  Arah Barat Terbentuk,Sub-Route Track 130AT  Arah Barat Release,1,1,,,track,SLO,262,13,1917
3919,SLO-130B-TPR-DI,Track 130BT Terduduki,Track 130BT Kosong,1,1,,,track,SLO,262,14,1918
3920,SLO-130B-E-WS,Sub-Route Track 130BT  Arah Barat Terbentuk,Sub-Route Track 130BT  Arah Barat Release,1,1,,,track,SLO,262,15,1919
3921,SLO-130B-E-ES,Sub-Route Track 130BT  Arah Timur Terbentuk,Sub-Route Track 130BT  Arah Timur Release,1,1,,,track,SLO,263,0,1920
3922,SLO-130C-TPR-DI,Track 130CT Terduduki,Track 130CT Kosong,1,1,,,track,SLO,263,1,1921
3923,SLO-130C-E-WS,Sub-Route Track 130CT  Arah Barat Terbentuk,Sub-Route Track 130CT  Arah Barat Release,1,1,,,track,SLO,263,2,1922
3924,SLO-130C-E-ES,Sub-Route Track 130CT  Arah Timur Terbentuk,Sub-Route Track 130CT  Arah Timur Release,1,1,,,track,SLO,263,3,1923
3925,SLO-131A-TPR-DI,Track 131AT Terduduki,Track 131AT Kosong,1,1,,,track,SLO,263,4,1924
3926,SLO-131A-E-WS,Sub-Route Track 131AT  Arah Barat Terbentuk,Sub-Route Track 131AT  Arah Barat Release,1,1,,,track,SLO,263,5,1925
3927,SLO-131A-S-WS,Sub-Route Track 131AT  Arah Barat Terbentuk,Sub-Route Track 131AT  Arah Barat Release,1,1,,,track,SLO,263,6,1926
3928,SLO-131A-E-ES,Sub-Route Track 131AT  Arah Timur Terbentuk,Sub-Route Track 131AT  Arah Timur Release,1,1,,,track,SLO,263,7,1927
3929,SLO-131A-S-ES,Sub-Route Track 131AT  Arah Timur Terbentuk,Sub-Route Track 131AT  Arah Timur Release,1,1,,,track,SLO,263,8,1928
3930,SLO-131B-TPR-DI,Track 131BT Terduduki,Track 131BT Kosong,1,1,,,track,SLO,263,9,1929
3931,SLO-131B-E-WS,Sub-Route Track 131BT  Arah Barat Terbentuk,Sub-Route Track 131BT  Arah Barat Release,1,1,,,track,SLO,263,10,1930
3932,SLO-131B-S-WS,Sub-Route Track 131BT  Arah Barat Terbentuk,Sub-Route Track 131BT  Arah Barat Release,1,1,,,track,SLO,263,11,1931
3933,SLO-131B-E-ES,Sub-Route Track 131BT  Arah Timur Terbentuk,Sub-Route Track 131BT  Arah Timur Release,1,1,,,track,SLO,263,12,1932
3934,SLO-131B-S-ES,Sub-Route Track 131BT  Arah Timur Terbentuk,Sub-Route Track 131BT  Arah Timur Release,1,1,,,track,SLO,263,13,1933
3935,SLO-131C-TPR-DI,Track 131CT Terduduki,Track 131CT Kosong,1,1,,,track,SLO,263,14,1934
3936,SLO-131C-E-WS,Sub-Route Track 131CT  Arah Barat Terbentuk,Sub-Route Track 131CT  Arah Barat Release,1,1,,,track,SLO,263,15,1935
3937,SLO-131C-S-WS,Sub-Route Track 131CT  Arah Barat Terbentuk,Sub-Route Track 131CT  Arah Barat Release,1,1,,,track,SLO,264,0,1936
3938,SLO-131C-E-ES,Sub-Route Track 131CT  Arah Timur Terbentuk,Sub-Route Track 131CT  Arah Timur Release,1,1,,,track,SLO,264,1,1937
3939,SLO-131C-S-ES,Sub-Route Track 131CT  Arah Timur Terbentuk,Sub-Route Track 131CT  Arah Timur Release,1,1,,,track,SLO,264,2,1938
3940,SLO-131D-TPR-DI,Track 131DT Terduduki,Track 131DT Kosong,1,1,,,track,SLO,264,3,1939
3941,SLO-131D-E-WS,Sub-Route Track 131DT  Arah Barat Terbentuk,Sub-Route Track 131DT  Arah Barat Release,1,1,,,track,SLO,264,4,1940
3942,SLO-131D-S-WS,Sub-Route Track 131DT  Arah Barat Terbentuk,Sub-Route Track 131DT  Arah Barat Release,1,1,,,track,SLO,264,5,1941
3943,SLO-131D-E-ES,Sub-Route Track 131DT  Arah Timur Terbentuk,Sub-Route Track 131DT  Arah Timur Release,1,1,,,track,SLO,264,6,1942
3944,SLO-131D-S-ES,Sub-Route Track 131DT  Arah Timur Terbentuk,Sub-Route Track 131DT  Arah Timur Release,1,1,,,track,SLO,264,7,1943
3945,SLO-133A-TPR-DI,Track 133AT Terduduki,Track 133AT Kosong,1,1,,,track,SLO,264,8,1944
3946,SLO-133A-E-WS,Sub-Route Track 133AT  Arah Barat Terbentuk,Sub-Route Track 133AT  Arah Barat Release,1,1,,,track,SLO,264,9,1945
3947,SLO-133A-S-WS,Sub-Route Track 133AT  Arah Barat Terbentuk,Sub-Route Track 133AT  Arah Barat Release,1,1,,,track,SLO,264,10,1946
3948,SLO-133A-E-ES,Sub-Route Track 133AT  Arah Timur Terbentuk,Sub-Route Track 133AT  Arah Timur Release,1,1,,,track,SLO,264,11,1947
3949,SLO-133A-S-ES,Sub-Route Track 133AT  Arah Timur Terbentuk,Sub-Route Track 133AT  Arah Timur Release,1,1,,,track,SLO,264,12,1948
3950,SLO-133B-TPR-DI,Track 133BT Terduduki,Track 133BT Kosong,1,1,,,track,SLO,264,13,1949
3951,SLO-133B-E-WS,Sub-Route Track 133BT  Arah Barat Terbentuk,Sub-Route Track 133BT  Arah Barat Release,1,1,,,track,SLO,264,14,1950
3952,SLO-133B-S-WS,Sub-Route Track 133BT  Arah Barat Terbentuk,Sub-Route Track 133BT  Arah Barat Release,1,1,,,track,SLO,264,15,1951
3953,SLO-133B-E-ES,Sub-Route Track 133BT  Arah Timur Terbentuk,Sub-Route Track 133BT  Arah Timur Release,1,1,,,track,SLO,265,0,1952
3954,SLO-133B-S-ES,Sub-Route Track 133BT  Arah Timur Terbentuk,Sub-Route Track 133BT  Arah Timur Release,1,1,,,track,SLO,265,1,1953
3955,SLO-133C-TPR-DI,Track 133CT Terduduki,Track 133CT Kosong,1,1,,,track,SLO,265,2,1954
3956,SLO-133C-E-WS,Sub-Route Track 133CT  Arah Barat Terbentuk,Sub-Route Track 133CT  Arah Barat Release,1,1,,,track,SLO,265,3,1955
3957,SLO-133C-E-ES,Sub-Route Track 133CT  Arah Timur Terbentuk,Sub-Route Track 133CT  Arah Timur Release,1,1,,,track,SLO,265,4,1956
3958,SLO-133D-TPR-DI,Track 133DT Terduduki,Track 133DT Kosong,1,1,,,track,SLO,265,5,1957
3959,SLO-133D-E-WS,Sub-Route Track 133DT  Arah Barat Terbentuk,Sub-Route Track 133DT  Arah Barat Release,1,1,,,track,SLO,265,6,1958
3960,SLO-133D-S-WS,Sub-Route Track 133DT  Arah Barat Terbentuk,Sub-Route Track 133DT  Arah Barat Release,1,1,,,track,SLO,265,7,1959
3961,SLO-133D-E-ES,Sub-Route Track 133DT  Arah Timur Terbentuk,Sub-Route Track 133DT  Arah Timur Release,1,1,,,track,SLO,265,8,1960
3962,SLO-133D-S-ES,Sub-Route Track 133DT  Arah Timur Terbentuk,Sub-Route Track 133DT  Arah Timur Release,1,1,,,track,SLO,265,9,1961
3963,SLO-134A-TPR-DI,Track 134AT Terduduki,Track 134AT Kosong,1,1,,,track,SLO,265,10,1962
3964,SLO-134A-E-WS,Sub-Route Track 134AT  Arah Barat Terbentuk,Sub-Route Track 134AT  Arah Barat Release,1,1,,,track,SLO,265,11,1963
3965,SLO-134A-E-ES,Sub-Route Track 134AT  Arah Timur Terbentuk,Sub-Route Track 134AT  Arah Timur Release,1,1,,,track,SLO,265,12,1964
3966,SLO-134B-TPR-DI,Track 134BT Terduduki,Track 134BT Kosong,1,1,,,track,SLO,265,13,1965
3967,SLO-134B-E-WS,Sub-Route Track 134BT  Arah Barat Terbentuk,Sub-Route Track 134BT  Arah Barat Release,1,1,,,track,SLO,265,14,1966
3968,SLO-134B-E-ES,Sub-Route Track 134BT  Arah Timur Terbentuk,Sub-Route Track 134BT  Arah Timur Release,1,1,,,track,SLO,265,15,1967
3969,SLO-134C-TPR-DI,Track 134CT Terduduki,Track 134CT Kosong,1,1,,,track,SLO,266,0,1968
3970,SLO-134C-E-ES,Sub-Route Track 134CT  Arah Timur Terbentuk,Sub-Route Track 134CT  Arah Timur Release,1,1,,,track,SLO,266,1,1969
3971,SLO-13A-TPR-DI,Track 13AT Terduduki,Track 13AT Kosong,1,1,,,track,SLO,266,2,1970
3972,SLO-13A-E-WS,Sub-Route Track 13AT  Arah Barat Terbentuk,Sub-Route Track 13AT  Arah Barat Release,1,1,,,track,SLO,266,3,1971
3973,SLO-13A-S-WS,Sub-Route Track 13AT  Arah Barat Terbentuk,Sub-Route Track 13AT  Arah Barat Release,1,1,,,track,SLO,266,4,1972
3974,SLO-13A-E-ES,Sub-Route Track 13AT  Arah Timur Terbentuk,Sub-Route Track 13AT  Arah Timur Release,1,1,,,track,SLO,266,5,1973
3975,SLO-13A-S-ES,Sub-Route Track 13AT  Arah Timur Terbentuk,Sub-Route Track 13AT  Arah Timur Release,1,1,,,track,SLO,266,6,1974
3976,SLO-13B-TPR-DI,Track 13BT Terduduki,Track 13BT Kosong,1,1,,,track,SLO,266,7,1975
3977,SLO-13B-E-WS,Sub-Route Track 13BT  Arah Barat Terbentuk,Sub-Route Track 13BT  Arah Barat Release,1,1,,,track,SLO,266,8,1976
3978,SLO-13B-S-WS,Sub-Route Track 13BT  Arah Barat Terbentuk,Sub-Route Track 13BT  Arah Barat Release,1,1,,,track,SLO,266,9,1977
3979,SLO-13B-E-ES,Sub-Route Track 13BT  Arah Timur Terbentuk,Sub-Route Track 13BT  Arah Timur Release,1,1,,,track,SLO,266,10,1978
3980,SLO-13B-S-ES,Sub-Route Track 13BT  Arah Timur Terbentuk,Sub-Route Track 13BT  Arah Timur Release,1,1,,,track,SLO,266,11,1979
3981,SLO-13C-TPR-DI,Track 13CT Terduduki,Track 13CT Kosong,1,1,,,track,SLO,266,12,1980
3982,SLO-13C-E-WS,Sub-Route Track 13CT  Arah Barat Terbentuk,Sub-Route Track 13CT  Arah Barat Release,1,1,,,track,SLO,266,13,1981
3983,SLO-13C-S-WS,Sub-Route Track 13CT  Arah Barat Terbentuk,Sub-Route Track 13CT  Arah Barat Release,1,1,,,track,SLO,266,14,1982
3984,SLO-13C-E-ES,Sub-Route Track 13CT  Arah Timur Terbentuk,Sub-Route Track 13CT  Arah Timur Release,1,1,,,track,SLO,266,15,1983
3985,SLO-13C-S-ES,Sub-Route Track 13CT  Arah Timur Terbentuk,Sub-Route Track 13CT  Arah Timur Release,1,1,,,track,SLO,267,0,1984
3986,SLO-13D-TPR-DI,Track 13DT Terduduki,Track 13DT Kosong,1,1,,,track,SLO,267,1,1985
3987,SLO-13D-E-WS,Sub-Route Track 13DT  Arah Barat Terbentuk,Sub-Route Track 13DT  Arah Barat Release,1,1,,,track,SLO,267,2,1986
3988,SLO-13D-S-WS,Sub-Route Track 13DT  Arah Barat Terbentuk,Sub-Route Track 13DT  Arah Barat Release,1,1,,,track,SLO,267,3,1987
3989,SLO-13D-E-ES,Sub-Route Track 13DT  Arah Timur Terbentuk,Sub-Route Track 13DT  Arah Timur Release,1,1,,,track,SLO,267,4,1988
3990,SLO-13D-S-ES,Sub-Route Track 13DT  Arah Timur Terbentuk,Sub-Route Track 13DT  Arah Timur Release,1,1,,,track,SLO,267,5,1989
3991,SLO-153A-TPR-DI,Track 153AT Terduduki,Track 153AT Kosong,1,1,,,track,SLO,267,6,1990
3992,SLO-153A-E-WS,Sub-Route Track 153AT  Arah Barat Terbentuk,Sub-Route Track 153AT  Arah Barat Release,1,1,,,track,SLO,267,7,1991
3993,SLO-153A-S-WS,Sub-Route Track 153AT  Arah Barat Terbentuk,Sub-Route Track 153AT  Arah Barat Release,1,1,,,track,SLO,267,8,1992
3994,SLO-153A-E-ES,Sub-Route Track 153AT  Arah Timur Terbentuk,Sub-Route Track 153AT  Arah Timur Release,1,1,,,track,SLO,267,9,1993
3995,SLO-153A-S-ES,Sub-Route Track 153AT  Arah Timur Terbentuk,Sub-Route Track 153AT  Arah Timur Release,1,1,,,track,SLO,267,10,1994
3996,SLO-153B-TPR-DI,Track 153BT Terduduki,Track 153BT Kosong,1,1,,,track,SLO,267,11,1995
3997,SLO-153B-E-WS,Sub-Route Track 153BT  Arah Barat Terbentuk,Sub-Route Track 153BT  Arah Barat Release,1,1,,,track,SLO,267,12,1996
3998,SLO-153B-S-WS,Sub-Route Track 153BT  Arah Barat Terbentuk,Sub-Route Track 153BT  Arah Barat Release,1,1,,,track,SLO,267,13,1997
3999,SLO-153B-E-ES,Sub-Route Track 153BT  Arah Timur Terbentuk,Sub-Route Track 153BT  Arah Timur Release,1,1,,,track,SLO,267,14,1998
4000,SLO-153B-S-ES,Sub-Route Track 153BT  Arah Timur Terbentuk,Sub-Route Track 153BT  Arah Timur Release,1,1,,,track,SLO,267,15,1999
4001,SLO-20A-TPR-DI,Track 20AT Terduduki,Track 20AT Kosong,1,1,,,track,SLO,268,0,0
4002,SLO-20A-E-WS,Sub-Route Track 20AT  Arah Barat Terbentuk,Sub-Route Track 20AT  Arah Barat Release,1,1,,,track,SLO,268,1,1
4003,SLO-20A-E-ES,Sub-Route Track 20AT  Arah Timur Terbentuk,Sub-Route Track 20AT  Arah Timur Release,1,1,,,track,SLO,268,2,2
4004,SLO-20B-TPR-DI,Track 20BT Terduduki,Track 20BT Kosong,1,1,,,track,SLO,268,3,3
4005,SLO-20B-E-WS,Sub-Route Track 20BT  Arah Barat Terbentuk,Sub-Route Track 20BT  Arah Barat Release,1,1,,,track,SLO,268,4,4
4006,SLO-20B-E-ES,Sub-Route Track 20BT  Arah Timur Terbentuk,Sub-Route Track 20BT  Arah Timur Release,1,1,,,track,SLO,268,5,5
4007,SLO-21A-TPR-DI,Track 21AT Terduduki,Track 21AT Kosong,1,1,,,track,SLO,268,6,6
4008,SLO-21A-E-WS,Sub-Route Track 21AT  Arah Barat Terbentuk,Sub-Route Track 21AT  Arah Barat Release,1,1,,,track,SLO,268,7,7
4009,SLO-21A-S-WS,Sub-Route Track 21AT  Arah Barat Terbentuk,Sub-Route Track 21AT  Arah Barat Release,1,1,,,track,SLO,268,8,8
4010,SLO-21A-E-ES,Sub-Route Track 21AT  Arah Timur Terbentuk,Sub-Route Track 21AT  Arah Timur Release,1,1,,,track,SLO,268,9,9
4011,SLO-21A-S-ES,Sub-Route Track 21AT  Arah Timur Terbentuk,Sub-Route Track 21AT  Arah Timur Release,1,1,,,track,SLO,268,10,10
4012,SLO-21B-TPR-DI,Track 21BT Terduduki,Track 21BT Kosong,1,1,,,track,SLO,268,11,11
4013,SLO-21B-E-WS,Sub-Route Track 21BT  Arah Barat Terbentuk,Sub-Route Track 21BT  Arah Barat Release,1,1,,,track,SLO,268,12,12
4014,SLO-21B-S-WS,Sub-Route Track 21BT  Arah Barat Terbentuk,Sub-Route Track 21BT  Arah Barat Release,1,1,,,track,SLO,268,13,13
4015,SLO-21B-E-ES,Sub-Route Track 21BT  Arah Timur Terbentuk,Sub-Route Track 21BT  Arah Timur Release,1,1,,,track,SLO,268,14,14
4016,SLO-21B-S-ES,Sub-Route Track 21BT  Arah Timur Terbentuk,Sub-Route Track 21BT  Arah Timur Release,1,1,,,track,SLO,268,15,15
4017,SLO-23A-TPR-DI,Track 23AT Terduduki,Track 23AT Kosong,1,1,,,track,SLO,269,0,16
4018,SLO-23A-E-WS,Sub-Route Track 23AT  Arah Barat Terbentuk,Sub-Route Track 23AT  Arah Barat Release,1,1,,,track,SLO,269,1,17
4019,SLO-23A-S-WS,Sub-Route Track 23AT  Arah Barat Terbentuk,Sub-Route Track 23AT  Arah Barat Release,1,1,,,track,SLO,269,2,18
4020,SLO-23A-E-ES,Sub-Route Track 23AT  Arah Timur Terbentuk,Sub-Route Track 23AT  Arah Timur Release,1,1,,,track,SLO,269,3,19
4021,SLO-23A-S-ES,Sub-Route Track 23AT  Arah Timur Terbentuk,Sub-Route Track 23AT  Arah Timur Release,1,1,,,track,SLO,269,4,20
4022,SLO-23B-TPR-DI,Track 23BT Terduduki,Track 23BT Kosong,1,1,,,track,SLO,269,5,21
4023,SLO-23B-E-WS,Sub-Route Track 23BT  Arah Barat Terbentuk,Sub-Route Track 23BT  Arah Barat Release,1,1,,,track,SLO,269,6,22
4024,SLO-23B-E-ES,Sub-Route Track 23BT  Arah Timur Terbentuk,Sub-Route Track 23BT  Arah Timur Release,1,1,,,track,SLO,269,7,23
4025,SLO-31A-TPR-DI,Track 31AT Terduduki,Track 31AT Kosong,1,1,,,track,SLO,269,8,24
4026,SLO-31A-E-WS,Sub-Route Track 31AT  Arah Barat Terbentuk,Sub-Route Track 31AT  Arah Barat Release,1,1,,,track,SLO,269,9,25
4027,SLO-31A-S-WS,Sub-Route Track 31AT  Arah Barat Terbentuk,Sub-Route Track 31AT  Arah Barat Release,1,1,,,track,SLO,269,10,26
4028,SLO-31A-E-ES,Sub-Route Track 31AT  Arah Timur Terbentuk,Sub-Route Track 31AT  Arah Timur Release,1,1,,,track,SLO,269,11,27
4029,SLO-31A-S-ES,Sub-Route Track 31AT  Arah Timur Terbentuk,Sub-Route Track 31AT  Arah Timur Release,1,1,,,track,SLO,269,12,28
4030,SLO-31B-TPR-DI,Track 31BT Terduduki,Track 31BT Kosong,1,1,,,track,SLO,269,13,29
4031,SLO-31B-E-WS,Sub-Route Track 31BT  Arah Barat Terbentuk,Sub-Route Track 31BT  Arah Barat Release,1,1,,,track,SLO,269,14,30
4032,SLO-31B-S-WS,Sub-Route Track 31BT  Arah Barat Terbentuk,Sub-Route Track 31BT  Arah Barat Release,1,1,,,track,SLO,269,15,31
4033,SLO-31B-E-ES,Sub-Route Track 31BT  Arah Timur Terbentuk,Sub-Route Track 31BT  Arah Timur Release,1,1,,,track,SLO,270,0,32
4034,SLO-31B-S-ES,Sub-Route Track 31BT  Arah Timur Terbentuk,Sub-Route Track 31BT  Arah Timur Release,1,1,,,track,SLO,270,1,33
4035,SLO-31B1-TPR-DI,Track 31B1T Terduduki,Track 31B1T Kosong,1,1,,,track,SLO,270,2,34
4036,SLO-31B1-E-WS,Sub-Route Track 31B1T  Arah Barat Terbentuk,Sub-Route Track 31B1T  Arah Barat Release,1,1,,,track,SLO,270,3,35
4037,SLO-31B1-S-WS,Sub-Route Track 31B1T  Arah Barat Terbentuk,Sub-Route Track 31B1T  Arah Barat Release,1,1,,,track,SLO,270,4,36
4038,SLO-31B1-E-ES,Sub-Route Track 31B1T  Arah Timur Terbentuk,Sub-Route Track 31B1T  Arah Timur Release,1,1,,,track,SLO,270,5,37
4039,SLO-31B1-S-ES,Sub-Route Track 31B1T  Arah Timur Terbentuk,Sub-Route Track 31B1T  Arah Timur Release,1,1,,,track,SLO,270,6,38
4040,SLO-31B2-TPR-DI,Track 31B2T Terduduki,Track 31B2T Kosong,1,1,,,track,SLO,270,7,39
4041,SLO-31B2-E-WS,Sub-Route Track 31B2T  Arah Barat Terbentuk,Sub-Route Track 31B2T  Arah Barat Release,1,1,,,track,SLO,270,8,40
4042,SLO-31B2-S-WS,Sub-Route Track 31B2T  Arah Barat Terbentuk,Sub-Route Track 31B2T  Arah Barat Release,1,1,,,track,SLO,270,9,41
4043,SLO-31B2-E-ES,Sub-Route Track 31B2T  Arah Timur Terbentuk,Sub-Route Track 31B2T  Arah Timur Release,1,1,,,track,SLO,270,10,42
4044,SLO-31B2-S-ES,Sub-Route Track 31B2T  Arah Timur Terbentuk,Sub-Route Track 31B2T  Arah Timur Release,1,1,,,track,SLO,270,11,43
4045,SLO-SK-14A-TPR-DI,Track SK-14AT Terduduki,Track SK-14AT Kosong,1,1,,,track,SLO,270,12,44
4046,SLO-SK-24A-TPR-DI,Track SK-24AT Terduduki,Track SK-24AT Kosong,1,1,,,track,SLO,270,13,45
4047,SLO-110-TPR-DI,Track 110T Terduduki,Track 110T Kosong,1,1,,,track,SLO,270,14,46
4048,SLO-A10-RRLS,,Proses TPR Tujuan A10 Sedang Berlangsung,1,1,,,sinyal,SLO,270,15,47
4049,SLO-A10-RRLS-TE,,Proses TPR Tujuan A10 telah Selesai,1,1,,,sinyal,SLO,271,0,48
4050,SLO-A10-BLOK-FAIL,Blok Arah A10 Normal,Gangguan Blok Arah A10,1,1,1,0>1,blok,SLO,271,1,49
4051,SLO-J10-RRLS,Proses TPR Tujuan Sinyal J10 Tidak Sedang Berlangsung,Proses TPR Tujuan Sinyal J10 Sedang Berlangsung,1,1,,,sinyal,SLO,271,2,50
4052,SLO-J10-RRLS-TE,,Proses TPR Tujuan Sinyal J10 telah Selesai,1,1,,,sinyal,SLO,271,3,51
4053,SLO-A10-APP-TPR-DI,Menerima Info Track Blok Terduduki dari Arah A10,Menerima Info Track Blok Kosong dari Arah A10,1,1,,,blok,SLO,271,4,52
4054,SLO-A10-APP-TPR-DO,Mengirim Info Ada Kereta di Petak Jalan Arah A10,Mengirim Info tidak Ada Kereta di Petak Jalan Arah A10,1,1,,,blok,SLO,271,5,53
4055,SLO-A10-WTP,Track Blok A10 Terduduki,Track Blok A10 Kosong,1,1,,,,SLO,271,6,54
4056,SLO-A10-EFLZR-DI,Menerima Info Ada Kereta Masuk dari Arah A10,Menerima Info tidak Ada Kereta Masuk dari Arah A10,1,1,,,blok,SLO,271,7,55
4057,SLO-A10-WFLR-DO,Mengirim Info Ada Kereta Berangkat ke Arah A10,Mengirim Info tidak Ada Kereta Berangkat ke Arah A10,1,1,,,blok,SLO,271,8,56
4058,SLO-A10-ECR-DO,Mengirim Info Gangguan Lampu (ECR) Sinyal Masuk ke Arah A10,Mengirim Info Lampu (ECR) Sinyal Masuk Normal ke Arah A10,1,1,,,blok,SLO,271,9,57
4059,SLO-A20-RRLS,,Proses TPR Tujuan A20 Sedang Berlangsung,1,1,,,sinyal,SLO,271,10,58
4060,SLO-A20-RRLS-TE,,Proses TPR Tujuan A20 telah Selesai,1,1,,,sinyal,SLO,271,11,59
4061,SLO-A20-BLOK-FAIL,Blok Arah A20 Normal,Gangguan Blok Arah A20,1,1,1,0>1,blok,SLO,271,12,60
4062,SLO-J20-RRLS,Proses TPR Tujuan Sinyal J20 Tidak Sedang Berlangsung,Proses TPR Tujuan Sinyal J20 Sedang Berlangsung,1,1,,,sinyal,SLO,271,13,61
4063,SLO-J20-RRLS-TE,,Proses TPR Tujuan Sinyal J20 telah Selesai,1,1,,,sinyal,SLO,271,14,62
4064,SLO-A20-HR-DI,Sinyal Masuk Stasiun Tujuan dari Arah A20 Menyala Tidak Aman,Sinyal Masuk Stasiun Tujuan dari Arah A20 Menyala Aman,1,1,,,blok,SLO,271,15,63
4065,SLO-A20-APP-TPR-DI,Menerima Info Track Blok Terduduki dari Arah A20,Menerima Info Track Blok Kosong dari Arah A20,1,1,,,blok,SLO,272,0,64
4066,SLO-A20-APP-TPR-DO,Mengirim Info Ada Kereta di Petak Jalan Arah A20,Mengirim Info tidak Ada Kereta di Petak Jalan Arah A20,1,1,,,blok,SLO,272,1,65
4067,SLO-A20-WTP,Track Blok A20 Terduduki,Track Blok A20 Kosong,1,1,,,,SLO,272,2,66
4068,SLO-A20-EFLZR-DI,Menerima Info Ada Kereta Masuk dari Arah A20,Menerima Info tidak Ada Kereta Masuk dari Arah A20,1,1,,,blok,SLO,272,3,67
4069,SLO-A20-WFLR-DO,Mengirim Info Ada Kereta Berangkat ke Arah A20,Mengirim Info tidak Ada Kereta Berangkat ke Arah A20,1,1,,,blok,SLO,272,4,68
4070,SLO-A20-ECR-DI,Menerima Info Gangguan Lampu (ECR) Sinyal Masuk dari Arah A20,Menerima Info Lampu (ECR) Sinyal Masuk Normal dari Arah A20,1,1,,,blok,SLO,272,5,69
4071,SLO-A114-RRLS,,Proses TPR Tujuan A114 Sedang Berlangsung,1,1,,,sinyal,SLO,272,6,70
4072,SLO-A114-RRLS-TE,,Proses TPR Tujuan A114 telah Selesai,1,1,,,sinyal,SLO,272,7,71
4073,SLO-A114-BLOK-FAIL,Blok Arah A114 Normal,Gangguan Blok Arah A114,1,1,1,0>1,blok,SLO,272,8,72
4074,SLO-J114-RRLS,Proses TPR Tujuan Sinyal J114 Tidak Sedang Berlangsung,Proses TPR Tujuan Sinyal J114 Sedang Berlangsung,1,1,,,sinyal,SLO,272,9,73
4075,SLO-J114-RRLS-TE,,Proses TPR Tujuan Sinyal J114 telah Selesai,1,1,,,sinyal,SLO,272,10,74
4076,SLO-A114-APP-TPR-DI,Menerima Info Track Blok Terduduki dari Arah A114,Menerima Info Track Blok Kosong dari Arah A114,1,1,,,blok,SLO,272,11,75
4077,SLO-A114-APP-TPR-DO,Mengirim Info Ada Kereta di Petak Jalan Arah A114,Mengirim Info tidak Ada Kereta di Petak Jalan Arah A114,1,1,,,blok,SLO,272,12,76
4078,SLO-A114-ETP,Track Blok A114 Terduduki,Track Blok A114 Kosong,1,1,,,,SLO,272,13,77
4079,SLO-A114-WFLZR-DI,Menerima Info Ada Kereta Masuk dari Arah A114,Menerima Info tidak Ada Kereta Masuk dari Arah A114,1,1,,,blok,SLO,272,14,78
4080,SLO-A114-EFLR-DO,Mengirim Info Ada Kereta Berangkat ke Arah A114,Mengirim Info tidak Ada Kereta Berangkat ke Arah A114,1,1,,,blok,SLO,272,15,79
4081,SLO-A114-ECR-DO,Mengirim Info Gangguan Lampu (ECR) Sinyal Masuk ke Arah A114,Mengirim Info Lampu (ECR) Sinyal Masuk Normal ke Arah A114,1,1,,,blok,SLO,273,0,80
4082,SLO-A134-RRLS,,Proses TPR Tujuan A134 Sedang Berlangsung,1,1,,,sinyal,SLO,273,1,81
4083,SLO-A134-RRLS-TE,,Proses TPR Tujuan A134 telah Selesai,1,1,,,sinyal,SLO,273,2,82
4084,SLO-A134-BLOK-FAIL,Blok Arah A134 Normal,Gangguan Blok Arah A134,1,1,1,0>1,blok,SLO,273,3,83
4085,SLO-J134-RRLS,Proses TPR Tujuan Sinyal J134 Tidak Sedang Berlangsung,Proses TPR Tujuan Sinyal J134 Sedang Berlangsung,1,1,,,sinyal,SLO,273,4,84
4086,SLO-J134-RRLS-TE,,Proses TPR Tujuan Sinyal J134 telah Selesai,1,1,,,sinyal,SLO,273,5,85
4087,SLO-A134-APP-TPR-DI,Menerima Info Track Blok Terduduki dari Arah A134,Menerima Info Track Blok Kosong dari Arah A134,1,1,,,blok,SLO,273,6,86
4088,SLO-A134-APP-TPR-DO,Mengirim Info Ada Kereta di Petak Jalan Arah A134,Mengirim Info tidak Ada Kereta di Petak Jalan Arah A134,1,1,,,blok,SLO,273,7,87
4089,SLO-A134-ETP,Track Blok A134 Terduduki,Track Blok A134 Kosong,1,1,,,,SLO,273,8,88
4090,SLO-A134-WFLZR-DI,Menerima Info Ada Kereta Masuk dari Arah A134,Menerima Info tidak Ada Kereta Masuk dari Arah A134,1,1,,,blok,SLO,273,9,89
4091,SLO-A134-EFLR-DO,Mengirim Info Ada Kereta Berangkat ke Arah A134,Mengirim Info tidak Ada Kereta Berangkat ke Arah A134,1,1,,,blok,SLO,273,10,90
4092,SLO-A134-ECR-DI,Menerima Info Gangguan Lampu (ECR) Sinyal Masuk dari Arah A134,Menerima Info Lampu (ECR) Sinyal Masuk Normal dari Arah A134,1,1,,,blok,SLO,273,11,91
4093,SLO-A130-RRLS,,Proses TPR Tujuan A130 Sedang Berlangsung,1,1,,,sinyal,SLO,273,12,92
4094,SLO-A130-RRLS-TE,,Proses TPR Tujuan A130 telah Selesai,1,1,,,sinyal,SLO,273,13,93
4095,SLO-A130-BLOK-FAIL,Blok Arah A130 Normal,Gangguan Blok Arah A130,1,1,1,0>1,blok,SLO,273,14,94
4096,SLO-J130-RRLS,Proses TPR Tujuan Sinyal J130 Tidak Sedang Berlangsung,Proses TPR Tujuan Sinyal J130 Sedang Berlangsung,1,1,,,sinyal,SLO,273,15,95
4097,SLO-J130-RRLS-TE,,Proses TPR Tujuan Sinyal J130 telah Selesai,1,1,,,sinyal,SLO,274,0,96
4098,SLO-A130-APP-TPR-DI,Menerima Info Track Blok Terduduki dari Arah A130,Menerima Info Track Blok Kosong dari Arah A130,1,1,,,blok,SLO,274,1,97
4099,SLO-A130-APP-TPR-DO,Mengirim Info Ada Kereta di Petak Jalan Arah A130,Mengirim Info tidak Ada Kereta di Petak Jalan Arah A130,1,1,,,blok,SLO,274,2,98
4100,SLO-A130-WTP,Track Blok A130 Terduduki,Track Blok A130 Kosong,1,1,,,,SLO,274,3,99
4101,SLO-A130-EFLZR-DI,Menerima Info Ada Kereta Masuk dari Arah A130,Menerima Info tidak Ada Kereta Masuk dari Arah A130,1,1,,,blok,SLO,274,4,100
4102,SLO-A130-WFLR-DO,Mengirim Info Ada Kereta Berangkat ke Arah A130,Mengirim Info tidak Ada Kereta Berangkat ke Arah A130,1,1,,,blok,SLO,274,5,101
4103,SLO-A130-ECR-DI,Menerima Info Gangguan Lampu (ECR) Sinyal Masuk dari Arah A130,Menerima Info Lampu (ECR) Sinyal Masuk Normal dari Arah A130,1,1,,,blok,SLO,274,6,102
4104,SLO-A130-ECR-DO,Mengirim Info Gangguan Lampu (ECR) Sinyal Masuk ke Arah A130,Mengirim Info Lampu (ECR) Sinyal Masuk Normal ke Arah A130,1,1,,,blok,SLO,274,7,103
4105,SLO-JPL94-ACK-DI,Tombol ACK JPL94 di Lapangan dilepas,Tombol ACK JPL94 di Lapangan ditekan,1,1,,,perintah,SLO,274,8,104
4106,SLO-JPL94-BUZZ-DO,Perintah ke Lapangan untuk Membunyikan Buzzer JPL94 tidak Aktif,Perintah ke Lapangan untuk Membunyikan Buzzer JPL94 Aktif,1,1,,,lain-lain,SLO,274,9,105
4107,SLO-JPL116-ACK-DI,Tombol ACK JPL116 di Lapangan dilepas,Tombol ACK JPL116 di Lapangan ditekan,1,1,,,perintah,SLO,274,10,106
4108,SLO-JPL116-BUZZ-DO,Perintah ke Lapangan untuk Membunyikan Buzzer JPL116 tidak Aktif,Perintah ke Lapangan untuk Membunyikan Buzzer JPL116 Aktif,1,1,,,lain-lain,SLO,274,11,107
4109,SLO-V-OK,System VITAL mengalami Gangguan,System VITAL Normal,1,1,,,lain-lain,SLO,274,12,108
4110,SLO-V-ACTIVE-ERR,System VITAL tidak terdapat ERROR,System VITAL terdapat ERROR,1,1,,,lain-lain,SLO,274,13,109
4111,SLO-V-ACTIVE-WARN,System VITAL tidak terdapat WARNING,System VITAL terdapat WARNING,1,1,,,lain-lain,SLO,274,14,110
4112,SLO-V-FORCING-PREPARED,System VITAL tidak sedang dipersiapkan untuk Forcing,System VITAL sedang dipersiapkan untuk Forcing,1,1,,,lain-lain,SLO,274,15,111
4113,SLO-V-FORCING-ACTIVE,System VITAL tidak terdapat variable terforcing,System VITAL terdapat variable terforcing,1,1,,,lain-lain,SLO,275,0,112
4114,SLO-V-POW-OK,System VITAL Suplai Daya Gangguan,System VITAL Suplai Daya Normal,1,1,,,lain-lain,SLO,275,1,113
4115,SLO-V-TEMP-OK,System VITAL Temperatur Gangguan,System VITAL Temperatur Normal,1,1,,,lain-lain,SLO,275,2,114
4116,SLO-V-SB-L-OK,System VITAL Modul X-SB 01 Slot 1 Gangguan,System VITAL Modul X-SB 01 Slot 1 Normal,1,1,,,lain-lain,SLO,275,3,115
4117,SLO-V-SB-R-OK,System VITAL Modul X-SB 01 Slot 2 Gangguan,System VITAL Modul X-SB 01 Slot 2 Normal,1,1,,,lain-lain,SLO,275,4,116
4118,SLO-V-CPU-L-OK,System VITAL Modul X-CPU 01 Slot 3 Gangguan,System VITAL Modul X-CPU 01 Slot 3 Normal,1,1,,,lain-lain,SLO,275,5,117
4119,SLO-V-CPU-R-OK,System VITAL Modul X-CPU 01 Slot 4 Gangguan,System VITAL Modul X-CPU 01 Slot 4 Normal,1,1,,,lain-lain,SLO,275,6,118
4120,SLO-V-POW-CPU-L-OK,System VITAL Modul X-CPU 01 Slot 3 Gangguan Suplai Daya,System VITAL Suplai Daya Modul X-CPU 01 Slot 3 Normal,1,1,,,lain-lain,SLO,275,7,119
4121,SLO-V-POW-CPU-R-OK,System VITAL Modul X-CPU 01 Slot 4 Gangguan Suplai Daya,System VITAL Suplai Daya Modul X-CPU 01 Slot 4 Normal,1,1,,,lain-lain,SLO,275,8,120
4122,SLO-V-TEMP-CPU-L-OK,System VITAL Temperatur X-CPU 01 Slot 3 Melebihi Batas,System VITAL Temperatur X-CPU 01 Slot 3 Normal,1,1,,,lain-lain,SLO,275,9,121
4123,SLO-V-TEMP-CPU-R-OK,System VITAL Temperatur X-CPU 01 Slot 4 Melebihi Batas,System VITAL Temperatur X-CPU 01 Slot 4 Normal,1,1,,,lain-lain,SLO,275,10,122
4124,SLO-V-DI-OK,System VITAL Modul X-DI 32 01 Gangguan,System VITAL Modul X-DI 32 01 Normal,1,1,,,lain-lain,SLO,275,11,123
4125,SLO-V-POW-DI-OK,System VITAL Modul X-DI 32 01 Gangguan Suplai Daya,System VITAL Suplai Daya Modul X-DI 32 01 Normal,1,1,,,lain-lain,SLO,275,12,124
4126,SLO-V-TEMP-DI-OK,System VITAL Temperatur Modul X-DI 32 01 Melebihi Batas,System VITAL Temperatur Modul X-DI 32 01 Normal,1,1,,,lain-lain,SLO,275,13,125
4127,SLO-V-TEMP-DI-H,System VITAL Temperatur X-DI 32 01 Normal,System VITAL Temperatur X-DI 32 01 Melebihi Batas Pertama,1,1,,,lain-lain,SLO,275,14,126
4128,SLO-V-TEMP-DI-HH,System VITAL Temperatur X-DI 32 01 Normal,System VITAL Temperatur X-DI 32 01 Melebihi Batas Kedua,1,1,,,lain-lain,SLO,275,15,127
4129,SLO-V-DO-OK,System VITAL Modul X-DO 32 01 mengalami Gangguan,System VITAL Modul X-DO 32 01 Normal,1,1,,,lain-lain,SLO,276,0,128
4130,SLO-V-POW-DO-OK,System VITAL Modul X-DO 32 01 Gangguan Suplai Daya,System VITAL Suplai Daya Modul X-DO 32 01 Normal,1,1,,,lain-lain,SLO,276,1,129
4131,SLO-V-TEMP-DO-OK,System VITAL Temperatur Modul X-DO 32 01 Melebihi Batas,System VITAL Temperatur Modul X-DO 32 01 Normal,1,1,,,lain-lain,SLO,276,2,130
4132,SLO-V-POW-DO-H,System VITAL Suplai Daya Modul X-DO 32 01 Normal,System VITAL Suplai Daya Modul X-DO 32 01 Melebihi Batas,1,1,,,lain-lain,SLO,276,3,131
4133,SLO-V-POW-DO-L,System VITAL Suplai Daya X-DO 32 01 Normal,System VITAL Voltase Suplai Daya X-DO 32 01 Rendah,1,1,,,lain-lain,SLO,276,4,132
4134,SLO-V-TEMP-DO-H,System VITAL Temperatur X-DO 32 01 Normal,System VITAL Temperatur X-DO 32 01 Melebihi Batas Pertama,1,1,,,lain-lain,SLO,276,5,133
4135,SLO-V-TEMP-DO-HH,System VITAL Temperatur X-DO 32 01 Normal,System VITAL Temperatur X-DO 32 01 Melebihi Batas Kedua,1,1,,,lain-lain,SLO,276,6,134
4136,SLO-V-POW-RAIL1-DO-HH,System VITAL Modul X-DO 32 01 Power Rail1 Normal,System VITAL Modul X-DO 32 01 Power Rail1 Over Voltase,1,1,,,lain-lain,SLO,276,7,135
4137,SLO-V-POW-RAIL1-DO-LL,System VITAL Modul X-DO 32 01 Power Rail1 Normal,System VITAL Modul X-DO 32 01 Power Rail1 Under Voltase,1,1,,,lain-lain,SLO,276,8,136
4138,SLO-V-POW-RAIL2-DO-HH,System VITAL Modul X-DO 32 01 Power Rail2 Normal,System VITAL Modul X-DO 32 01 Power Rail2 Over Voltase,1,1,,,lain-lain,SLO,276,9,137
4139,SLO-V-POW-RAIL2-DO-LL,System VITAL Modul X-DO 32 01 Power Rail2 Normal,System VITAL Modul X-DO 32 01 Power Rail2 Under Voltase,1,1,,,lain-lain,SLO,276,10,138
4140,SLO-V-RELOAD,System VITAL selesai melakukan RELOAD,System VITAL mulai melakukan RELOAD,1,1,,,lain-lain,SLO,276,11,139
4141,SLO-V-REDUNDANT,System VITAL bekerja secara SINGLE,System VITAL bekerja secara REDUNDANT,1,1,,,lain-lain,SLO,276,12,140
4142,SLO-V-FAN-OK,System VITAL Kipas X-FAN 01 mengalami Gangguan,System VITAL Kipas X-FAN 01 Normal,1,1,,,lain-lain,SLO,276,13,141
4143,SLO-V-IR2/RIO1-OK,System VITAL Modul IR2/RIO1 Gangguan,System VITAL Modul IR2/RIO1 Normal,1,1,,,lain-lain,SLO,276,14,142
4144,SLO-V-IR2/RIO1-POW-OK,System VITAL Modul IR2/RIO1 Gangguan Suplai Daya,System VITAL Suplai Daya Modul IR2/RIO1 Normal,1,1,,,lain-lain,SLO,276,15,143
4145,SLO-V-IR2/RIO1-TEMP-OK,System VITAL Modul IR2/RIO1 Temperatur Melebihi Batas,System VITAL Temperatur Modul IR2/RIO1 Normal,1,1,,,lain-lain,SLO,277,0,144
4146,SLO-V-IR2/RIO1-COMM-OK,System VITAL Modul IR2/RIO1 Gangguan Komunikasi,System VITAL Komunikasi Modul IR2/RIO1 Normal,1,1,,,lain-lain,SLO,277,1,145
4147,SLO-V-IR2/RIO1-COMM-DO,,,,,,,lain-lain,SLO,277,2,146
4148,SLO-V-IR2/RIO2-WEST-OK,System VITAL Modul IR2/RIO2-WEST Gangguan,System VITAL Modul IR2/RIO2-WEST Normal,1,1,,,lain-lain,SLO,277,3,147
4149,SLO-V-IR2/RIO2-WEST-POW-OK,System VITAL Modul IR2/RIO2-WEST Gangguan Suplai Daya,System VITAL Suplai Daya Modul IR2/RIO2-WEST Normal,1,1,,,lain-lain,SLO,277,4,148
4150,SLO-V-IR2/RIO2-WEST-TEMP-OK,System VITAL Modul IR2/RIO2-WEST Temperatur Melebihi Batas,System VITAL Temperatur Modul IR2/RIO2-WEST Normal,1,1,,,lain-lain,SLO,277,5,149
4151,SLO-V-IR2/RIO2-WEST-COMM-OK,System VITAL Modul IR2/RIO2-WEST Gangguan Komunikasi,System VITAL Komunikasi Modul IR2/RIO2-WEST Normal,1,1,,,lain-lain,SLO,277,6,150
4152,SLO-V-IR2/RIO2-WEST-COMM-DO,,,,,,,lain-lain,SLO,277,7,151
4153,SLO-V-IR2/RIO3-EAST-OK,System VITAL Modul IR2/RIO3-EAST Gangguan,System VITAL Modul IR2/RIO3-EAST Normal,1,1,,,lain-lain,SLO,277,8,152
4154,SLO-V-IR2/RIO3-EAST-POW-OK,System VITAL Modul IR2/RIO3-EAST Gangguan Suplai Daya,System VITAL Suplai Daya Modul IR2/RIO3-EAST Normal,1,1,,,lain-lain,SLO,277,9,153
4155,SLO-V-IR2/RIO3-EAST-TEMP-OK,System VITAL Modul IR2/RIO3-EAST Temperatur Melebihi Batas,System VITAL Temperatur Modul IR2/RIO3-EAST Normal,1,1,,,lain-lain,SLO,277,10,154
4156,SLO-V-IR2/RIO3-EAST-COMM-OK,System VITAL Modul IR2/RIO3-EAST Gangguan Komunikasi,System VITAL Komunikasi Modul IR2/RIO3-EAST Normal,1,1,,,lain-lain,SLO,277,11,155
4157,SLO-V-IR2/RIO3-EAST-COMM-DO,,,,,,,lain-lain,SLO,277,12,156
4158,SLO-V-IR2/RIO4-EAST-OK,System VITAL Modul IR2/RIO4-EAST Gangguan,System VITAL Modul IR2/RIO4-EAST Normal,1,1,,,lain-lain,SLO,277,13,157
4159,SLO-V-IR2/RIO4-EAST-POW-OK,System VITAL Modul IR2/RIO4-EAST Gangguan Suplai Daya,System VITAL Suplai Daya Modul IR2/RIO4-EAST Normal,1,1,,,lain-lain,SLO,277,14,158
4160,SLO-V-IR2/RIO4-EAST-TEMP-OK,System VITAL Modul IR2/RIO4-EAST Temperatur Melebihi Batas,System VITAL Temperatur Modul IR2/RIO4-EAST Normal,1,1,,,lain-lain,SLO,277,15,159
4161,SLO-V-IR2/RIO4-EAST-COMM-OK,System VITAL Modul IR2/RIO4-EAST Gangguan Komunikasi,System VITAL Komunikasi Modul IR2/RIO4-EAST Normal,1,1,,,lain-lain,SLO,278,0,160
4162,SLO-V-IR2/RIO4-EAST-COMM-DO,,,,,,,lain-lain,SLO,278,1,161
4163,SLO-V-IR3/RIO1-OK,System VITAL Modul IR3/RIO1 Gangguan,System VITAL Modul IR3/RIO1 Normal,1,1,,,lain-lain,SLO,278,2,162
4164,SLO-V-IR3/RIO1-POW-OK,System VITAL Modul IR3/RIO1 Gangguan Suplai Daya,System VITAL Suplai Daya Modul IR3/RIO1 Normal,1,1,,,lain-lain,SLO,278,3,163
4165,SLO-V-IR3/RIO1-TEMP-OK,System VITAL Modul IR3/RIO1 Temperatur Melebihi Batas,System VITAL Temperatur Modul IR3/RIO1 Normal,1,1,,,lain-lain,SLO,278,4,164
4166,SLO-V-IR3/RIO1-COMM-OK,System VITAL Modul IR3/RIO1 Gangguan Komunikasi,System VITAL Komunikasi Modul IR3/RIO1 Normal,1,1,,,lain-lain,SLO,278,5,165
4167,SLO-V-IR3/RIO1-COMM-DO,,,,,,,lain-lain,SLO,278,6,166
4168,SLO-V-IR4/RIO1-OK,System VITAL Modul IR4/RIO1 Gangguan,System VITAL Modul IR4/RIO1 Normal,1,1,,,lain-lain,SLO,278,7,167
4169,SLO-V-IR4/RIO1-POW-OK,System VITAL Modul IR4/RIO1 Gangguan Suplai Daya,System VITAL Suplai Daya Modul IR4/RIO1 Normal,1,1,,,lain-lain,SLO,278,8,168
4170,SLO-V-IR4/RIO1-TEMP-OK,System VITAL Modul IR4/RIO1 Temperatur Melebihi Batas,System VITAL Temperatur Modul IR4/RIO1 Normal,1,1,,,lain-lain,SLO,278,9,169
4171,SLO-V-IR4/RIO1-COMM-OK,System VITAL Modul IR4/RIO1 Gangguan Komunikasi,System VITAL Komunikasi Modul IR4/RIO1 Normal,1,1,,,lain-lain,SLO,278,10,170
4172,SLO-V-IR4/RIO1-COMM-DO,,,,,,,lain-lain,SLO,278,11,171
4173,SLO-V-IR5/RIO1-OK,System VITAL Modul IR5/RIO1 Gangguan,System VITAL Modul IR5/RIO1 Normal,1,1,,,lain-lain,SLO,278,12,172
4174,SLO-V-IR5/RIO1-POW-OK,System VITAL Modul IR5/RIO1 Gangguan Suplai Daya,System VITAL Suplai Daya Modul IR5/RIO1 Normal,1,1,,,lain-lain,SLO,278,13,173
4175,SLO-V-IR5/RIO1-TEMP-OK,System VITAL Modul IR5/RIO1 Temperatur Melebihi Batas,System VITAL Temperatur Modul IR5/RIO1 Normal,1,1,,,lain-lain,SLO,278,14,174
4176,SLO-V-IR5/RIO1-COMM-OK,System VITAL Modul IR5/RIO1 Gangguan Komunikasi,System VITAL Komunikasi Modul IR5/RIO1 Normal,1,1,,,lain-lain,SLO,278,15,175
4177,SLO-V-IR5/RIO1-COMM-DO,,,,,,,lain-lain,SLO,279,0,176
4178,SLO-V-IR6/RIO1-OK,System VITAL Modul IR6/RIO1 Gangguan,System VITAL Modul IR6/RIO1 Normal,1,1,,,lain-lain,SLO,279,1,177
4179,SLO-V-IR6/RIO1-POW-OK,System VITAL Modul IR6/RIO1 Gangguan Suplai Daya,System VITAL Suplai Daya Modul IR6/RIO1 Normal,1,1,,,lain-lain,SLO,279,2,178
4180,SLO-V-IR6/RIO1-TEMP-OK,System VITAL Modul IR6/RIO1 Temperatur Melebihi Batas,System VITAL Temperatur Modul IR6/RIO1 Normal,1,1,,,lain-lain,SLO,279,3,179
4181,SLO-V-IR6/RIO1-COMM-OK,System VITAL Modul IR6/RIO1 Gangguan Komunikasi,System VITAL Komunikasi Modul IR6/RIO1 Normal,1,1,,,lain-lain,SLO,279,4,180
4182,SLO-V-IR6/RIO1-COMM-DO,,,,,,,lain-lain,SLO,279,5,181
4183,SLO-V-IR7/RIO1-OK,System VITAL Modul IR7/RIO1 Gangguan,System VITAL Modul IR7/RIO1 Normal,1,1,,,lain-lain,SLO,279,6,182
4184,SLO-V-IR7/RIO1-POW-OK,System VITAL Modul IR7/RIO1 Gangguan Suplai Daya,System VITAL Suplai Daya Modul IR7/RIO1 Normal,1,1,,,lain-lain,SLO,279,7,183
4185,SLO-V-IR7/RIO1-TEMP-OK,System VITAL Modul IR7/RIO1 Temperatur Melebihi Batas,System VITAL Temperatur Modul IR7/RIO1 Normal,1,1,,,lain-lain,SLO,279,8,184
4186,SLO-V-IR7/RIO1-COMM-OK,System VITAL Modul IR7/RIO1 Gangguan Komunikasi,System VITAL Komunikasi Modul IR7/RIO1 Normal,1,1,,,lain-lain,SLO,279,9,185
4187,SLO-V-IR7/RIO1-COMM-DO,,,,,,,lain-lain,SLO,279,10,186
4188,SLO-V-IR8/RIO1-OK,System VITAL Modul IR8/RIO1 Gangguan,System VITAL Modul IR8/RIO1 Normal,1,1,,,lain-lain,SLO,279,11,187
4189,SLO-V-IR8/RIO1-POW-OK,System VITAL Modul IR8/RIO1 Gangguan Suplai Daya,System VITAL Suplai Daya Modul IR8/RIO1 Normal,1,1,,,lain-lain,SLO,279,12,188
4190,SLO-V-IR8/RIO1-TEMP-OK,System VITAL Modul IR8/RIO1 Temperatur Melebihi Batas,System VITAL Temperatur Modul IR8/RIO1 Normal,1,1,,,lain-lain,SLO,279,13,189
4191,SLO-V-IR8/RIO1-COMM-OK,System VITAL Modul IR8/RIO1 Gangguan Komunikasi,System VITAL Komunikasi Modul IR8/RIO1 Normal,1,1,,,lain-lain,SLO,279,14,190
4192,SLO-V-IR8/RIO1-COMM-DO,,,,,,,lain-lain,SLO,279,15,191
4193,SLO-V-IR9/RIO1-OK,System VITAL Modul IR9/RIO1 Gangguan,System VITAL Modul IR9/RIO1 Normal,1,1,,,lain-lain,SLO,280,0,192
4194,SLO-V-IR9/RIO1-POW-OK,System VITAL Modul IR9/RIO1 Gangguan Suplai Daya,System VITAL Suplai Daya Modul IR9/RIO1 Normal,1,1,,,lain-lain,SLO,280,1,193
4195,SLO-V-IR9/RIO1-TEMP-OK,System VITAL Modul IR9/RIO1 Temperatur Melebihi Batas,System VITAL Temperatur Modul IR9/RIO1 Normal,1,1,,,lain-lain,SLO,280,2,194
4196,SLO-V-IR9/RIO1-COMM-OK,System VITAL Modul IR9/RIO1 Gangguan Komunikasi,System VITAL Komunikasi Modul IR9/RIO1 Normal,1,1,,,lain-lain,SLO,280,3,195
4197,SLO-V-IR9/RIO1-COMM-DO,,,,,,,lain-lain,SLO,280,4,196
4198,SLO-V-IR10/RIO1-OK,System VITAL Modul IR10/RIO1 Gangguan,System VITAL Modul IR10/RIO1 Normal,1,1,,,lain-lain,SLO,280,5,197
4199,SLO-V-IR10/RIO1-POW-OK,System VITAL Modul IR10/RIO1 Gangguan Suplai Daya,System VITAL Suplai Daya Modul IR10/RIO1 Normal,1,1,,,lain-lain,SLO,280,6,198
4200,SLO-V-IR10/RIO1-TEMP-OK,System VITAL Modul IR10/RIO1 Temperatur Melebihi Batas,System VITAL Temperatur Modul IR10/RIO1 Normal,1,1,,,lain-lain,SLO,280,7,199
4201,SLO-V-IR10/RIO1-COMM-OK,System VITAL Modul IR10/RIO1 Gangguan Komunikasi,System VITAL Komunikasi Modul IR10/RIO1 Normal,1,1,,,lain-lain,SLO,280,8,200
4202,SLO-V-IR10/RIO1-COMM-DO,,,,,,,lain-lain,SLO,280,9,201
4203,SLO-V-IR11/RIO1-OK,System VITAL Modul IR11/RIO1 Gangguan,System VITAL Modul IR11/RIO1 Normal,1,1,,,lain-lain,SLO,280,10,202
4204,SLO-V-IR11/RIO1-POW-OK,System VITAL Modul IR11/RIO1 Gangguan Suplai Daya,System VITAL Suplai Daya Modul IR11/RIO1 Normal,1,1,,,lain-lain,SLO,280,11,203
4205,SLO-V-IR11/RIO1-TEMP-OK,System VITAL Modul IR11/RIO1 Temperatur Melebihi Batas,System VITAL Temperatur Modul IR11/RIO1 Normal,1,1,,,lain-lain,SLO,280,12,204
4206,SLO-V-IR11/RIO1-COMM-OK,System VITAL Modul IR11/RIO1 Gangguan Komunikasi,System VITAL Komunikasi Modul IR11/RIO1 Normal,1,1,,,lain-lain,SLO,280,13,205
4207,SLO-V-IR11/RIO1-COMM-DO,,,,,,,lain-lain,SLO,280,14,206
4208,SLO-V-IR11/RIO2-OK,System VITAL Modul IR11/RIO2 Gangguan,System VITAL Modul IR11/RIO2 Normal,1,1,,,lain-lain,SLO,280,15,207
4209,SLO-V-IR11/RIO2-POW-OK,System VITAL Modul IR11/RIO2 Gangguan Suplai Daya,System VITAL Suplai Daya Modul IR11/RIO2 Normal,1,1,,,lain-lain,SLO,281,0,208
4210,SLO-V-IR11/RIO2-TEMP-OK,System VITAL Modul IR11/RIO2 Temperatur Melebihi Batas,System VITAL Temperatur Modul IR11/RIO2 Normal,1,1,,,lain-lain,SLO,281,1,209
4211,SLO-V-IR11/RIO2-COMM-OK,System VITAL Modul IR11/RIO2 Gangguan Komunikasi,System VITAL Komunikasi Modul IR11/RIO2 Normal,1,1,,,lain-lain,SLO,281,2,210
4212,SLO-V-IR11/RIO2-COMM-DO,,,,,,,lain-lain,SLO,281,3,211
4213,SLO-V-IR11/RIO3-OK,System VITAL Modul IR11/RIO3 Gangguan,System VITAL Modul IR11/RIO3 Normal,1,1,,,lain-lain,SLO,281,4,212
4214,SLO-V-IR11/RIO3-POW-OK,System VITAL Modul IR11/RIO3 Gangguan Suplai Daya,System VITAL Suplai Daya Modul IR11/RIO3 Normal,1,1,,,lain-lain,SLO,281,5,213
4215,SLO-V-IR11/RIO3-TEMP-OK,System VITAL Modul IR11/RIO3 Temperatur Melebihi Batas,System VITAL Temperatur Modul IR11/RIO3 Normal,1,1,,,lain-lain,SLO,281,6,214
4216,SLO-V-IR11/RIO3-COMM-OK,System VITAL Modul IR11/RIO3 Gangguan Komunikasi,System VITAL Komunikasi Modul IR11/RIO3 Normal,1,1,,,lain-lain,SLO,281,7,215
4217,SLO-V-IR11/RIO3-COMM-DO,,,,,,,lain-lain,SLO,281,8,216
4218,SLO-V-IR12/RIO1-OK,System VITAL Modul IR12/RIO1 Gangguan,System VITAL Modul IR12/RIO1 Normal,1,1,,,lain-lain,SLO,281,9,217
4219,SLO-V-IR12/RIO1-POW-OK,System VITAL Modul IR12/RIO1 Gangguan Suplai Daya,System VITAL Suplai Daya Modul IR12/RIO1 Normal,1,1,,,lain-lain,SLO,281,10,218
4220,SLO-V-IR12/RIO1-TEMP-OK,System VITAL Modul IR12/RIO1 Temperatur Melebihi Batas,System VITAL Temperatur Modul IR12/RIO1 Normal,1,1,,,lain-lain,SLO,281,11,219
4221,SLO-V-IR12/RIO1-COMM-OK,System VITAL Modul IR12/RIO1 Gangguan Komunikasi,System VITAL Komunikasi Modul IR12/RIO1 Normal,1,1,,,lain-lain,SLO,281,12,220
4222,SLO-V-IR12/RIO1-COMM-DO,,,,,,,lain-lain,SLO,281,13,221
4223,SLO-V-IR12/RIO2-OK,System VITAL Modul IR12/RIO2 Gangguan,System VITAL Modul IR12/RIO2 Normal,1,1,,,lain-lain,SLO,281,14,222
4224,SLO-V-IR12/RIO2-POW-OK,System VITAL Modul IR12/RIO2 Gangguan Suplai Daya,System VITAL Suplai Daya Modul IR12/RIO2 Normal,1,1,,,lain-lain,SLO,281,15,223
4225,SLO-V-IR12/RIO2-TEMP-OK,System VITAL Modul IR12/RIO2 Temperatur Melebihi Batas,System VITAL Temperatur Modul IR12/RIO2 Normal,1,1,,,lain-lain,SLO,282,0,224
4226,SLO-V-IR12/RIO2-COMM-OK,System VITAL Modul IR12/RIO2 Gangguan Komunikasi,System VITAL Komunikasi Modul IR12/RIO2 Normal,1,1,,,lain-lain,SLO,282,1,225
4227,SLO-V-IR12/RIO2-COMM-DO,,,,,,,lain-lain,SLO,282,2,226
4228,SLO-V-IR12/RIO3-OK,System VITAL Modul IR12/RIO3 Gangguan,System VITAL Modul IR12/RIO3 Normal,1,1,,,lain-lain,SLO,282,3,227
4229,SLO-V-IR12/RIO3-POW-OK,System VITAL Modul IR12/RIO3 Gangguan Suplai Daya,System VITAL Suplai Daya Modul IR12/RIO3 Normal,1,1,,,lain-lain,SLO,282,4,228
4230,SLO-V-IR12/RIO3-TEMP-OK,System VITAL Modul IR12/RIO3 Temperatur Melebihi Batas,System VITAL Temperatur Modul IR12/RIO3 Normal,1,1,,,lain-lain,SLO,282,5,229
4231,SLO-V-IR12/RIO3-COMM-OK,System VITAL Modul IR12/RIO3 Gangguan Komunikasi,System VITAL Komunikasi Modul IR12/RIO3 Normal,1,1,,,lain-lain,SLO,282,6,230
4232,SLO-V-IR12/RIO3-COMM-DO,,,,,,,lain-lain,SLO,282,7,231
4233,SLO-V-IR13/RIO1-OK,System VITAL Modul IR13/RIO1 Gangguan,System VITAL Modul IR13/RIO1 Normal,1,1,,,lain-lain,SLO,282,8,232
4234,SLO-V-IR13/RIO1-POW-OK,System VITAL Modul IR13/RIO1 Gangguan Suplai Daya,System VITAL Suplai Daya Modul IR13/RIO1 Normal,1,1,,,lain-lain,SLO,282,9,233
4235,SLO-V-IR13/RIO1-TEMP-OK,System VITAL Modul IR13/RIO1 Temperatur Melebihi Batas,System VITAL Temperatur Modul IR13/RIO1 Normal,1,1,,,lain-lain,SLO,282,10,234
4236,SLO-V-IR13/RIO1-COMM-OK,System VITAL Modul IR13/RIO1 Gangguan Komunikasi,System VITAL Komunikasi Modul IR13/RIO1 Normal,1,1,,,lain-lain,SLO,282,11,235
4237,SLO-V-IR13/RIO1-COMM-DO,,,,,,,lain-lain,SLO,282,12,236
4238,SLO-V-IR13/RIO2-OK,System VITAL Modul IR13/RIO2 Gangguan,System VITAL Modul IR13/RIO2 Normal,1,1,,,lain-lain,SLO,282,13,237
4239,SLO-V-IR13/RIO2-POW-OK,System VITAL Modul IR13/RIO2 Gangguan Suplai Daya,System VITAL Suplai Daya Modul IR13/RIO2 Normal,1,1,,,lain-lain,SLO,282,14,238
4240,SLO-V-IR13/RIO2-TEMP-OK,System VITAL Modul IR13/RIO2 Temperatur Melebihi Batas,System VITAL Temperatur Modul IR13/RIO2 Normal,1,1,,,lain-lain,SLO,282,15,239
4241,SLO-V-IR13/RIO2-COMM-OK,System VITAL Modul IR13/RIO2 Gangguan Komunikasi,System VITAL Komunikasi Modul IR13/RIO2 Normal,1,1,,,lain-lain,SLO,283,0,240
4242,SLO-V-IR13/RIO2-COMM-DO,,,,,,,lain-lain,SLO,283,1,241
4243,SLO-V-IR14/RIO1-OK,System VITAL Modul IR14/RIO1 Gangguan,System VITAL Modul IR14/RIO1 Normal,1,1,,,lain-lain,SLO,283,2,242
4244,SLO-V-IR14/RIO1-POW-OK,System VITAL Modul IR14/RIO1 Gangguan Suplai Daya,System VITAL Suplai Daya Modul IR14/RIO1 Normal,1,1,,,lain-lain,SLO,283,3,243
4245,SLO-V-IR14/RIO1-TEMP-OK,System VITAL Modul IR14/RIO1 Temperatur Melebihi Batas,System VITAL Temperatur Modul IR14/RIO1 Normal,1,1,,,lain-lain,SLO,283,4,244
4246,SLO-V-IR14/RIO1-COMM-OK,System VITAL Modul IR14/RIO1 Gangguan Komunikasi,System VITAL Komunikasi Modul IR14/RIO1 Normal,1,1,,,lain-lain,SLO,283,5,245
4247,SLO-V-IR14/RIO1-COMM-DO,,,,,,,lain-lain,SLO,283,6,246
4248,SLO-V-IR14/RIO2-OK,System VITAL Modul IR14/RIO2 Gangguan,System VITAL Modul IR14/RIO2 Normal,1,1,,,lain-lain,SLO,283,7,247
4249,SLO-V-IR14/RIO2-POW-OK,System VITAL Modul IR14/RIO2 Gangguan Suplai Daya,System VITAL Suplai Daya Modul IR14/RIO2 Normal,1,1,,,lain-lain,SLO,283,8,248
4250,SLO-V-IR14/RIO2-TEMP-OK,System VITAL Modul IR14/RIO2 Temperatur Melebihi Batas,System VITAL Temperatur Modul IR14/RIO2 Normal,1,1,,,lain-lain,SLO,283,9,249
4251,SLO-V-IR14/RIO2-COMM-OK,System VITAL Modul IR14/RIO2 Gangguan Komunikasi,System VITAL Komunikasi Modul IR14/RIO2 Normal,1,1,,,lain-lain,SLO,283,10,250
4252,SLO-V-IR14/RIO2-COMM-DO,,,,,,,lain-lain,SLO,283,11,251
4253,SLO-V-IR14/RIO3-OK,System VITAL Modul IR14/RIO3 Gangguan,System VITAL Modul IR14/RIO3 Normal,1,1,,,lain-lain,SLO,283,12,252
4254,SLO-V-IR14/RIO3-POW-OK,System VITAL Modul IR14/RIO3 Gangguan Suplai Daya,System VITAL Suplai Daya Modul IR14/RIO3 Normal,1,1,,,lain-lain,SLO,283,13,253
4255,SLO-V-IR14/RIO3-TEMP-OK,System VITAL Modul IR14/RIO3 Temperatur Melebihi Batas,System VITAL Temperatur Modul IR14/RIO3 Normal,1,1,,,lain-lain,SLO,283,14,254
4256,SLO-V-IR14/RIO3-COMM-OK,System VITAL Modul IR14/RIO3 Gangguan Komunikasi,System VITAL Komunikasi Modul IR14/RIO3 Normal,1,1,,,lain-lain,SLO,283,15,255
4257,SLO-V-IR14/RIO3-COMM-DO,,,,,,,lain-lain,SLO,284,0,256
4258,SLO-V-IR15/RIO1-OK,System VITAL Modul IR15/RIO1 Gangguan,System VITAL Modul IR15/RIO1 Normal,1,1,,,lain-lain,SLO,284,1,257
4259,SLO-V-IR15/RIO1-POW-OK,System VITAL Modul IR15/RIO1 Gangguan Suplai Daya,System VITAL Suplai Daya Modul IR15/RIO1 Normal,1,1,,,lain-lain,SLO,284,2,258
4260,SLO-V-IR15/RIO1-TEMP-OK,System VITAL Modul IR15/RIO1 Temperatur Melebihi Batas,System VITAL Temperatur Modul IR15/RIO1 Normal,1,1,,,lain-lain,SLO,284,3,259
4261,SLO-V-IR15/RIO1-COMM-OK,System VITAL Modul IR15/RIO1 Gangguan Komunikasi,System VITAL Komunikasi Modul IR15/RIO1 Normal,1,1,,,lain-lain,SLO,284,4,260
4262,SLO-V-IR15/RIO1-COMM-DO,,,,,,,lain-lain,SLO,284,5,261
4263,SLO-V-IR15/RIO2-OK,System VITAL Modul IR15/RIO2 Gangguan,System VITAL Modul IR15/RIO2 Normal,1,1,,,lain-lain,SLO,284,6,262
4264,SLO-V-IR15/RIO2-POW-OK,System VITAL Modul IR15/RIO2 Gangguan Suplai Daya,System VITAL Suplai Daya Modul IR15/RIO2 Normal,1,1,,,lain-lain,SLO,284,7,263
4265,SLO-V-IR15/RIO2-TEMP-OK,System VITAL Modul IR15/RIO2 Temperatur Melebihi Batas,System VITAL Temperatur Modul IR15/RIO2 Normal,1,1,,,lain-lain,SLO,284,8,264
4266,SLO-V-IR15/RIO2-COMM-OK,System VITAL Modul IR15/RIO2 Gangguan Komunikasi,System VITAL Komunikasi Modul IR15/RIO2 Normal,1,1,,,lain-lain,SLO,284,9,265
4267,SLO-V-IR15/RIO2-COMM-DO,,,,,,,lain-lain,SLO,284,10,266
4268,SLO-V-IR16/RIO1-OK,System VITAL Modul IR16/RIO1 Gangguan,System VITAL Modul IR16/RIO1 Normal,1,1,,,lain-lain,SLO,284,11,267
4269,SLO-V-IR16/RIO1-POW-OK,System VITAL Modul IR16/RIO1 Gangguan Suplai Daya,System VITAL Suplai Daya Modul IR16/RIO1 Normal,1,1,,,lain-lain,SLO,284,12,268
4270,SLO-V-IR16/RIO1-TEMP-OK,System VITAL Modul IR16/RIO1 Temperatur Melebihi Batas,System VITAL Temperatur Modul IR16/RIO1 Normal,1,1,,,lain-lain,SLO,284,13,269
4271,SLO-V-IR16/RIO1-COMM-OK,System VITAL Modul IR16/RIO1 Gangguan Komunikasi,System VITAL Komunikasi Modul IR16/RIO1 Normal,1,1,,,lain-lain,SLO,284,14,270
4272,SLO-V-IR16/RIO1-COMM-DO,,,,,,,lain-lain,SLO,284,15,271
4273,SLO-V-IR16/RIO2-OK,System VITAL Modul IR16/RIO2 Gangguan,System VITAL Modul IR16/RIO2 Normal,1,1,,,lain-lain,SLO,285,0,272
4274,SLO-V-IR16/RIO2-POW-OK,System VITAL Modul IR16/RIO2 Gangguan Suplai Daya,System VITAL Suplai Daya Modul IR16/RIO2 Normal,1,1,,,lain-lain,SLO,285,1,273
4275,SLO-V-IR16/RIO2-TEMP-OK,System VITAL Modul IR16/RIO2 Temperatur Melebihi Batas,System VITAL Temperatur Modul IR16/RIO2 Normal,1,1,,,lain-lain,SLO,285,2,274
4276,SLO-V-IR16/RIO2-COMM-OK,System VITAL Modul IR16/RIO2 Gangguan Komunikasi,System VITAL Komunikasi Modul IR16/RIO2 Normal,1,1,,,lain-lain,SLO,285,3,275
4277,SLO-V-IR16/RIO2-COMM-DO,,,,,,,lain-lain,SLO,285,4,276
4278,SLO-V-IR16/RIO3-OK,System VITAL Modul IR16/RIO3 Gangguan,System VITAL Modul IR16/RIO3 Normal,1,1,,,lain-lain,SLO,285,5,277
4279,SLO-V-IR16/RIO3-POW-OK,System VITAL Modul IR16/RIO3 Gangguan Suplai Daya,System VITAL Suplai Daya Modul IR16/RIO3 Normal,1,1,,,lain-lain,SLO,285,6,278
4280,SLO-V-IR16/RIO3-TEMP-OK,System VITAL Modul IR16/RIO3 Temperatur Melebihi Batas,System VITAL Temperatur Modul IR16/RIO3 Normal,1,1,,,lain-lain,SLO,285,7,279
4281,SLO-V-IR16/RIO3-COMM-OK,System VITAL Modul IR16/RIO3 Gangguan Komunikasi,System VITAL Komunikasi Modul IR16/RIO3 Normal,1,1,,,lain-lain,SLO,285,8,280
4282,SLO-V-IR16/RIO3-COMM-DO,,,,,,,lain-lain,SLO,285,9,281
4283,SLO-V-IR17/RIO1-OK,System VITAL Modul IR17/RIO1 Gangguan,System VITAL Modul IR17/RIO1 Normal,1,1,,,lain-lain,SLO,285,10,282
4284,SLO-V-IR17/RIO1-POW-OK,System VITAL Modul IR17/RIO1 Gangguan Suplai Daya,System VITAL Suplai Daya Modul IR17/RIO1 Normal,1,1,,,lain-lain,SLO,285,11,283
4285,SLO-V-IR17/RIO1-TEMP-OK,System VITAL Modul IR17/RIO1 Temperatur Melebihi Batas,System VITAL Temperatur Modul IR17/RIO1 Normal,1,1,,,lain-lain,SLO,285,12,284
4286,SLO-V-IR17/RIO1-COMM-OK,System VITAL Modul IR17/RIO1 Gangguan Komunikasi,System VITAL Komunikasi Modul IR17/RIO1 Normal,1,1,,,lain-lain,SLO,285,13,285
4287,SLO-V-IR17/RIO1-COMM-DO,,,,,,,lain-lain,SLO,285,14,286
4288,SLO-V-IR17/RIO2-OK,System VITAL Modul IR17/RIO2 Gangguan,System VITAL Modul IR17/RIO2 Normal,1,1,,,lain-lain,SLO,285,15,287
4289,SLO-V-IR17/RIO2-POW-OK,System VITAL Modul IR17/RIO2 Gangguan Suplai Daya,System VITAL Suplai Daya Modul IR17/RIO2 Normal,1,1,,,lain-lain,SLO,286,0,288
4290,SLO-V-IR17/RIO2-TEMP-OK,System VITAL Modul IR17/RIO2 Temperatur Melebihi Batas,System VITAL Temperatur Modul IR17/RIO2 Normal,1,1,,,lain-lain,SLO,286,1,289
4291,SLO-V-IR17/RIO2-COMM-OK,System VITAL Modul IR17/RIO2 Gangguan Komunikasi,System VITAL Komunikasi Modul IR17/RIO2 Normal,1,1,,,lain-lain,SLO,286,2,290
4292,SLO-V-IR17/RIO2-COMM-DO,,,,,,,lain-lain,SLO,286,3,291
4293,SLO-V-IR18/RIO1-OK,System VITAL Modul IR18/RIO1 Gangguan,System VITAL Modul IR18/RIO1 Normal,1,1,,,lain-lain,SLO,286,4,292
4294,SLO-V-IR18/RIO1-POW-OK,System VITAL Modul IR18/RIO1 Gangguan Suplai Daya,System VITAL Suplai Daya Modul IR18/RIO1 Normal,1,1,,,lain-lain,SLO,286,5,293
4295,SLO-V-IR18/RIO1-TEMP-OK,System VITAL Modul IR18/RIO1 Temperatur Melebihi Batas,System VITAL Temperatur Modul IR18/RIO1 Normal,1,1,,,lain-lain,SLO,286,6,294
4296,SLO-V-IR18/RIO1-COMM-OK,System VITAL Modul IR18/RIO1 Gangguan Komunikasi,System VITAL Komunikasi Modul IR18/RIO1 Normal,1,1,,,lain-lain,SLO,286,7,295
4297,SLO-V-IR18/RIO1-COMM-DO,,,,,,,lain-lain,SLO,286,8,296
4298,SLO-V-IR18/RIO2-OK,System VITAL Modul IR18/RIO2 Gangguan,System VITAL Modul IR18/RIO2 Normal,1,1,,,lain-lain,SLO,286,9,297
4299,SLO-V-IR18/RIO2-POW-OK,System VITAL Modul IR18/RIO2 Gangguan Suplai Daya,System VITAL Suplai Daya Modul IR18/RIO2 Normal,1,1,,,lain-lain,SLO,286,10,298
4300,SLO-V-IR18/RIO2-TEMP-OK,System VITAL Modul IR18/RIO2 Temperatur Melebihi Batas,System VITAL Temperatur Modul IR18/RIO2 Normal,1,1,,,lain-lain,SLO,286,11,299
4301,SLO-V-IR18/RIO2-COMM-OK,System VITAL Modul IR18/RIO2 Gangguan Komunikasi,System VITAL Komunikasi Modul IR18/RIO2 Normal,1,1,,,lain-lain,SLO,286,12,300
4302,SLO-V-IR18/RIO2-COMM-DO,,,,,,,lain-lain,SLO,286,13,301
4303,SLO-V-IR19/RIO1-OK,System VITAL Modul IR19/RIO1 Gangguan,System VITAL Modul IR19/RIO1 Normal,1,1,,,lain-lain,SLO,286,14,302
4304,SLO-V-IR19/RIO1-POW-OK,System VITAL Modul IR19/RIO1 Gangguan Suplai Daya,System VITAL Suplai Daya Modul IR19/RIO1 Normal,1,1,,,lain-lain,SLO,286,15,303
4305,SLO-V-IR19/RIO1-TEMP-OK,System VITAL Modul IR19/RIO1 Temperatur Melebihi Batas,System VITAL Temperatur Modul IR19/RIO1 Normal,1,1,,,lain-lain,SLO,287,0,304
4306,SLO-V-IR19/RIO1-COMM-OK,System VITAL Modul IR19/RIO1 Gangguan Komunikasi,System VITAL Komunikasi Modul IR19/RIO1 Normal,1,1,,,lain-lain,SLO,287,1,305
4307,SLO-V-IR19/RIO1-COMM-DO,,,,,,,lain-lain,SLO,287,2,306
4308,SLO-V-IR19/RIO2-OK,System VITAL Modul IR19/RIO2 Gangguan,System VITAL Modul IR19/RIO2 Normal,1,1,,,lain-lain,SLO,287,3,307
4309,SLO-V-IR19/RIO2-POW-OK,System VITAL Modul IR19/RIO2 Gangguan Suplai Daya,System VITAL Suplai Daya Modul IR19/RIO2 Normal,1,1,,,lain-lain,SLO,287,4,308
4310,SLO-V-IR19/RIO2-TEMP-OK,System VITAL Modul IR19/RIO2 Temperatur Melebihi Batas,System VITAL Temperatur Modul IR19/RIO2 Normal,1,1,,,lain-lain,SLO,287,5,309
4311,SLO-V-IR19/RIO2-COMM-OK,System VITAL Modul IR19/RIO2 Gangguan Komunikasi,System VITAL Komunikasi Modul IR19/RIO2 Normal,1,1,,,lain-lain,SLO,287,6,310
4312,SLO-V-IR19/RIO2-COMM-DO,,,,,,,lain-lain,SLO,287,7,311
4313,SLO-V-IR19/RIO3-OK,System VITAL Modul IR19/RIO3 Gangguan,System VITAL Modul IR19/RIO3 Normal,1,1,,,lain-lain,SLO,287,8,312
4314,SLO-V-IR19/RIO3-POW-OK,System VITAL Modul IR19/RIO3 Gangguan Suplai Daya,System VITAL Suplai Daya Modul IR19/RIO3 Normal,1,1,,,lain-lain,SLO,287,9,313
4315,SLO-V-IR19/RIO3-TEMP-OK,System VITAL Modul IR19/RIO3 Temperatur Melebihi Batas,System VITAL Temperatur Modul IR19/RIO3 Normal,1,1,,,lain-lain,SLO,287,10,314
4316,SLO-V-IR19/RIO3-COMM-OK,System VITAL Modul IR19/RIO3 Gangguan Komunikasi,System VITAL Komunikasi Modul IR19/RIO3 Normal,1,1,,,lain-lain,SLO,287,11,315
4317,SLO-V-IR19/RIO3-COMM-DO,,,,,,,lain-lain,SLO,287,12,316
4318,SLO-V-IR20/RIO1-OK,System VITAL Modul IR20/RIO1 Gangguan,System VITAL Modul IR20/RIO1 Normal,1,1,,,lain-lain,SLO,287,13,317
4319,SLO-V-IR20/RIO1-POW-OK,System VITAL Modul IR20/RIO1 Gangguan Suplai Daya,System VITAL Suplai Daya Modul IR20/RIO1 Normal,1,1,,,lain-lain,SLO,287,14,318
4320,SLO-V-IR20/RIO1-TEMP-OK,System VITAL Modul IR20/RIO1 Temperatur Melebihi Batas,System VITAL Temperatur Modul IR20/RIO1 Normal,1,1,,,lain-lain,SLO,287,15,319
4321,SLO-V-IR20/RIO1-COMM-OK,System VITAL Modul IR20/RIO1 Gangguan Komunikasi,System VITAL Komunikasi Modul IR20/RIO1 Normal,1,1,,,lain-lain,SLO,288,0,320
4322,SLO-V-IR20/RIO1-COMM-DO,,,,,,,lain-lain,SLO,288,1,321
4323,SLO-V-IR20/RIO2-OK,System VITAL Modul IR20/RIO2 Gangguan,System VITAL Modul IR20/RIO2 Normal,1,1,,,lain-lain,SLO,288,2,322
4324,SLO-V-IR20/RIO2-POW-OK,System VITAL Modul IR20/RIO2 Gangguan Suplai Daya,System VITAL Suplai Daya Modul IR20/RIO2 Normal,1,1,,,lain-lain,SLO,288,3,323
4325,SLO-V-IR20/RIO2-TEMP-OK,System VITAL Modul IR20/RIO2 Temperatur Melebihi Batas,System VITAL Temperatur Modul IR20/RIO2 Normal,1,1,,,lain-lain,SLO,288,4,324
4326,SLO-V-IR20/RIO2-COMM-OK,System VITAL Modul IR20/RIO2 Gangguan Komunikasi,System VITAL Komunikasi Modul IR20/RIO2 Normal,1,1,,,lain-lain,SLO,288,5,325
4327,SLO-V-IR20/RIO2-COMM-DO,,,,,,,lain-lain,SLO,288,6,326
4328,SLO-V-IR21/RIO1-OK,System VITAL Modul IR21/RIO1 Gangguan,System VITAL Modul IR21/RIO1 Normal,1,1,,,lain-lain,SLO,288,7,327
4329,SLO-V-IR21/RIO1-POW-OK,System VITAL Modul IR21/RIO1 Gangguan Suplai Daya,System VITAL Suplai Daya Modul IR21/RIO1 Normal,1,1,,,lain-lain,SLO,288,8,328
4330,SLO-V-IR21/RIO1-TEMP-OK,System VITAL Modul IR21/RIO1 Temperatur Melebihi Batas,System VITAL Temperatur Modul IR21/RIO1 Normal,1,1,,,lain-lain,SLO,288,9,329
4331,SLO-V-IR21/RIO1-COMM-OK,System VITAL Modul IR21/RIO1 Gangguan Komunikasi,System VITAL Komunikasi Modul IR21/RIO1 Normal,1,1,,,lain-lain,SLO,288,10,330
4332,SLO-V-IR21/RIO1-COMM-DO,,,,,,,lain-lain,SLO,288,11,331
4333,SLO-SETEMPAT,,Pelayanan Setempat Telah Aktif,1,1,,,lain-lain,SLO,288,12,332
4334,SLO-SETEMPAT-F,,Proses permintaan kendali Setempat,1,1,,,lain-lain,SLO,288,13,333
4335,SLO-TERPUSAT,,Pelayanan Terpusat Telah Aktif,1,1,,,lain-lain,SLO,288,14,334
4336,SLO-TERPUSAT-F,,Proses permintaan kendali Terpusat,1,1,,,lain-lain,SLO,288,15,335
4337,SLO-UPS2-INVERTER-FAIL,,,,,,,,SLO,289,0,336
4338,SLO-UPS2-LOWBATT,,,,,,,,SLO,289,1,337
4339,SLO-V-IR21/RIO2-OK,,,,,,,,SLO,289,2,338
4340,SLO-V-IR21/RIO2-POW-OK,,,,,,,,SLO,289,3,339
4341,SLO-V-IR21/RIO2-TEMP-OK,,,,,,,,SLO,289,4,340
4342,SLO-V-IR21/RIO2-COMM-OK,,,,,,,,SLO,289,5,341
4343,SLO-V-IR21/RIO2-COMM-DO,,,,,,,,SLO,289,6,342
4344,,,,,,,,,SLO,289,7,343
4345,,,,,,,,,SLO,289,8,344
4346,,,,,,,,,SLO,289,9,345
4347,,,,,,,,,SLO,289,10,346
4348,,,,,,,,,SLO,289,11,347
4349,,,,,,,,,SLO,289,12,348
4350,,,,,,,,,SLO,289,13,349
4351,,,,,,,,,SLO,289,14,350
4352,,,,,,,,,SLO,289,15,351
