Revisi:,,,,,,,,,,,
Atribut:,,,,,,,,,,,
Alamat,Variabel,Ket. Lojik nol,Ket. Lojik Satu,Arsip,Arsip Aktif,Alarm,Alarm Aktif,Kelompok,Stasiun,,
785,YK-AA-BZ-DO,,,,,,,,YK,18,0
786,YK-THB-PBE-DO,,,,,,,,YK,18,1
787,YK-TPR-BANTU-PBE-DO,,,,,,,,YK,18,2
788,YK-SYSTEM-FE-DO,,,,,,,,YK,18,3
789,YK-WARNING-FE-DO,,,,,,,,YK,18,4
790,YK-COMM-FE-DO,,,,,,,,YK,18,5
791,YK-LOGGER-FE-DO,,,,,,,,YK,18,6
792,YK-SWITCH-FE-DO,,,,,,,,YK,18,7
793,YK-SIGNAL-FE-DO,,,,,,,,YK,18,8
794,YK-DIR-FE-DO,,,,,,,,YK,18,9
795,YK-PB-FE-DO,,,,,,,,YK,18,10
796,YK-SUPPLY-PLN-DO,,,,,,,,YK,18,11
797,YK-SUPPLY-UPS-DO,,,,,,,,YK,18,12
798,YK-SUPPLY-GENSET-DO,,,,,,,,YK,18,13
799,YK-PS-NORM-DO,,,,,,,,YK,18,14
800,YK-PS-FE-DO,,,,,,,,YK,18,15
801,YK-GENSET-START-DO,,,,,,,,YK,19,0
802,YK-GENSET-EMPTY-DO,,,,,,,,YK,19,1
803,YK-UPS-INVERTER-DO,,,,,,,,YK,19,2
804,YK-UPS-LOWBATT-DO,,,,,,,,YK,19,3
805,YK-TERPUSAT-DO,,,,,,,,YK,19,4
806,YK-SETEMPAT-DO,,,,,,,,YK,19,5
807,YK-TPR-COUNT-DO,,Penghitung PPR Bertambah Satu,1,1,,,perintah,YK,19,6
808,YK-TSD-COUNT-DO,,Penghitung PSD Bertambah Satu,1,1,,,perintah,YK,19,7
809,YK-TBMS-COUNT-DO,,Penghitung PPMS Bertambah Satu,1,1,,,perintah,YK,19,8
810,YK-TWT-COUNT-DO,,Penghitung PPW Bertambah Satu,1,1,,,perintah,YK,19,9
811,YK-TBW-COUNT-DO,,Penghitung PWD Bertambah Satu,1,1,,,perintah,YK,19,10
812,YK-J10-PBE-DO,,,,,,,,YK,19,11
813,YK-J10-RGE-DO,,,,,,,,YK,19,12
814,YK-J10-CGE-DO,,,,,,,,YK,19,13
815,YK-J10-EGE-DO,,,,,,,,YK,19,14
816,YK-J20-PBE-DO,,,,,,,,YK,19,15
817,YK-J20-EGE-DO,,,,,,,,YK,20,0
818,YK-J14-PBE-DO,,,,,,,,YK,20,1
819,YK-J14-RGE-DO,,,,,,,,YK,20,2
820,YK-J14-CGE-DO,,,,,,,,YK,20,3
821,YK-J14-EGE-DO,,,,,,,,YK,20,4
822,YK-J54-PBE-DO,,,,,,,,YK,20,5
823,YK-J54-RGE-DO,,,,,,,,YK,20,6
824,YK-J54-CGE-DO,,,,,,,,YK,20,7
825,YK-J54-EGE-DO,,,,,,,,YK,20,8
826,YK-JL12B-PBE-DO,,,,,,,,YK,20,9
827,YK-JL12B-RGE-DO,,,,,,,,YK,20,10
828,YK-JL12B-CGE-DO,,,,,,,,YK,20,11
829,YK-JL12B-EGE-DO,,,,,,,,YK,20,12
830,YK-JL12B-WGE-DO,,,,,,,,YK,20,13
831,YK-JL22B-PBE-DO,,,,,,,,YK,20,14
832,YK-JL22B-RGE-DO,,,,,,,,YK,20,15
833,YK-JL22B-CGE-DO,,,,,,,,YK,21,0
834,YK-JL22B-EGE-DO,,,,,,,,YK,21,1
835,YK-JL22B-WGE-DO,,,,,,,,YK,21,2
836,YK-JL42B-PBE-DO,,,,,,,,YK,21,3
837,YK-JL42B-RGE-DO,,,,,,,,YK,21,4
838,YK-JL42B-CGE-DO,,,,,,,,YK,21,5
839,YK-JL42B-EGE-DO,,,,,,,,YK,21,6
840,YK-JL42B-WGE-DO,,,,,,,,YK,21,7
841,YK-JL52B-PBE-DO,,,,,,,,YK,21,8
842,YK-JL52B-RGE-DO,,,,,,,,YK,21,9
843,YK-JL52B-CGE-DO,,,,,,,,YK,21,10
844,YK-JL52B-EGE-DO,,,,,,,,YK,21,11
845,YK-JL52B-WGE-DO,,,,,,,,YK,21,12
846,YK-JL62B-PBE-DO,,,,,,,,YK,21,13
847,YK-JL62B-RGE-DO,,,,,,,,YK,21,14
848,YK-JL62B-CGE-DO,,,,,,,,YK,21,15
849,YK-JL62B-EGE-DO,,,,,,,,YK,22,0
850,YK-JL62B-WGE-DO,,,,,,,,YK,22,1
851,YK-JL72B-PBE-DO,,,,,,,,YK,22,2
852,YK-JL72B-RGE-DO,,,,,,,,YK,22,3
853,YK-JL72B-CGE-DO,,,,,,,,YK,22,4
854,YK-JL72B-EGE-DO,,,,,,,,YK,22,5
855,YK-JL72B-WGE-DO,,,,,,,,YK,22,6
856,YK-JL82B-PBE-DO,,,,,,,,YK,22,7
857,YK-JL82B-RGE-DO,,,,,,,,YK,22,8
858,YK-JL82B-CGE-DO,,,,,,,,YK,22,9
859,YK-JL82B-EGE-DO,,,,,,,,YK,22,10
860,YK-JL82B-WGE-DO,,,,,,,,YK,22,11
861,YK-JL92B-PBE-DO,,,,,,,,YK,22,12
862,YK-JL92B-RGE-DO,,,,,,,,YK,22,13
863,YK-JL92B-CGE-DO,,,,,,,,YK,22,14
864,YK-JL92B-EGE-DO,,,,,,,,YK,22,15
865,YK-JL92B-WGE-DO,,,,,,,,YK,23,0
866,YK-JL12A-PBE-DO,,,,,,,,YK,23,1
867,YK-JL12A-RGE-DO,,,,,,,,YK,23,2
868,YK-JL12A-CGE-DO,,,,,,,,YK,23,3
869,YK-JL12A-EGE-DO,,,,,,,,YK,23,4
870,YK-JL12A-CFGE-DO,,,,,,,,YK,23,5
871,YK-JL12A-WGE-DO,,,,,,,,YK,23,6
872,YK-JL22A-PBE-DO,,,,,,,,YK,23,7
873,YK-JL22A-RGE-DO,,,,,,,,YK,23,8
874,YK-JL22A-CGE-DO,,,,,,,,YK,23,9
875,YK-JL22A-EGE-DO,,,,,,,,YK,23,10
876,YK-JL22A-CFGE-DO,,,,,,,,YK,23,11
877,YK-JL22A-WGE-DO,,,,,,,,YK,23,12
878,YK-JL42A-PBE-DO,,,,,,,,YK,23,13
879,YK-JL42A-RGE-DO,,,,,,,,YK,23,14
880,YK-JL42A-CGE-DO,,,,,,,,YK,23,15
881,YK-JL42A-EGE-DO,,,,,,,,YK,24,0
882,YK-JL42A-WGE-DO,,,,,,,,YK,24,1
883,YK-JL52A-PBE-DO,,,,,,,,YK,24,2
884,YK-JL52A-RGE-DO,,,,,,,,YK,24,3
885,YK-JL52A-CGE-DO,,,,,,,,YK,24,4
886,YK-JL52A-EGE-DO,,,,,,,,YK,24,5
887,YK-JL52A-CFGE-DO,,,,,,,,YK,24,6
888,YK-JL52A-WGE-DO,,,,,,,,YK,24,7
889,YK-JL62A-PBE-DO,,,,,,,,YK,24,8
890,YK-JL62A-RGE-DO,,,,,,,,YK,24,9
891,YK-JL62A-CGE-DO,,,,,,,,YK,24,10
892,YK-JL62A-EGE-DO,,,,,,,,YK,24,11
893,YK-JL62A-WGE-DO,,,,,,,,YK,24,12
894,YK-JL72A-PBE-DO,,,,,,,,YK,24,13
895,YK-JL72A-RGE-DO,,,,,,,,YK,24,14
896,YK-JL72A-CGE-DO,,,,,,,,YK,24,15
897,YK-JL72A-EGE-DO,,,,,,,,YK,25,0
898,YK-JL72A-WGE-DO,,,,,,,,YK,25,1
899,YK-JL82A-PBE-DO,,,,,,,,YK,25,2
900,YK-JL82A-RGE-DO,,,,,,,,YK,25,3
901,YK-JL82A-CGE-DO,,,,,,,,YK,25,4
902,YK-JL82A-EGE-DO,,,,,,,,YK,25,5
903,YK-JL82A-WGE-DO,,,,,,,,YK,25,6
904,YK-JL92A-PBE-DO,,,,,,,,YK,25,7
905,YK-JL92A-RGE-DO,,,,,,,,YK,25,8
906,YK-JL92A-CGE-DO,,,,,,,,YK,25,9
907,YK-JL92A-EGE-DO,,,,,,,,YK,25,10
908,YK-JL92A-WGE-DO,,,,,,,,YK,25,11
909,YK-L11-PBE-DO,,,,,,,,YK,25,12
910,YK-L11-RGE-DO,,,,,,,,YK,25,13
911,YK-L11-WGE-DO,,,,,,,,YK,25,14
912,YK-L20-PBE-DO,,,,,,,,YK,25,15
913,YK-L20-RGE-DO,,,,,,,,YK,26,0
914,YK-L20-WGE-DO,,,,,,,,YK,26,1
915,YK-L21A-PBE-DO,,,,,,,,YK,26,2
916,YK-L21A-RGE-DO,,,,,,,,YK,26,3
917,YK-L21A-WGE-DO,,,,,,,,YK,26,4
918,YK-L21B-PBE-DO,,,,,,,,YK,26,5
919,YK-L21B-RGE-DO,,,,,,,,YK,26,6
920,YK-L21B-WGE-DO,,,,,,,,YK,26,7
921,YK-L51A-PBE-DO,,,,,,,,YK,26,8
922,YK-L51A-RGE-DO,,,,,,,,YK,26,9
923,YK-L51A-WGE-DO,,,,,,,,YK,26,10
924,YK-L51B-PBE-DO,,,,,,,,YK,26,11
925,YK-L51B-RGE-DO,,,,,,,,YK,26,12
926,YK-L51B-WGE-DO,,,,,,,,YK,26,13
927,YK-L30-PBE-DO,,,,,,,,YK,26,14
928,YK-L30-RGE-DO,,,,,,,,YK,26,15
929,YK-L30-WGE-DO,,,,,,,,YK,27,0
930,YK-L32-PBE-DO,,,,,,,,YK,27,1
931,YK-L32-RGE-DO,,,,,,,,YK,27,2
932,YK-L32-WGE-DO,,,,,,,,YK,27,3
933,YK-L40-PBE-DO,,,,,,,,YK,27,4
934,YK-L40-RGE-DO,,,,,,,,YK,27,5
935,YK-L40-WGE-DO,,,,,,,,YK,27,6
936,YK-L80-PBE-DO,,,,,,,,YK,27,7
937,YK-L80-RGE-DO,,,,,,,,YK,27,8
938,YK-L80-WGE-DO,,,,,,,,YK,27,9
939,YK-L100-PBE-DO,,,,,,,,YK,27,10
940,YK-L100-RGE-DO,,,,,,,,YK,27,11
941,YK-L100-WGE-DO,,,,,,,,YK,27,12
942,YK-L102-PBE-DO,,,,,,,,YK,27,13
943,YK-L102-RGE-DO,,,,,,,,YK,27,14
944,YK-L102-WGE-DO,,,,,,,,YK,27,15
945,YK-L14-PBE-DO,,,,,,,,YK,28,0
946,YK-L14-RGE-DO,,,,,,,,YK,28,1
947,YK-L14-WGE-DO,,,,,,,,YK,28,2
948,YK-L54-PBE-DO,,,,,,,,YK,28,3
949,YK-L54-RGE-DO,,,,,,,,YK,28,4
950,YK-L54-WGE-DO,,,,,,,,YK,28,5
951,YK-L13A-PBE-DO,,,,,,,,YK,28,6
952,YK-L13A-RGE-DO,,,,,,,,YK,28,7
953,YK-L13A-WGE-DO,,,,,,,,YK,28,8
954,YK-L13B-PBE-DO,,,,,,,,YK,28,9
955,YK-L13B-RGE-DO,,,,,,,,YK,28,10
956,YK-L13B-WGE-DO,,,,,,,,YK,28,11
957,YK-L53A-PBE-DO,,,,,,,,YK,28,12
958,YK-L53A-RGE-DO,,,,,,,,YK,28,13
959,YK-L53A-WGE-DO,,,,,,,,YK,28,14
960,YK-L53B-PBE-DO,,,,,,,,YK,28,15
961,YK-L53B-RGE-DO,,,,,,,,YK,29,0
962,YK-L53B-WGE-DO,,,,,,,,YK,29,1
963,YK-L24-PBE-DO,,,,,,,,YK,29,2
964,YK-L24-RGE-DO,,,,,,,,YK,29,3
965,YK-L24-WGE-DO,,,,,,,,YK,29,4
966,YK-L44-PBE-DO,,,,,,,,YK,29,5
967,YK-L44-RGE-DO,,,,,,,,YK,29,6
968,YK-L44-WGE-DO,,,,,,,,YK,29,7
969,YK-L64-PBE-DO,,,,,,,,YK,29,8
970,YK-L64-RGE-DO,,,,,,,,YK,29,9
971,YK-L64-WGE-DO,,,,,,,,YK,29,10
972,YK-L84-PBE-DO,,,,,,,,YK,29,11
973,YK-L84-RGE-DO,,,,,,,,YK,29,12
974,YK-L84-WGE-DO,,,,,,,,YK,29,13
975,YK-X20-PBE-DO,,,,,,,,YK,29,14
976,YK-X30-PBE-DO,,,,,,,,YK,29,15
977,YK-X32-PBE-DO,,,,,,,,YK,30,0
978,YK-X40-PBE-DO,,,,,,,,YK,30,1
979,YK-X80-PBE-DO,,,,,,,,YK,30,2
980,YK-X100-PBE-DO,,,,,,,,YK,30,3
981,YK-X102-PBE-DO,,,,,,,,YK,30,4
982,YK-X14-PBE-DO,,,,,,,,YK,30,5
983,YK-X54-PBE-DO,,,,,,,,YK,30,6
984,YK-X24-PBE-DO,,,,,,,,YK,30,7
985,YK-X44-PBE-DO,,,,,,,,YK,30,8
986,YK-X64-PBE-DO,,,,,,,,YK,30,9
987,YK-X84-PBE-DO,,,,,,,,YK,30,10
988,YK-MJ10-CGE-DO,,,,,,,,YK,30,11
989,YK-W11A-BE-DO,,,,,,,,YK,30,12
990,YK-W11A-LE-DO,,,,,,,,YK,30,13
991,YK-W11A-NWE-DO,,,,,,,,YK,30,14
992,YK-W11A-NWTE-DO,,,,,,,,YK,30,15
993,YK-W11A-NTE-DO,,,,,,,,YK,31,0
994,YK-W11A-NRE-DO,,,,,,,,YK,31,1
995,YK-W11A-RWE-DO,,,,,,,,YK,31,2
996,YK-W11A-RWTE-DO,,,,,,,,YK,31,3
997,YK-W11A-RTE-DO,,,,,,,,YK,31,4
998,YK-W11A-RRE-DO,,,,,,,,YK,31,5
999,YK-W21A-BE-DO,,,,,,,,YK,31,6
1000,YK-W21A-LE-DO,,,,,,,,YK,31,7
1001,YK-W21A-NWE-DO,,,,,,,,YK,31,8
1002,YK-W21A-NWTE-DO,,,,,,,,YK,31,9
1003,YK-W21A-NTE-DO,,,,,,,,YK,31,10
1004,YK-W21A-NRE-DO,,,,,,,,YK,31,11
1005,YK-W21A-RWE-DO,,,,,,,,YK,31,12
1006,YK-W21A-RWTE-DO,,,,,,,,YK,31,13
1007,YK-W21A-RTE-DO,,,,,,,,YK,31,14
1008,YK-W21A-RRE-DO,,,,,,,,YK,31,15
1009,YK-W11B-BE-DO,,,,,,,,YK,32,0
1010,YK-W11B-LE-DO,,,,,,,,YK,32,1
1011,YK-W11B-NWE-DO,,,,,,,,YK,32,2
1012,YK-W11B-NWTE-DO,,,,,,,,YK,32,3
1013,YK-W11B-NTE-DO,,,,,,,,YK,32,4
1014,YK-W11B-NRE-DO,,,,,,,,YK,32,5
1015,YK-W11B-RWE-DO,,,,,,,,YK,32,6
1016,YK-W11B-RWTE-DO,,,,,,,,YK,32,7
1017,YK-W11B-RTE-DO,,,,,,,,YK,32,8
1018,YK-W11B-RRE-DO,,,,,,,,YK,32,9
1019,YK-W11C-BE-DO,,,,,,,,YK,32,10
1020,YK-W11C-LE-DO,,,,,,,,YK,32,11
1021,YK-W11C-NWE-DO,,,,,,,,YK,32,12
1022,YK-W11C-NWTE-DO,,,,,,,,YK,32,13
1023,YK-W11C-NTE-DO,,,,,,,,YK,32,14
1024,YK-W11C-NRE-DO,,,,,,,,YK,32,15
1025,YK-W11C-RWE-DO,,,,,,,,YK,33,0
1026,YK-W11C-RWTE-DO,,,,,,,,YK,33,1
1027,YK-W11C-RTE-DO,,,,,,,,YK,33,2
1028,YK-W11C-RRE-DO,,,,,,,,YK,33,3
1029,YK-W21B-BE-DO,,,,,,,,YK,33,4
1030,YK-W21B-LE-DO,,,,,,,,YK,33,5
1031,YK-W21B-NWE-DO,,,,,,,,YK,33,6
1032,YK-W21B-NWTE-DO,,,,,,,,YK,33,7
1033,YK-W21B-NTE-DO,,,,,,,,YK,33,8
1034,YK-W21B-NRE-DO,,,,,,,,YK,33,9
1035,YK-W21B-RWE-DO,,,,,,,,YK,33,10
1036,YK-W21B-RWTE-DO,,,,,,,,YK,33,11
1037,YK-W21B-RTE-DO,,,,,,,,YK,33,12
1038,YK-W21B-RRE-DO,,,,,,,,YK,33,13
1039,YK-W11D-BE-DO,,,,,,,,YK,33,14
1040,YK-W11D-LE-DO,,,,,,,,YK,33,15
1041,YK-W11D-NWE-DO,,,,,,,,YK,34,0
1042,YK-W11D-NWTE-DO,,,,,,,,YK,34,1
1043,YK-W11D-NTE-DO,,,,,,,,YK,34,2
1044,YK-W11D-NRE-DO,,,,,,,,YK,34,3
1045,YK-W11D-RWE-DO,,,,,,,,YK,34,4
1046,YK-W11D-RWTE-DO,,,,,,,,YK,34,5
1047,YK-W11D-RTE-DO,,,,,,,,YK,34,6
1048,YK-W11D-RRE-DO,,,,,,,,YK,34,7
1049,YK-W31-BE-DO,,,,,,,,YK,34,8
1050,YK-W31-LE-DO,,,,,,,,YK,34,9
1051,YK-W31-NWE-DO,,,,,,,,YK,34,10
1052,YK-W31-NWTE-DO,,,,,,,,YK,34,11
1053,YK-W31-NTE-DO,,,,,,,,YK,34,12
1054,YK-W31-NRE-DO,,,,,,,,YK,34,13
1055,YK-W31-RWE-DO,,,,,,,,YK,34,14
1056,YK-W31-RWTE-DO,,,,,,,,YK,34,15
1057,YK-W31-RTE-DO,,,,,,,,YK,35,0
1058,YK-W31-RRE-DO,,,,,,,,YK,35,1
1059,YK-W11E-BE-DO,,,,,,,,YK,35,2
1060,YK-W11E-LE-DO,,,,,,,,YK,35,3
1061,YK-W11E-NWE-DO,,,,,,,,YK,35,4
1062,YK-W11E-NWTE-DO,,,,,,,,YK,35,5
1063,YK-W11E-NTE-DO,,,,,,,,YK,35,6
1064,YK-W11E-NRE-DO,,,,,,,,YK,35,7
1065,YK-W11E-RWE-DO,,,,,,,,YK,35,8
1066,YK-W11E-RWTE-DO,,,,,,,,YK,35,9
1067,YK-W11E-RTE-DO,,,,,,,,YK,35,10
1068,YK-W11E-RRE-DO,,,,,,,,YK,35,11
1069,YK-W21C-BE-DO,,,,,,,,YK,35,12
1070,YK-W21C-LE-DO,,,,,,,,YK,35,13
1071,YK-W21C-NWE-DO,,,,,,,,YK,35,14
1072,YK-W21C-NWTE-DO,,,,,,,,YK,35,15
1073,YK-W21C-NTE-DO,,,,,,,,YK,36,0
1074,YK-W21C-NRE-DO,,,,,,,,YK,36,1
1075,YK-W21C-RWE-DO,,,,,,,,YK,36,2
1076,YK-W21C-RWTE-DO,,,,,,,,YK,36,3
1077,YK-W21C-RTE-DO,,,,,,,,YK,36,4
1078,YK-W21C-RRE-DO,,,,,,,,YK,36,5
1079,YK-W21D-BE-DO,,,,,,,,YK,36,6
1080,YK-W21D-LE-DO,,,,,,,,YK,36,7
1081,YK-W21D-NWE-DO,,,,,,,,YK,36,8
1082,YK-W21D-NWTE-DO,,,,,,,,YK,36,9
1083,YK-W21D-NTE-DO,,,,,,,,YK,36,10
1084,YK-W21D-NRE-DO,,,,,,,,YK,36,11
1085,YK-W21D-RWE-DO,,,,,,,,YK,36,12
1086,YK-W21D-RWTE-DO,,,,,,,,YK,36,13
1087,YK-W21D-RTE-DO,,,,,,,,YK,36,14
1088,YK-W21D-RRE-DO,,,,,,,,YK,36,15
1089,YK-W41A-BE-DO,,,,,,,,YK,37,0
1090,YK-W41A-LE-DO,,,,,,,,YK,37,1
1091,YK-W41A-NWE-DO,,,,,,,,YK,37,2
1092,YK-W41A-NWTE-DO,,,,,,,,YK,37,3
1093,YK-W41A-NTE-DO,,,,,,,,YK,37,4
1094,YK-W41A-NRE-DO,,,,,,,,YK,37,5
1095,YK-W41A-RWE-DO,,,,,,,,YK,37,6
1096,YK-W41A-RWTE-DO,,,,,,,,YK,37,7
1097,YK-W41A-RTE-DO,,,,,,,,YK,37,8
1098,YK-W41A-RRE-DO,,,,,,,,YK,37,9
1099,YK-W41B-BE-DO,,,,,,,,YK,37,10
1100,YK-W41B-LE-DO,,,,,,,,YK,37,11
1101,YK-W41B-NWE-DO,,,,,,,,YK,37,12
1102,YK-W41B-NWTE-DO,,,,,,,,YK,37,13
1103,YK-W41B-NTE-DO,,,,,,,,YK,37,14
1104,YK-W41B-NRE-DO,,,,,,,,YK,37,15
1105,YK-W41B-RWE-DO,,,,,,,,YK,38,0
1106,YK-W41B-RWTE-DO,,,,,,,,YK,38,1
1107,YK-W41B-RTE-DO,,,,,,,,YK,38,2
1108,YK-W41B-RRE-DO,,,,,,,,YK,38,3
1109,YK-W51-BE-DO,,,,,,,,YK,38,4
1110,YK-W51-LE-DO,,,,,,,,YK,38,5
1111,YK-W51-NWE-DO,,,,,,,,YK,38,6
1112,YK-W51-NWTE-DO,,,,,,,,YK,38,7
1113,YK-W51-NTE-DO,,,,,,,,YK,38,8
1114,YK-W51-NRE-DO,,,,,,,,YK,38,9
1115,YK-W51-RWE-DO,,,,,,,,YK,38,10
1116,YK-W51-RWTE-DO,,,,,,,,YK,38,11
1117,YK-W51-RTE-DO,,,,,,,,YK,38,12
1118,YK-W51-RRE-DO,,,,,,,,YK,38,13
1119,YK-W61-BE-DO,,,,,,,,YK,38,14
1120,YK-W61-LE-DO,,,,,,,,YK,38,15
1121,YK-W61-NWE-DO,,,,,,,,YK,39,0
1122,YK-W61-NWTE-DO,,,,,,,,YK,39,1
1123,YK-W61-NTE-DO,,,,,,,,YK,39,2
1124,YK-W61-NRE-DO,,,,,,,,YK,39,3
1125,YK-W61-RWE-DO,,,,,,,,YK,39,4
1126,YK-W61-RWTE-DO,,,,,,,,YK,39,5
1127,YK-W61-RTE-DO,,,,,,,,YK,39,6
1128,YK-W61-RRE-DO,,,,,,,,YK,39,7
1129,YK-W81A-BE-DO,,,,,,,,YK,39,8
1130,YK-W81A-LE-DO,,,,,,,,YK,39,9
1131,YK-W81A-NWE-DO,,,,,,,,YK,39,10
1132,YK-W81A-NWTE-DO,,,,,,,,YK,39,11
1133,YK-W81A-NTE-DO,,,,,,,,YK,39,12
1134,YK-W81A-NRE-DO,,,,,,,,YK,39,13
1135,YK-W81A-RWE-DO,,,,,,,,YK,39,14
1136,YK-W81A-RWTE-DO,,,,,,,,YK,39,15
1137,YK-W81A-RTE-DO,,,,,,,,YK,40,0
1138,YK-W81A-RRE-DO,,,,,,,,YK,40,1
1139,YK-W71-BE-DO,,,,,,,,YK,40,2
1140,YK-W71-LE-DO,,,,,,,,YK,40,3
1141,YK-W71-NWE-DO,,,,,,,,YK,40,4
1142,YK-W71-NWTE-DO,,,,,,,,YK,40,5
1143,YK-W71-NTE-DO,,,,,,,,YK,40,6
1144,YK-W71-NRE-DO,,,,,,,,YK,40,7
1145,YK-W71-RWE-DO,,,,,,,,YK,40,8
1146,YK-W71-RWTE-DO,,,,,,,,YK,40,9
1147,YK-W71-RTE-DO,,,,,,,,YK,40,10
1148,YK-W71-RRE-DO,,,,,,,,YK,40,11
1149,YK-W81B-BE-DO,,,,,,,,YK,40,12
1150,YK-W81B-LE-DO,,,,,,,,YK,40,13
1151,YK-W81B-NWE-DO,,,,,,,,YK,40,14
1152,YK-W81B-NWTE-DO,,,,,,,,YK,40,15
1153,YK-W81B-NTE-DO,,,,,,,,YK,41,0
1154,YK-W81B-NRE-DO,,,,,,,,YK,41,1
1155,YK-W81B-RWE-DO,,,,,,,,YK,41,2
1156,YK-W81B-RWTE-DO,,,,,,,,YK,41,3
1157,YK-W81B-RTE-DO,,,,,,,,YK,41,4
1158,YK-W81B-RRE-DO,,,,,,,,YK,41,5
1159,YK-W101-BE-DO,,,,,,,,YK,41,6
1160,YK-W101-LE-DO,,,,,,,,YK,41,7
1161,YK-W101-NWE-DO,,,,,,,,YK,41,8
1162,YK-W101-NWTE-DO,,,,,,,,YK,41,9
1163,YK-W101-NTE-DO,,,,,,,,YK,41,10
1164,YK-W101-NRE-DO,,,,,,,,YK,41,11
1165,YK-W101-RWE-DO,,,,,,,,YK,41,12
1166,YK-W101-RWTE-DO,,,,,,,,YK,41,13
1167,YK-W101-RTE-DO,,,,,,,,YK,41,14
1168,YK-W101-RRE-DO,,,,,,,,YK,41,15
1169,YK-W13A-BE-DO,,,,,,,,YK,42,0
1170,YK-W13A-LE-DO,,,,,,,,YK,42,1
1171,YK-W13A-NWE-DO,,,,,,,,YK,42,2
1172,YK-W13A-NWTE-DO,,,,,,,,YK,42,3
1173,YK-W13A-NTE-DO,,,,,,,,YK,42,4
1174,YK-W13A-NRE-DO,,,,,,,,YK,42,5
1175,YK-W13A-RWE-DO,,,,,,,,YK,42,6
1176,YK-W13A-RWTE-DO,,,,,,,,YK,42,7
1177,YK-W13A-RTE-DO,,,,,,,,YK,42,8
1178,YK-W13A-RRE-DO,,,,,,,,YK,42,9
1179,YK-W23B-BE-DO,,,,,,,,YK,42,10
1180,YK-W23B-LE-DO,,,,,,,,YK,42,11
1181,YK-W23B-NWE-DO,,,,,,,,YK,42,12
1182,YK-W23B-NWTE-DO,,,,,,,,YK,42,13
1183,YK-W23B-NTE-DO,,,,,,,,YK,42,14
1184,YK-W23B-NRE-DO,,,,,,,,YK,42,15
1185,YK-W23B-RWE-DO,,,,,,,,YK,43,0
1186,YK-W23B-RWTE-DO,,,,,,,,YK,43,1
1187,YK-W23B-RTE-DO,,,,,,,,YK,43,2
1188,YK-W23B-RRE-DO,,,,,,,,YK,43,3
1189,YK-W13B-BE-DO,,,,,,,,YK,43,4
1190,YK-W13B-LE-DO,,,,,,,,YK,43,5
1191,YK-W13B-NWE-DO,,,,,,,,YK,43,6
1192,YK-W13B-NWTE-DO,,,,,,,,YK,43,7
1193,YK-W13B-NTE-DO,,,,,,,,YK,43,8
1194,YK-W13B-NRE-DO,,,,,,,,YK,43,9
1195,YK-W13B-RWE-DO,,,,,,,,YK,43,10
1196,YK-W13B-RWTE-DO,,,,,,,,YK,43,11
1197,YK-W13B-RTE-DO,,,,,,,,YK,43,12
1198,YK-W13B-RRE-DO,,,,,,,,YK,43,13
1199,YK-W53B-BE-DO,,,,,,,,YK,43,14
1200,YK-W53B-LE-DO,,,,,,,,YK,43,15
1201,YK-W53B-NWE-DO,,,,,,,,YK,44,0
1202,YK-W53B-NWTE-DO,,,,,,,,YK,44,1
1203,YK-W53B-NTE-DO,,,,,,,,YK,44,2
1204,YK-W53B-NRE-DO,,,,,,,,YK,44,3
1205,YK-W53B-RWE-DO,,,,,,,,YK,44,4
1206,YK-W53B-RWTE-DO,,,,,,,,YK,44,5
1207,YK-W53B-RTE-DO,,,,,,,,YK,44,6
1208,YK-W53B-RRE-DO,,,,,,,,YK,44,7
1209,YK-W13C-BE-DO,,,,,,,,YK,44,8
1210,YK-W13C-LE-DO,,,,,,,,YK,44,9
1211,YK-W13C-NWE-DO,,,,,,,,YK,44,10
1212,YK-W13C-NWTE-DO,,,,,,,,YK,44,11
1213,YK-W13C-NTE-DO,,,,,,,,YK,44,12
1214,YK-W13C-NRE-DO,,,,,,,,YK,44,13
1215,YK-W13C-RWE-DO,,,,,,,,YK,44,14
1216,YK-W13C-RWTE-DO,,,,,,,,YK,44,15
1217,YK-W13C-RTE-DO,,,,,,,,YK,45,0
1218,YK-W13C-RRE-DO,,,,,,,,YK,45,1
1219,YK-W53C-BE-DO,,,,,,,,YK,45,2
1220,YK-W53C-LE-DO,,,,,,,,YK,45,3
1221,YK-W53C-NWE-DO,,,,,,,,YK,45,4
1222,YK-W53C-NWTE-DO,,,,,,,,YK,45,5
1223,YK-W53C-NTE-DO,,,,,,,,YK,45,6
1224,YK-W53C-NRE-DO,,,,,,,,YK,45,7
1225,YK-W53C-RWE-DO,,,,,,,,YK,45,8
1226,YK-W53C-RWTE-DO,,,,,,,,YK,45,9
1227,YK-W53C-RTE-DO,,,,,,,,YK,45,10
1228,YK-W53C-RRE-DO,,,,,,,,YK,45,11
1229,YK-W23A-BE-DO,,,,,,,,YK,45,12
1230,YK-W23A-LE-DO,,,,,,,,YK,45,13
1231,YK-W23A-NWE-DO,,,,,,,,YK,45,14
1232,YK-W23A-NWTE-DO,,,,,,,,YK,45,15
1233,YK-W23A-NTE-DO,,,,,,,,YK,46,0
1234,YK-W23A-NRE-DO,,,,,,,,YK,46,1
1235,YK-W23A-RWE-DO,,,,,,,,YK,46,2
1236,YK-W23A-RWTE-DO,,,,,,,,YK,46,3
1237,YK-W23A-RTE-DO,,,,,,,,YK,46,4
1238,YK-W23A-RRE-DO,,,,,,,,YK,46,5
1239,YK-W43B-BE-DO,,,,,,,,YK,46,6
1240,YK-W43B-LE-DO,,,,,,,,YK,46,7
1241,YK-W43B-NWE-DO,,,,,,,,YK,46,8
1242,YK-W43B-NWTE-DO,,,,,,,,YK,46,9
1243,YK-W43B-NTE-DO,,,,,,,,YK,46,10
1244,YK-W43B-NRE-DO,,,,,,,,YK,46,11
1245,YK-W43B-RWE-DO,,,,,,,,YK,46,12
1246,YK-W43B-RWTE-DO,,,,,,,,YK,46,13
1247,YK-W43B-RTE-DO,,,,,,,,YK,46,14
1248,YK-W43B-RRE-DO,,,,,,,,YK,46,15
1249,YK-W43A-BE-DO,,,,,,,,YK,47,0
1250,YK-W43A-LE-DO,,,,,,,,YK,47,1
1251,YK-W43A-NWE-DO,,,,,,,,YK,47,2
1252,YK-W43A-NWTE-DO,,,,,,,,YK,47,3
1253,YK-W43A-NTE-DO,,,,,,,,YK,47,4
1254,YK-W43A-NRE-DO,,,,,,,,YK,47,5
1255,YK-W43A-RWE-DO,,,,,,,,YK,47,6
1256,YK-W43A-RWTE-DO,,,,,,,,YK,47,7
1257,YK-W43A-RTE-DO,,,,,,,,YK,47,8
1258,YK-W43A-RRE-DO,,,,,,,,YK,47,9
1259,YK-W63B-BE-DO,,,,,,,,YK,47,10
1260,YK-W63B-LE-DO,,,,,,,,YK,47,11
1261,YK-W63B-NWE-DO,,,,,,,,YK,47,12
1262,YK-W63B-NWTE-DO,,,,,,,,YK,47,13
1263,YK-W63B-NTE-DO,,,,,,,,YK,47,14
1264,YK-W63B-NRE-DO,,,,,,,,YK,47,15
1265,YK-W63B-RWE-DO,,,,,,,,YK,48,0
1266,YK-W63B-RWTE-DO,,,,,,,,YK,48,1
1267,YK-W63B-RTE-DO,,,,,,,,YK,48,2
1268,YK-W63B-RRE-DO,,,,,,,,YK,48,3
1269,YK-W53A-BE-DO,,,,,,,,YK,48,4
1270,YK-W53A-LE-DO,,,,,,,,YK,48,5
1271,YK-W53A-NWE-DO,,,,,,,,YK,48,6
1272,YK-W53A-NWTE-DO,,,,,,,,YK,48,7
1273,YK-W53A-NTE-DO,,,,,,,,YK,48,8
1274,YK-W53A-NRE-DO,,,,,,,,YK,48,9
1275,YK-W53A-RWE-DO,,,,,,,,YK,48,10
1276,YK-W53A-RWTE-DO,,,,,,,,YK,48,11
1277,YK-W53A-RTE-DO,,,,,,,,YK,48,12
1278,YK-W53A-RRE-DO,,,,,,,,YK,48,13
1279,YK-W63A-BE-DO,,,,,,,,YK,48,14
1280,YK-W63A-LE-DO,,,,,,,,YK,48,15
1281,YK-W63A-NWE-DO,,,,,,,,YK,49,0
1282,YK-W63A-NWTE-DO,,,,,,,,YK,49,1
1283,YK-W63A-NTE-DO,,,,,,,,YK,49,2
1284,YK-W63A-NRE-DO,,,,,,,,YK,49,3
1285,YK-W63A-RWE-DO,,,,,,,,YK,49,4
1286,YK-W63A-RWTE-DO,,,,,,,,YK,49,5
1287,YK-W63A-RTE-DO,,,,,,,,YK,49,6
1288,YK-W63A-RRE-DO,,,,,,,,YK,49,7
1289,YK-W83-BE-DO,,,,,,,,YK,49,8
1290,YK-W83-LE-DO,,,,,,,,YK,49,9
1291,YK-W83-NWE-DO,,,,,,,,YK,49,10
1292,YK-W83-NWTE-DO,,,,,,,,YK,49,11
1293,YK-W83-NTE-DO,,,,,,,,YK,49,12
1294,YK-W83-NRE-DO,,,,,,,,YK,49,13
1295,YK-W83-RWE-DO,,,,,,,,YK,49,14
1296,YK-W83-RWTE-DO,,,,,,,,YK,49,15
1297,YK-W83-RTE-DO,,,,,,,,YK,50,0
1298,YK-W83-RRE-DO,,,,,,,,YK,50,1
1299,YK-W73-BE-DO,,,,,,,,YK,50,2
1300,YK-W73-LE-DO,,,,,,,,YK,50,3
1301,YK-W73-NWE-DO,,,,,,,,YK,50,4
1302,YK-W73-NWTE-DO,,,,,,,,YK,50,5
1303,YK-W73-NTE-DO,,,,,,,,YK,50,6
1304,YK-W73-NRE-DO,,,,,,,,YK,50,7
1305,YK-W73-RWE-DO,,,,,,,,YK,50,8
1306,YK-W73-RWTE-DO,,,,,,,,YK,50,9
1307,YK-W73-RTE-DO,,,,,,,,YK,50,10
1308,YK-W73-RRE-DO,,,,,,,,YK,50,11
1309,YK-10A-TE-DO,,,,,,,,YK,50,12
1310,YK-10A-RE-DO,,,,,,,,YK,50,13
1311,YK-10B-TE-DO,,,,,,,,YK,50,14
1312,YK-10B-RE-DO,,,,,,,,YK,50,15
1313,YK-10C-TE-DO,,,,,,,,YK,51,0
1314,YK-10C-RE-DO,,,,,,,,YK,51,1
1315,YK-10D-TE-DO,,,,,,,,YK,51,2
1316,YK-10D-RE-DO,,,,,,,,YK,51,3
1317,YK-10E-TE-DO,,,,,,,,YK,51,4
1318,YK-10E-RE-DO,,,,,,,,YK,51,5
1319,YK-10F-TE-DO,,,,,,,,YK,51,6
1320,YK-10F-RE-DO,,,,,,,,YK,51,7
1321,YK-11A-TE-DO,,,,,,,,YK,51,8
1322,YK-11A-RE-DO,,,,,,,,YK,51,9
1323,YK-11B-TE-DO,,,,,,,,YK,51,10
1324,YK-11B-RE-DO,,,,,,,,YK,51,11
1325,YK-11C-TE-DO,,,,,,,,YK,51,12
1326,YK-11C-RE-DO,,,,,,,,YK,51,13
1327,YK-11D-TE-DO,,,,,,,,YK,51,14
1328,YK-11D-RE-DO,,,,,,,,YK,51,15
1329,YK-12-TE-DO,,,,,,,,YK,52,0
1330,YK-12-RE-DO,,,,,,,,YK,52,1
1331,YK-13A-TE-DO,,,,,,,,YK,52,2
1332,YK-13A-RE-DO,,,,,,,,YK,52,3
1333,YK-13B-TE-DO,,,,,,,,YK,52,4
1334,YK-13B-RE-DO,,,,,,,,YK,52,5
1335,YK-13C-TE-DO,,,,,,,,YK,52,6
1336,YK-13C-RE-DO,,,,,,,,YK,52,7
1337,YK-13D-TE-DO,,,,,,,,YK,52,8
1338,YK-13D-RE-DO,,,,,,,,YK,52,9
1339,YK-13E-TE-DO,,,,,,,,YK,52,10
1340,YK-13E-RE-DO,,,,,,,,YK,52,11
1341,YK-14A-TE-DO,,,,,,,,YK,52,12
1342,YK-14A-RE-DO,,,,,,,,YK,52,13
1343,YK-14B-TE-DO,,,,,,,,YK,52,14
1344,YK-14B-RE-DO,,,,,,,,YK,52,15
1345,,,,,,,,,YK,53,0
1346,,,,,,,,,YK,53,1
1347,YK-20A-TE-DO,,,,,,,,YK,53,2
1348,YK-20A-RE-DO,,,,,,,,YK,53,3
1349,YK-20B-TE-DO,,,,,,,,YK,53,4
1350,YK-20B-RE-DO,,,,,,,,YK,53,5
1351,YK-20C-TE-DO,,,,,,,,YK,53,6
1352,YK-20C-RE-DO,,,,,,,,YK,53,7
1353,YK-20D-TE-DO,,,,,,,,YK,53,8
1354,YK-20D-RE-DO,,,,,,,,YK,53,9
1355,YK-20E-TE-DO,,,,,,,,YK,53,10
1356,YK-20E-RE-DO,,,,,,,,YK,53,11
1357,YK-20F-TE-DO,,,,,,,,YK,53,12
1358,YK-20F-RE-DO,,,,,,,,YK,53,13
1359,YK-21A-TE-DO,,,,,,,,YK,53,14
1360,YK-21A-RE-DO,,,,,,,,YK,53,15
1361,YK-21B-TE-DO,,,,,,,,YK,54,0
1362,YK-21B-RE-DO,,,,,,,,YK,54,1
1363,YK-21C-TE-DO,,,,,,,,YK,54,2
1364,YK-21C-RE-DO,,,,,,,,YK,54,3
1365,YK-22-TE-DO,,,,,,,,YK,54,4
1366,YK-22-RE-DO,,,,,,,,YK,54,5
1367,YK-23-TE-DO,,,,,,,,YK,54,6
1368,YK-23-RE-DO,,,,,,,,YK,54,7
1369,YK-24-TE-DO,,,,,,,,YK,54,8
1370,YK-24-RE-DO,,,,,,,,YK,54,9
1371,YK-31-TE-DO,,,,,,,,YK,54,10
1372,YK-31-RE-DO,,,,,,,,YK,54,11
1373,YK-41A-TE-DO,,,,,,,,YK,54,12
1374,YK-41A-RE-DO,,,,,,,,YK,54,13
1375,YK-41B-TE-DO,,,,,,,,YK,54,14
1376,YK-41B-RE-DO,,,,,,,,YK,54,15
1377,YK-42-TE-DO,,,,,,,,YK,55,0
1378,YK-42-RE-DO,,,,,,,,YK,55,1
1379,YK-43-TE-DO,,,,,,,,YK,55,2
1380,YK-43-RE-DO,,,,,,,,YK,55,3
1381,YK-44-TE-DO,,,,,,,,YK,55,4
1382,YK-44-RE-DO,,,,,,,,YK,55,5
1383,YK-51A-TE-DO,,,,,,,,YK,55,6
1384,YK-51A-RE-DO,,,,,,,,YK,55,7
1385,YK-51B-TE-DO,,,,,,,,YK,55,8
1386,YK-51B-RE-DO,,,,,,,,YK,55,9
1387,YK-52-TE-DO,,,,,,,,YK,55,10
1388,YK-52-RE-DO,,,,,,,,YK,55,11
1389,YK-53A-TE-DO,,,,,,,,YK,55,12
1390,YK-53A-RE-DO,,,,,,,,YK,55,13
1391,YK-53B-TE-DO,,,,,,,,YK,55,14
1392,YK-53B-RE-DO,,,,,,,,YK,55,15
1393,YK-53C-TE-DO,,,,,,,,YK,56,0
1394,YK-53C-RE-DO,,,,,,,,YK,56,1
1395,YK-53D-TE-DO,,,,,,,,YK,56,2
1396,YK-53D-RE-DO,,,,,,,,YK,56,3
1397,YK-54A-TE-DO,,,,,,,,YK,56,4
1398,YK-54A-RE-DO,,,,,,,,YK,56,5
1399,YK-54B-TE-DO,,,,,,,,YK,56,6
1400,YK-54B-RE-DO,,,,,,,,YK,56,7
1401,YK-A14-SFLE-DO,,,,,,,,YK,56,8
1402,YK-A54-SFLE-DO,,,,,,,,YK,56,9
1403,YK-61-TE-DO,,,,,,,,YK,56,10
1404,YK-61-RE-DO,,,,,,,,YK,56,11
1405,YK-62-TE-DO,,,,,,,,YK,56,12
1406,YK-62-RE-DO,,,,,,,,YK,56,13
1407,YK-63-TE-DO,,,,,,,,YK,56,14
1408,YK-63-RE-DO,,,,,,,,YK,56,15
1409,YK-72-TE-DO,,,,,,,,YK,57,0
1410,YK-72-RE-DO,,,,,,,,YK,57,1
1411,YK-81-TE-DO,,,,,,,,YK,57,2
1412,YK-81-RE-DO,,,,,,,,YK,57,3
1413,YK-82-TE-DO,,,,,,,,YK,57,4
1414,YK-82-RE-DO,,,,,,,,YK,57,5
1415,YK-83-TE-DO,,,,,,,,YK,57,6
1416,YK-83-RE-DO,,,,,,,,YK,57,7
1417,YK-92-TE-DO,,,,,,,,YK,57,8
1418,YK-92-RE-DO,,,,,,,,YK,57,9
1419,YK-101-TE-DO,,,,,,,,YK,57,10
1420,YK-101-RE-DO,,,,,,,,YK,57,11
1421,YK-A10-PBE-DO,,,,,,,,YK,57,12
1422,YK-A10-ATE-DO,,,,,,,,YK,57,13
1423,YK-A10-WTE-DO,,,,,,,,YK,57,14
1424,YK-A10-WRE-DO,,,,,,,,YK,57,15
1425,YK-A10-CF-WFE-DO,,,,,,,,YK,58,0
1426,YK-A10-CF-WFLE-DO,,,,,,,,YK,58,1
1427,YK-A10-EFE-DO,,,,,,,,YK,58,2
1428,YK-A10-EFLE-DO,,,,,,,,YK,58,3
1429,YK-A20-PBE-DO,,,,,,,,YK,58,4
1430,YK-A20-ATE-DO,,,,,,,,YK,58,5
1431,YK-A20-WTE-DO,,,,,,,,YK,58,6
1432,YK-A20-WRE-DO,,,,,,,,YK,58,7
1433,YK-A20-WFE-DO,,,,,,,,YK,58,8
1434,YK-A20-WFLE-DO,,,,,,,,YK,58,9
1435,YK-A20-CF-EFE-DO,,,,,,,,YK,58,10
1436,YK-A20-CF-EFLE-DO,,,,,,,,YK,58,11
1437,YK-A14-PBE-DO,,,,,,,,YK,58,12
1438,YK-A14-ATE-DO,,,,,,,,YK,58,13
1439,YK-A14-ETE-DO,,,,,,,,YK,58,14
1440,YK-A14-ERE-DO,,,,,,,,YK,58,15
1441,YK-A14-EFE-DO,,,,,,,,YK,59,0
1442,YK-A14-EFLE-DO,,,,,,,,YK,59,1
1443,YK-A14-WFE-DO,,,,,,,,YK,59,2
1444,YK-A14-WFLE-DO,,,,,,,,YK,59,3
1445,YK-A54-PBE-DO,,,,,,,,YK,59,4
1446,YK-A54-ATE-DO,,,,,,,,YK,59,5
1447,YK-A54-ETE-DO,,,,,,,,YK,59,6
1448,YK-A54-ERE-DO,,,,,,,,YK,59,7
1449,YK-A54-EFE-DO,,,,,,,,YK,59,8
1450,YK-A54-EFLE-DO,,,,,,,,YK,59,9
1451,YK-A54-WFE-DO,,,,,,,,YK,59,10
1452,YK-A54-WFLE-DO,,,,,,,,YK,59,11
1453,YK-JPL736-PBE-DO,,,,,,,,YK,59,12
1454,YK-JPL737-PBE-DO,,,,,,,,YK,59,13
1455,YK-JPL739-PBE-DO,,,,,,,,YK,59,14
1456,YK-JPL3B-PBE-DO,,,,,,,,YK,59,15
1457,YK-JPL3A-PBE-DO,,,,,,,,YK,60,0
1458,YK-14C-TE-DO,,,,,,,,YK,60,1
1459,YK-14C-RE-DO,,,,,,,,YK,60,2
1460,YK-14D-TE-DO,,,,,,,,YK,60,3
1461,YK-14D-RE-DO,,,,,,,,YK,60,4
1462,YK-1215-TE-DO,,,,,,,,YK,60,5
1463,YK-1215-RE-DO,,,,,,,,YK,60,6
1464,YK-24D-TE-DO,,,,,,,,YK,60,7
1465,YK-24D-RE-DO,,,,,,,,YK,60,8
1466,YK-24E-TE-DO,,,,,,,,YK,60,9
1467,YK-24E-RE-DO,,,,,,,,YK,60,10
1468,YK-1225-TE-DO,,,,,,,,YK,60,11
1469,YK-1225-RE-DO,,,,,,,,YK,60,12
1470,YK-JPLPTN-FAIL-DO,,,,,,,,YK,60,13
1471,YK-JPLPTN-NORM-DO,,,,,,,,YK,60,14
1472,,,,,,,,,YK,60,15
1473,YK-PB-FAIL,,Gangguan Tombol,1,1,1,0>1,alarm,YK,61,0
1474,YK-PLN-IN,Gangguan Catu Daya,Catu Daya Menggunakan PLN,1,1,1,1>0,catu daya,YK,61,1
1475,YK-UPS-IN,,Catu Daya Menggunakan UPS,1,1,,,catu daya,YK,61,2
1476,YK-GENSET-IN,,Catu Daya Menggunakan GENSET,1,1,,,catu daya,YK,61,3
1477,YK-GENSET-START-FAIL,,Genset Gagal Beroperasi,1,1,1,0>1,catu daya,YK,61,4
1478,YK-GENSET-LOW-FUEL,,Bahan Bakar Genset Mendekati Habis,1,1,1,0>1,catu daya,YK,61,5
1479,YK-UPS-INVERTER-FAIL,,Inverter UPS Mengalami Gangguan,1,1,1,0>1,catu daya,YK,61,6
1480,YK-UPS-LOWBATT,,Batere UPS Mendekati Habis,1,1,1,0>1,catu daya,YK,61,7
1481,YK-CTC-NV-OK,Gangguan Komunikasi Sistem Nonvital ke CTC Server,Komunikasi Sistem Nonvital ke CTC Server Normal Kembali,1,1,1,1>0,lain-lain,YK,61,8
1482,YK-LAMPTEST,::PENGUJIAN INDIKASI LAMPU LED DAN BUNYI BUZZER SELESAI::,::PENGUJIAN INDIKASI LAMPU LED DAN BUNYI BUZZER DIMULAI::,1,1,,,lain-lain,YK,61,9
1483,YK-LAMP-G,,::PENGUJIAN INDIKASI LAMPU LED WARNA HIJAU::,1,1,,,lain-lain,YK,61,10
1484,YK-LAMP-Y,,::PENGUJIAN INDIKASI LAMPU LED WARNA KUNING::,1,1,,,lain-lain,YK,61,11
1485,YK-LAMP-R,,::PENGUJIAN INDIKASI LAMPU LED WARNA MERAH::,1,1,,,lain-lain,YK,61,12
1486,YK-LAMP-W,,::PENGUJIAN INDIKASI LAMPU LED WARNA PUTIH::,1,1,,,lain-lain,YK,61,13
1487,YK-LAMP-PB,,::PENGUJIAN INDIKASI LAMPU LED TOMBOL::,1,1,,,lain-lain,YK,61,14
1488,YK-TESTBUZZER,,::PENGUJIAN BUNYI BUZZER::,1,1,,,lain-lain,YK,61,15
1489,YK-CS1-COMM-OK,Komunikasi Sistem NON VITAL dengan CTS/CTC Server 1 Gangguan,Komunikasi Sistem NON VITAL dengan CTS/CTC Server 1 Normal,1,1,1,1>0,lain-lain,YK,62,0
1490,YK-CS2-COMM-OK,Komunikasi Sistem NON VITAL dengan CTS/CTC Server 2 Gangguan,Komunikasi Sistem NON VITAL dengan CTS/CTC Server 2 Normal,1,1,1,1>0,lain-lain,YK,62,1
1491,YK-J10-12B-CTRL,Kombinasi Tombol Rute dari J10 ke JL12B tidak Aktif,Kombinasi Tombol Rute dari J10 ke JL12B Aktif,1,1,,,perintah,YK,62,2
1492,YK-J10-12B-RS,Route Stick dari J10 ke JL12B Bebas,Route Stick dari J10 ke JL12B Terbentuk,1,1,,,rute,YK,62,3
1493,YK-J10-12B-E-REQ,Permintaan Rute Darurat dari J10 ke JL12B tidak Aktif,Permintaan Rute Darurat dari J10 ke JL12B Aktif,1,1,,,rute,YK,62,4
1494,YK-J10-12B-E-RST-TE,,Rute Darurat dari J10 ke JL12B Timeout,1,1,,,rute,YK,62,5
1495,YK-J10-12B-T-REQ,Permintaan Rute Normal dari J10 ke JL12B tidak Aktif,Permintaan Rute Normal dari J10 ke JL12B Aktif,1,1,,,rute,YK,62,6
1496,YK-J10-12B-D-REQ,Permintaan Rute Langsung dari J10 ke JL12B tidak Aktif,Permintaan Rute Langsung dari J10 ke JL12B Aktif,1,1,,,rute,YK,62,7
1497,YK-J10-22B-CTRL,Kombinasi Tombol Rute dari J10 ke JL22B tidak Aktif,Kombinasi Tombol Rute dari J10 ke JL22B Aktif,1,1,,,perintah,YK,62,8
1498,YK-J10-22B-RS,Route Stick dari J10 ke JL22B Bebas,Route Stick dari J10 ke JL22B Terbentuk,1,1,,,rute,YK,62,9
1499,YK-J10-22B-E-REQ,Permintaan Rute Darurat dari J10 ke JL22B tidak Aktif,Permintaan Rute Darurat dari J10 ke JL22B Aktif,1,1,,,rute,YK,62,10
1500,YK-J10-22B-E-RST-TE,,Rute Darurat dari J10 ke JL22B Timeout,1,1,,,rute,YK,62,11
1501,YK-J10-22B-T-REQ,Permintaan Rute Normal dari J10 ke JL22B tidak Aktif,Permintaan Rute Normal dari J10 ke JL22B Aktif,1,1,,,rute,YK,62,12
1502,YK-J10-42B-CTRL,Kombinasi Tombol Rute dari J10 ke JL42B tidak Aktif,Kombinasi Tombol Rute dari J10 ke JL42B Aktif,1,1,,,perintah,YK,62,13
1503,YK-J10-42B-RS,Route Stick dari J10 ke JL42B Bebas,Route Stick dari J10 ke JL42B Terbentuk,1,1,,,rute,YK,62,14
1504,YK-J10-42B-E-REQ,Permintaan Rute Darurat dari J10 ke JL42B tidak Aktif,Permintaan Rute Darurat dari J10 ke JL42B Aktif,1,1,,,rute,YK,62,15
1505,YK-J10-42B-E-RST-TE,,Rute Darurat dari J10 ke JL42B Timeout,1,1,,,rute,YK,63,0
1506,YK-J10-42B-T-REQ,Permintaan Rute Normal dari J10 ke JL42B tidak Aktif,Permintaan Rute Normal dari J10 ke JL42B Aktif,1,1,,,rute,YK,63,1
1507,YK-J10-52B-CTRL,Kombinasi Tombol Rute dari J10 ke JL52B tidak Aktif,Kombinasi Tombol Rute dari J10 ke JL52B Aktif,1,1,,,perintah,YK,63,2
1508,YK-J10-52B-RS,Route Stick dari J10 ke JL52B Bebas,Route Stick dari J10 ke JL52B Terbentuk,1,1,,,rute,YK,63,3
1509,YK-J10-52B-E-REQ,Permintaan Rute Darurat dari J10 ke JL52B tidak Aktif,Permintaan Rute Darurat dari J10 ke JL52B Aktif,1,1,,,rute,YK,63,4
1510,YK-J10-52B-E-RST-TE,,Rute Darurat dari J10 ke JL52B Timeout,1,1,,,rute,YK,63,5
1511,YK-J10-52B-T-REQ,Permintaan Rute Normal dari J10 ke JL52B tidak Aktif,Permintaan Rute Normal dari J10 ke JL52B Aktif,1,1,,,rute,YK,63,6
1512,YK-J10-52B-D-REQ,Permintaan Rute Langsung dari J10 ke JL52B tidak Aktif,Permintaan Rute Langsung dari J10 ke JL52B Aktif,1,1,,,rute,YK,63,7
1513,YK-J10-62B-CTRL,Kombinasi Tombol Rute dari J10 ke JL62B tidak Aktif,Kombinasi Tombol Rute dari J10 ke JL62B Aktif,1,1,,,perintah,YK,63,8
1514,YK-J10-62B-RS,Route Stick dari J10 ke JL62B Bebas,Route Stick dari J10 ke JL62B Terbentuk,1,1,,,rute,YK,63,9
1515,YK-J10-62B-E-REQ,Permintaan Rute Darurat dari J10 ke JL62B tidak Aktif,Permintaan Rute Darurat dari J10 ke JL62B Aktif,1,1,,,rute,YK,63,10
1516,YK-J10-62B-E-RST-TE,,Rute Darurat dari J10 ke JL62B Timeout,1,1,,,rute,YK,63,11
1517,YK-J10-62B-T-REQ,Permintaan Rute Normal dari J10 ke JL62B tidak Aktif,Permintaan Rute Normal dari J10 ke JL62B Aktif,1,1,,,rute,YK,63,12
1518,YK-J10-72B-CTRL,Kombinasi Tombol Rute dari J10 ke JL72B tidak Aktif,Kombinasi Tombol Rute dari J10 ke JL72B Aktif,1,1,,,perintah,YK,63,13
1519,YK-J10-72B-RS,Route Stick dari J10 ke JL72B Bebas,Route Stick dari J10 ke JL72B Terbentuk,1,1,,,rute,YK,63,14
1520,YK-J10-72B-E-REQ,Permintaan Rute Darurat dari J10 ke JL72B tidak Aktif,Permintaan Rute Darurat dari J10 ke JL72B Aktif,1,1,,,rute,YK,63,15
1521,YK-J10-72B-E-RST-TE,,Rute Darurat dari J10 ke JL72B Timeout,1,1,,,rute,YK,64,0
1522,YK-J10-72B-T-REQ,Permintaan Rute Normal dari J10 ke JL72B tidak Aktif,Permintaan Rute Normal dari J10 ke JL72B Aktif,1,1,,,rute,YK,64,1
1523,YK-J10-82B-CTRL,Kombinasi Tombol Rute dari J10 ke JL82B tidak Aktif,Kombinasi Tombol Rute dari J10 ke JL82B Aktif,1,1,,,perintah,YK,64,2
1524,YK-J10-82B-RS,Route Stick dari J10 ke JL82B Bebas,Route Stick dari J10 ke JL82B Terbentuk,1,1,,,rute,YK,64,3
1525,YK-J10-82B-E-REQ,Permintaan Rute Darurat dari J10 ke JL82B tidak Aktif,Permintaan Rute Darurat dari J10 ke JL82B Aktif,1,1,,,rute,YK,64,4
1526,YK-J10-82B-E-RST-TE,,Rute Darurat dari J10 ke JL82B Timeout,1,1,,,rute,YK,64,5
1527,YK-J10-82B-T-REQ,Permintaan Rute Normal dari J10 ke JL82B tidak Aktif,Permintaan Rute Normal dari J10 ke JL82B Aktif,1,1,,,rute,YK,64,6
1528,YK-J10-92B-CTRL,Kombinasi Tombol Rute dari J10 ke JL92B tidak Aktif,Kombinasi Tombol Rute dari J10 ke JL92B Aktif,1,1,,,perintah,YK,64,7
1529,YK-J10-92B-RS,Route Stick dari J10 ke JL92B Bebas,Route Stick dari J10 ke JL92B Terbentuk,1,1,,,rute,YK,64,8
1530,YK-J10-92B-E-REQ,Permintaan Rute Darurat dari J10 ke JL92B tidak Aktif,Permintaan Rute Darurat dari J10 ke JL92B Aktif,1,1,,,rute,YK,64,9
1531,YK-J10-92B-E-RST-TE,,Rute Darurat dari J10 ke JL92B Timeout,1,1,,,rute,YK,64,10
1532,YK-J10-92B-T-REQ,Permintaan Rute Normal dari J10 ke JL92B tidak Aktif,Permintaan Rute Normal dari J10 ke JL92B Aktif,1,1,,,rute,YK,64,11
1533,YK-J20-12B-CF-CTRL,Kombinasi Tombol Rute Contra Flow dari J20 ke JL12B tidak Aktif,Kombinasi Tombol Rute Contra Flow dari J20 ke JL12B Aktif,1,1,,,perintah,YK,64,12
1534,YK-J20-12B-CF-RS,Route Stick dari J20 ke JL12B Bebas,Route Stick dari J20 ke JL12B Terbentuk,1,1,,,rute,YK,64,13
1535,YK-J20-12B-CF-E-REQ,Permintaan Rute Contraflow dari J20 ke JL12B tidak Aktif,Permintaan Rute Contraflow dari J20 ke JL12B Aktif,1,1,,,rute,YK,64,14
1536,YK-J20-12B-CF-E-RST-TE,,Rute Contraflow dari J20 ke JL12B Timeout,1,1,,,rute,YK,64,15
1537,YK-J20-22B-CF-CTRL,Kombinasi Tombol Rute Contra Flow dari J20 ke JL22B tidak Aktif,Kombinasi Tombol Rute Contra Flow dari J20 ke JL22B Aktif,1,1,,,perintah,YK,65,0
1538,YK-J20-22B-CF-RS,Route Stick dari J20 ke JL22B Bebas,Route Stick dari J20 ke JL22B Terbentuk,1,1,,,rute,YK,65,1
1539,YK-J20-22B-CF-E-REQ,Permintaan Rute Contraflow dari J20 ke JL22B tidak Aktif,Permintaan Rute Contraflow dari J20 ke JL22B Aktif,1,1,,,rute,YK,65,2
1540,YK-J20-22B-CF-E-RST-TE,,Rute Contraflow dari J20 ke JL22B Timeout,1,1,,,rute,YK,65,3
1541,YK-J20-42B-CF-CTRL,Kombinasi Tombol Rute Contra Flow dari J20 ke JL42B tidak Aktif,Kombinasi Tombol Rute Contra Flow dari J20 ke JL42B Aktif,1,1,,,perintah,YK,65,4
1542,YK-J20-42B-CF-RS,Route Stick dari J20 ke JL42B Bebas,Route Stick dari J20 ke JL42B Terbentuk,1,1,,,rute,YK,65,5
1543,YK-J20-42B-CF-E-REQ,Permintaan Rute Contraflow dari J20 ke JL42B tidak Aktif,Permintaan Rute Contraflow dari J20 ke JL42B Aktif,1,1,,,rute,YK,65,6
1544,YK-J20-42B-CF-E-RST-TE,,Rute Contraflow dari J20 ke JL42B Timeout,1,1,,,rute,YK,65,7
1545,YK-J20-52B-CF-CTRL,Kombinasi Tombol Rute Contra Flow dari J20 ke JL52B tidak Aktif,Kombinasi Tombol Rute Contra Flow dari J20 ke JL52B Aktif,1,1,,,perintah,YK,65,8
1546,YK-J20-52B-CF-RS,Route Stick dari J20 ke JL52B Bebas,Route Stick dari J20 ke JL52B Terbentuk,1,1,,,rute,YK,65,9
1547,YK-J20-52B-CF-E-REQ,Permintaan Rute Contraflow dari J20 ke JL52B tidak Aktif,Permintaan Rute Contraflow dari J20 ke JL52B Aktif,1,1,,,rute,YK,65,10
1548,YK-J20-52B-CF-E-RST-TE,,Rute Contraflow dari J20 ke JL52B Timeout,1,1,,,rute,YK,65,11
1549,YK-J20-62B-CF-CTRL,Kombinasi Tombol Rute Contra Flow dari J20 ke JL62B tidak Aktif,Kombinasi Tombol Rute Contra Flow dari J20 ke JL62B Aktif,1,1,,,perintah,YK,65,12
1550,YK-J20-62B-CF-RS,Route Stick dari J20 ke JL62B Bebas,Route Stick dari J20 ke JL62B Terbentuk,1,1,,,rute,YK,65,13
1551,YK-J20-62B-CF-E-REQ,Permintaan Rute Contraflow dari J20 ke JL62B tidak Aktif,Permintaan Rute Contraflow dari J20 ke JL62B Aktif,1,1,,,rute,YK,65,14
1552,YK-J20-62B-CF-E-RST-TE,,Rute Contraflow dari J20 ke JL62B Timeout,1,1,,,rute,YK,65,15
1553,YK-J20-72B-CF-CTRL,Kombinasi Tombol Rute Contra Flow dari J20 ke JL72B tidak Aktif,Kombinasi Tombol Rute Contra Flow dari J20 ke JL72B Aktif,1,1,,,perintah,YK,66,0
1554,YK-J20-72B-CF-RS,Route Stick dari J20 ke JL72B Bebas,Route Stick dari J20 ke JL72B Terbentuk,1,1,,,rute,YK,66,1
1555,YK-J20-72B-CF-E-REQ,Permintaan Rute Contraflow dari J20 ke JL72B tidak Aktif,Permintaan Rute Contraflow dari J20 ke JL72B Aktif,1,1,,,rute,YK,66,2
1556,YK-J20-72B-CF-E-RST-TE,,Rute Contraflow dari J20 ke JL72B Timeout,1,1,,,rute,YK,66,3
1557,YK-J20-82B-CF-CTRL,Kombinasi Tombol Rute Contra Flow dari J20 ke JL82B tidak Aktif,Kombinasi Tombol Rute Contra Flow dari J20 ke JL82B Aktif,1,1,,,perintah,YK,66,4
1558,YK-J20-82B-CF-RS,Route Stick dari J20 ke JL82B Bebas,Route Stick dari J20 ke JL82B Terbentuk,1,1,,,rute,YK,66,5
1559,YK-J20-82B-CF-E-REQ,Permintaan Rute Contraflow dari J20 ke JL82B tidak Aktif,Permintaan Rute Contraflow dari J20 ke JL82B Aktif,1,1,,,rute,YK,66,6
1560,YK-J20-82B-CF-E-RST-TE,,Rute Contraflow dari J20 ke JL82B Timeout,1,1,,,rute,YK,66,7
1561,YK-J20-92B-CF-CTRL,Kombinasi Tombol Rute Contra Flow dari J20 ke JL92B tidak Aktif,Kombinasi Tombol Rute Contra Flow dari J20 ke JL92B Aktif,1,1,,,perintah,YK,66,8
1562,YK-J20-92B-CF-RS,Route Stick dari J20 ke JL92B Bebas,Route Stick dari J20 ke JL92B Terbentuk,1,1,,,rute,YK,66,9
1563,YK-J20-92B-CF-E-REQ,Permintaan Rute Contraflow dari J20 ke JL92B tidak Aktif,Permintaan Rute Contraflow dari J20 ke JL92B Aktif,1,1,,,rute,YK,66,10
1564,YK-J20-92B-CF-E-RST-TE,,Rute Contraflow dari J20 ke JL92B Timeout,1,1,,,rute,YK,66,11
1565,YK-L20-11-CTRL,Kombinasi Tombol Rute dari L20 ke L11 tidak Aktif,Kombinasi Tombol Rute dari L20 ke L11 Aktif,1,1,,,perintah,YK,66,12
1566,YK-L20-11-RS,Route Stick dari L20 ke L11 Bebas,Route Stick dari L20 ke L11 Terbentuk,1,1,,,rute,YK,66,13
1567,YK-L20-11-S-REQ,Permintaan Rute Langsir dari L20 ke L11 tidak Aktif,Permintaan Rute Langsir dari L20 ke L11 Aktif,1,1,,,rute,YK,66,14
1568,YK-L20-21B-CTRL,Kombinasi Tombol Rute dari L20 ke L21B tidak Aktif,Kombinasi Tombol Rute dari L20 ke L21B Aktif,1,1,,,perintah,YK,66,15
1569,YK-L20-21B-RS,Route Stick dari L20 ke L21B Bebas,Route Stick dari L20 ke L21B Terbentuk,1,1,,,rute,YK,67,0
1570,YK-L20-21B-S-REQ,Permintaan Rute Langsir dari L20 ke L21B tidak Aktif,Permintaan Rute Langsir dari L20 ke L21B Aktif,1,1,,,rute,YK,67,1
1571,YK-L20-51B-CTRL,Kombinasi Tombol Rute dari L20 ke L51B tidak Aktif,Kombinasi Tombol Rute dari L20 ke L51B Aktif,1,1,,,perintah,YK,67,2
1572,YK-L20-51B-RS,Route Stick dari L20 ke L51B Bebas,Route Stick dari L20 ke L51B Terbentuk,1,1,,,rute,YK,67,3
1573,YK-L20-51B-S-REQ,Permintaan Rute Langsir dari L20 ke L51B tidak Aktif,Permintaan Rute Langsir dari L20 ke L51B Aktif,1,1,,,rute,YK,67,4
1574,YK-L11-12B-CTRL,Kombinasi Tombol Rute dari L11 ke JL12B tidak Aktif,Kombinasi Tombol Rute dari L11 ke JL12B Aktif,1,1,,,perintah,YK,67,5
1575,YK-L11-12B-RS,Route Stick dari L11 ke JL12B Bebas,Route Stick dari L11 ke JL12B Terbentuk,1,1,,,rute,YK,67,6
1576,YK-L11-12B-S-REQ,Permintaan Rute Langsir dari L11 ke JL12B tidak Aktif,Permintaan Rute Langsir dari L11 ke JL12B Aktif,1,1,,,rute,YK,67,7
1577,YK-L11-22B-CTRL,Kombinasi Tombol Rute dari L11 ke JL22B tidak Aktif,Kombinasi Tombol Rute dari L11 ke JL22B Aktif,1,1,,,perintah,YK,67,8
1578,YK-L11-22B-RS,Route Stick dari L11 ke JL22B Bebas,Route Stick dari L11 ke JL22B Terbentuk,1,1,,,rute,YK,67,9
1579,YK-L11-22B-S-REQ,Permintaan Rute Langsir dari L11 ke JL22B tidak Aktif,Permintaan Rute Langsir dari L11 ke JL22B Aktif,1,1,,,rute,YK,67,10
1580,YK-L11-X32-CTRL,Kombinasi Tombol Rute dari L11 ke X32 tidak Aktif,Kombinasi Tombol Rute dari L11 ke X32 Aktif,1,1,,,perintah,YK,67,11
1581,YK-L11-X32-RS,Route Stick dari L11 ke X32 Bebas,Route Stick dari L11 ke X32 Terbentuk,1,1,,,rute,YK,67,12
1582,YK-L11-X32-S-REQ,Permintaan Rute Langsir dari L11 ke X32 tidak Aktif,Permintaan Rute Langsir dari L11 ke X32 Aktif,1,1,,,rute,YK,67,13
1583,YK-L11-42B-CTRL,Kombinasi Tombol Rute dari L11 ke JL42B tidak Aktif,Kombinasi Tombol Rute dari L11 ke JL42B Aktif,1,1,,,perintah,YK,67,14
1584,YK-L11-42B-RS,Route Stick dari L11 ke JL42B Bebas,Route Stick dari L11 ke JL42B Terbentuk,1,1,,,rute,YK,67,15
1585,YK-L11-42B-S-REQ,Permintaan Rute Langsir dari L11 ke JL42B tidak Aktif,Permintaan Rute Langsir dari L11 ke JL42B Aktif,1,1,,,rute,YK,68,0
1586,YK-L11-62B-CTRL,Kombinasi Tombol Rute dari L11 ke JL62B tidak Aktif,Kombinasi Tombol Rute dari L11 ke JL62B Aktif,1,1,,,perintah,YK,68,1
1587,YK-L11-62B-RS,Route Stick dari L11 ke JL62B Bebas,Route Stick dari L11 ke JL62B Terbentuk,1,1,,,rute,YK,68,2
1588,YK-L11-62B-S-REQ,Permintaan Rute Langsir dari L11 ke JL62B tidak Aktif,Permintaan Rute Langsir dari L11 ke JL62B Aktif,1,1,,,rute,YK,68,3
1589,YK-L11-82B-CTRL,Kombinasi Tombol Rute dari L11 ke JL82B tidak Aktif,Kombinasi Tombol Rute dari L11 ke JL82B Aktif,1,1,,,perintah,YK,68,4
1590,YK-L11-82B-RS,Route Stick dari L11 ke JL82B Bebas,Route Stick dari L11 ke JL82B Terbentuk,1,1,,,rute,YK,68,5
1591,YK-L11-82B-S-REQ,Permintaan Rute Langsir dari L11 ke JL82B tidak Aktif,Permintaan Rute Langsir dari L11 ke JL82B Aktif,1,1,,,rute,YK,68,6
1592,YK-L21B-22B-CTRL,Kombinasi Tombol Rute dari L21B ke JL22B tidak Aktif,Kombinasi Tombol Rute dari L21B ke JL22B Aktif,1,1,,,perintah,YK,68,7
1593,YK-L21B-22B-RS,Route Stick dari L21B ke JL22B Bebas,Route Stick dari L21B ke JL22B Terbentuk,1,1,,,rute,YK,68,8
1594,YK-L21B-22B-S-REQ,Permintaan Rute Langsir dari L21B ke JL22B tidak Aktif,Permintaan Rute Langsir dari L21B ke JL22B Aktif,1,1,,,rute,YK,68,9
1595,YK-L21B-42B-CTRL,Kombinasi Tombol Rute dari L21B ke JL42B tidak Aktif,Kombinasi Tombol Rute dari L21B ke JL42B Aktif,1,1,,,perintah,YK,68,10
1596,YK-L21B-42B-RS,Route Stick dari L21B ke JL42B Bebas,Route Stick dari L21B ke JL42B Terbentuk,1,1,,,rute,YK,68,11
1597,YK-L21B-42B-S-REQ,Permintaan Rute Langsir dari L21B ke JL42B tidak Aktif,Permintaan Rute Langsir dari L21B ke JL42B Aktif,1,1,,,rute,YK,68,12
1598,YK-L21B-62B-CTRL,Kombinasi Tombol Rute dari L21B ke JL62B tidak Aktif,Kombinasi Tombol Rute dari L21B ke JL62B Aktif,1,1,,,perintah,YK,68,13
1599,YK-L21B-62B-RS,Route Stick dari L21B ke JL62B Bebas,Route Stick dari L21B ke JL62B Terbentuk,1,1,,,rute,YK,68,14
1600,YK-L21B-62B-S-REQ,Permintaan Rute Langsir dari L21B ke JL62B tidak Aktif,Permintaan Rute Langsir dari L21B ke JL62B Aktif,1,1,,,rute,YK,68,15
1601,YK-L21B-82B-CTRL,Kombinasi Tombol Rute dari L21B ke JL82B tidak Aktif,Kombinasi Tombol Rute dari L21B ke JL82B Aktif,1,1,,,perintah,YK,69,0
1602,YK-L21B-82B-RS,Route Stick dari L21B ke JL82B Bebas,Route Stick dari L21B ke JL82B Terbentuk,1,1,,,rute,YK,69,1
1603,YK-L21B-82B-S-REQ,Permintaan Rute Langsir dari L21B ke JL82B tidak Aktif,Permintaan Rute Langsir dari L21B ke JL82B Aktif,1,1,,,rute,YK,69,2
1604,YK-L30-X32-CTRL,Kombinasi Tombol Rute dari L30 ke X32 tidak Aktif,Kombinasi Tombol Rute dari L30 ke X32 Aktif,1,1,,,perintah,YK,69,3
1605,YK-L30-X32-RS,Route Stick dari L30 ke X32 Bebas,Route Stick dari L30 ke X32 Terbentuk,1,1,,,rute,YK,69,4
1606,YK-L30-X32-S-REQ,Permintaan Rute Langsir dari L30 ke X32 tidak Aktif,Permintaan Rute Langsir dari L30 ke X32 Aktif,1,1,,,rute,YK,69,5
1607,YK-L51B-52B-CTRL,Kombinasi Tombol Rute dari L51B ke JL52B tidak Aktif,Kombinasi Tombol Rute dari L51B ke JL52B Aktif,1,1,,,perintah,YK,69,6
1608,YK-L51B-52B-RS,Route Stick dari L51B ke JL52B Bebas,Route Stick dari L51B ke JL52B Terbentuk,1,1,,,rute,YK,69,7
1609,YK-L51B-52B-S-REQ,Permintaan Rute Langsir dari L51B ke JL52B tidak Aktif,Permintaan Rute Langsir dari L51B ke JL52B Aktif,1,1,,,rute,YK,69,8
1610,YK-L51B-72B-CTRL,Kombinasi Tombol Rute dari L51B ke JL72B tidak Aktif,Kombinasi Tombol Rute dari L51B ke JL72B Aktif,1,1,,,perintah,YK,69,9
1611,YK-L51B-72B-RS,Route Stick dari L51B ke JL72B Bebas,Route Stick dari L51B ke JL72B Terbentuk,1,1,,,rute,YK,69,10
1612,YK-L51B-72B-S-REQ,Permintaan Rute Langsir dari L51B ke JL72B tidak Aktif,Permintaan Rute Langsir dari L51B ke JL72B Aktif,1,1,,,rute,YK,69,11
1613,YK-L51B-92B-CTRL,Kombinasi Tombol Rute dari L51B ke JL92B tidak Aktif,Kombinasi Tombol Rute dari L51B ke JL92B Aktif,1,1,,,perintah,YK,69,12
1614,YK-L51B-92B-RS,Route Stick dari L51B ke JL92B Bebas,Route Stick dari L51B ke JL92B Terbentuk,1,1,,,rute,YK,69,13
1615,YK-L51B-92B-S-REQ,Permintaan Rute Langsir dari L51B ke JL92B tidak Aktif,Permintaan Rute Langsir dari L51B ke JL92B Aktif,1,1,,,rute,YK,69,14
1616,YK-L40-42B-CTRL,Kombinasi Tombol Rute dari L40 ke JL42B tidak Aktif,Kombinasi Tombol Rute dari L40 ke JL42B Aktif,1,1,,,perintah,YK,69,15
1617,YK-L40-42B-RS,Route Stick dari L40 ke JL42B Bebas,Route Stick dari L40 ke JL42B Terbentuk,1,1,,,rute,YK,70,0
1618,YK-L40-42B-S-REQ,Permintaan Rute Langsir dari L40 ke JL42B tidak Aktif,Permintaan Rute Langsir dari L40 ke JL42B Aktif,1,1,,,rute,YK,70,1
1619,YK-L40-62B-CTRL,Kombinasi Tombol Rute dari L40 ke JL62B tidak Aktif,Kombinasi Tombol Rute dari L40 ke JL62B Aktif,1,1,,,perintah,YK,70,2
1620,YK-L40-62B-RS,Route Stick dari L40 ke JL62B Bebas,Route Stick dari L40 ke JL62B Terbentuk,1,1,,,rute,YK,70,3
1621,YK-L40-62B-S-REQ,Permintaan Rute Langsir dari L40 ke JL62B tidak Aktif,Permintaan Rute Langsir dari L40 ke JL62B Aktif,1,1,,,rute,YK,70,4
1622,YK-L40-82B-CTRL,Kombinasi Tombol Rute dari L40 ke JL82B tidak Aktif,Kombinasi Tombol Rute dari L40 ke JL82B Aktif,1,1,,,perintah,YK,70,5
1623,YK-L40-82B-RS,Route Stick dari L40 ke JL82B Bebas,Route Stick dari L40 ke JL82B Terbentuk,1,1,,,rute,YK,70,6
1624,YK-L40-82B-S-REQ,Permintaan Rute Langsir dari L40 ke JL82B tidak Aktif,Permintaan Rute Langsir dari L40 ke JL82B Aktif,1,1,,,rute,YK,70,7
1625,YK-L80-82B-CTRL,Kombinasi Tombol Rute dari L80 ke JL82B tidak Aktif,Kombinasi Tombol Rute dari L80 ke JL82B Aktif,1,1,,,perintah,YK,70,8
1626,YK-L80-82B-RS,Route Stick dari L80 ke JL82B Bebas,Route Stick dari L80 ke JL82B Terbentuk,1,1,,,rute,YK,70,9
1627,YK-L80-82B-S-REQ,Permintaan Rute Langsir dari L80 ke JL82B tidak Aktif,Permintaan Rute Langsir dari L80 ke JL82B Aktif,1,1,,,rute,YK,70,10
1628,YK-L100-82B-CTRL,Kombinasi Tombol Rute dari L100 ke JL82B tidak Aktif,Kombinasi Tombol Rute dari L100 ke JL82B Aktif,1,1,,,perintah,YK,70,11
1629,YK-L100-82B-RS,Route Stick dari L100 ke JL82B Bebas,Route Stick dari L100 ke JL82B Terbentuk,1,1,,,rute,YK,70,12
1630,YK-L100-82B-S-REQ,Permintaan Rute Langsir dari L100 ke JL82B tidak Aktif,Permintaan Rute Langsir dari L100 ke JL82B Aktif,1,1,,,rute,YK,70,13
1631,YK-L100-X102-CTRL,Kombinasi Tombol Rute dari L100 ke X102 tidak Aktif,Kombinasi Tombol Rute dari L100 ke X102 Aktif,1,1,,,perintah,YK,70,14
1632,YK-L100-X102-RS,Route Stick dari L100 ke X102 Bebas,Route Stick dari L100 ke X102 Terbentuk,1,1,,,rute,YK,70,15
1633,YK-L100-X102-S-REQ,Permintaan Rute Langsir dari L100 ke X102 tidak Aktif,Permintaan Rute Langsir dari L100 ke X102 Aktif,1,1,,,rute,YK,71,0
1634,YK-JL12B-A14-CTRL,Kombinasi Tombol Rute dari JL12B ke A14 tidak Aktif,Kombinasi Tombol Rute dari JL12B ke A14 Aktif,1,1,,,perintah,YK,71,1
1635,YK-JL12B-A14-RS,Route Stick dari JL12B ke A14 Bebas,Route Stick dari JL12B ke A14 Terbentuk,1,1,,,rute,YK,71,2
1636,YK-JL12B-A14-E-REQ,Permintaan Rute Darurat dari JL12B ke A14 tidak Aktif,Permintaan Rute Darurat dari JL12B ke A14 Aktif,1,1,,,rute,YK,71,3
1637,YK-JL12B-A14-E-RST-TE,,Rute Darurat dari JL12B ke A14 Timeout,1,1,,,rute,YK,71,4
1638,YK-JL12B-A14-T-REQ,Permintaan Rute Normal dari JL12B ke A14 tidak Aktif,Permintaan Rute Normal dari JL12B ke A14 Aktif,1,1,,,rute,YK,71,5
1639,YK-JL12B-A14-D-REQ,Permintaan Rute Langsung dari JL12B ke A14 tidak Aktif,Permintaan Rute Langsung dari JL12B ke A14 Aktif,1,1,,,rute,YK,71,6
1640,YK-JL22B-A14-CTRL,Kombinasi Tombol Rute dari JL22B ke A14 tidak Aktif,Kombinasi Tombol Rute dari JL22B ke A14 Aktif,1,1,,,perintah,YK,71,7
1641,YK-JL22B-A14-RS,Route Stick dari JL22B ke A14 Bebas,Route Stick dari JL22B ke A14 Terbentuk,1,1,,,rute,YK,71,8
1642,YK-JL22B-A14-E-REQ,Permintaan Rute Darurat dari JL22B ke A14 tidak Aktif,Permintaan Rute Darurat dari JL22B ke A14 Aktif,1,1,,,rute,YK,71,9
1643,YK-JL22B-A14-E-RST-TE,,Rute Darurat dari JL22B ke A14 Timeout,1,1,,,rute,YK,71,10
1644,YK-JL22B-A14-T-REQ,Permintaan Rute Normal dari JL22B ke A14 tidak Aktif,Permintaan Rute Normal dari JL22B ke A14 Aktif,1,1,,,rute,YK,71,11
1645,YK-JL22B-A14-D-REQ,Permintaan Rute Langsung dari JL22B ke A14 tidak Aktif,Permintaan Rute Langsung dari JL22B ke A14 Aktif,1,1,,,rute,YK,71,12
1646,YK-JL42B-A14-CTRL,Kombinasi Tombol Rute dari JL42B ke A14 tidak Aktif,Kombinasi Tombol Rute dari JL42B ke A14 Aktif,1,1,,,perintah,YK,71,13
1647,YK-JL42B-A14-RS,Route Stick dari JL42B ke A14 Bebas,Route Stick dari JL42B ke A14 Terbentuk,1,1,,,rute,YK,71,14
1648,YK-JL42B-A14-E-REQ,Permintaan Rute Darurat dari JL42B ke A14 tidak Aktif,Permintaan Rute Darurat dari JL42B ke A14 Aktif,1,1,,,rute,YK,71,15
1649,YK-JL42B-A14-E-RST-TE,,Rute Darurat dari JL42B ke A14 Timeout,1,1,,,rute,YK,72,0
1650,YK-JL42B-A14-T-REQ,Permintaan Rute Normal dari JL42B ke A14 tidak Aktif,Permintaan Rute Normal dari JL42B ke A14 Aktif,1,1,,,rute,YK,72,1
1651,YK-JL42B-A14-D-REQ,Permintaan Rute Langsung dari JL42B ke A14 tidak Aktif,Permintaan Rute Langsung dari JL42B ke A14 Aktif,1,1,,,rute,YK,72,2
1652,YK-JL52B-A14-CTRL,Kombinasi Tombol Rute dari JL52B ke A14 tidak Aktif,Kombinasi Tombol Rute dari JL52B ke A14 Aktif,1,1,,,perintah,YK,72,3
1653,YK-JL52B-A14-RS,Route Stick dari JL52B ke A14 Bebas,Route Stick dari JL52B ke A14 Terbentuk,1,1,,,rute,YK,72,4
1654,YK-JL52B-A14-E-REQ,Permintaan Rute Darurat dari JL52B ke A14 tidak Aktif,Permintaan Rute Darurat dari JL52B ke A14 Aktif,1,1,,,rute,YK,72,5
1655,YK-JL52B-A14-E-RST-TE,,Rute Darurat dari JL52B ke A14 Timeout,1,1,,,rute,YK,72,6
1656,YK-JL52B-A14-T-REQ,Permintaan Rute Normal dari JL52B ke A14 tidak Aktif,Permintaan Rute Normal dari JL52B ke A14 Aktif,1,1,,,rute,YK,72,7
1657,YK-JL52B-A14-D-REQ,Permintaan Rute Langsung dari JL52B ke A14 tidak Aktif,Permintaan Rute Langsung dari JL52B ke A14 Aktif,1,1,,,rute,YK,72,8
1658,YK-JL62B-A14-CTRL,Kombinasi Tombol Rute dari JL62B ke A14 tidak Aktif,Kombinasi Tombol Rute dari JL62B ke A14 Aktif,1,1,,,perintah,YK,72,9
1659,YK-JL62B-A14-RS,Route Stick dari JL62B ke A14 Bebas,Route Stick dari JL62B ke A14 Terbentuk,1,1,,,rute,YK,72,10
1660,YK-JL62B-A14-E-REQ,Permintaan Rute Darurat dari JL62B ke A14 tidak Aktif,Permintaan Rute Darurat dari JL62B ke A14 Aktif,1,1,,,rute,YK,72,11
1661,YK-JL62B-A14-E-RST-TE,,Rute Darurat dari JL62B ke A14 Timeout,1,1,,,rute,YK,72,12
1662,YK-JL62B-A14-T-REQ,Permintaan Rute Normal dari JL62B ke A14 tidak Aktif,Permintaan Rute Normal dari JL62B ke A14 Aktif,1,1,,,rute,YK,72,13
1663,YK-JL62B-A14-D-REQ,Permintaan Rute Langsung dari JL62B ke A14 tidak Aktif,Permintaan Rute Langsung dari JL62B ke A14 Aktif,1,1,,,rute,YK,72,14
1664,YK-JL72B-A14-CTRL,Kombinasi Tombol Rute dari JL72B ke A14 tidak Aktif,Kombinasi Tombol Rute dari JL72B ke A14 Aktif,1,1,,,perintah,YK,72,15
1665,YK-JL72B-A14-RS,Route Stick dari JL72B ke A14 Bebas,Route Stick dari JL72B ke A14 Terbentuk,1,1,,,rute,YK,73,0
1666,YK-JL72B-A14-E-REQ,Permintaan Rute Darurat dari JL72B ke A14 tidak Aktif,Permintaan Rute Darurat dari JL72B ke A14 Aktif,1,1,,,rute,YK,73,1
1667,YK-JL72B-A14-E-RST-TE,,Rute Darurat dari JL72B ke A14 Timeout,1,1,,,rute,YK,73,2
1668,YK-JL72B-A14-T-REQ,Permintaan Rute Normal dari JL72B ke A14 tidak Aktif,Permintaan Rute Normal dari JL72B ke A14 Aktif,1,1,,,rute,YK,73,3
1669,YK-JL72B-A14-D-REQ,Permintaan Rute Langsung dari JL72B ke A14 tidak Aktif,Permintaan Rute Langsung dari JL72B ke A14 Aktif,1,1,,,rute,YK,73,4
1670,YK-JL82B-A14-CTRL,Kombinasi Tombol Rute dari JL82B ke A14 tidak Aktif,Kombinasi Tombol Rute dari JL82B ke A14 Aktif,1,1,,,perintah,YK,73,5
1671,YK-JL82B-A14-RS,Route Stick dari JL82B ke A14 Bebas,Route Stick dari JL82B ke A14 Terbentuk,1,1,,,rute,YK,73,6
1672,YK-JL82B-A14-E-REQ,Permintaan Rute Darurat dari JL82B ke A14 tidak Aktif,Permintaan Rute Darurat dari JL82B ke A14 Aktif,1,1,,,rute,YK,73,7
1673,YK-JL82B-A14-E-RST-TE,,Rute Darurat dari JL82B ke A14 Timeout,1,1,,,rute,YK,73,8
1674,YK-JL82B-A14-T-REQ,Permintaan Rute Normal dari JL82B ke A14 tidak Aktif,Permintaan Rute Normal dari JL82B ke A14 Aktif,1,1,,,rute,YK,73,9
1675,YK-JL82B-A14-D-REQ,Permintaan Rute Langsung dari JL82B ke A14 tidak Aktif,Permintaan Rute Langsung dari JL82B ke A14 Aktif,1,1,,,rute,YK,73,10
1676,YK-JL92B-A14-CTRL,Kombinasi Tombol Rute dari JL92B ke A14 tidak Aktif,Kombinasi Tombol Rute dari JL92B ke A14 Aktif,1,1,,,perintah,YK,73,11
1677,YK-JL92B-A14-RS,Route Stick dari JL92B ke A14 Bebas,Route Stick dari JL92B ke A14 Terbentuk,1,1,,,rute,YK,73,12
1678,YK-JL92B-A14-E-REQ,Permintaan Rute Darurat dari JL92B ke A14 tidak Aktif,Permintaan Rute Darurat dari JL92B ke A14 Aktif,1,1,,,rute,YK,73,13
1679,YK-JL92B-A14-E-RST-TE,,Rute Darurat dari JL92B ke A14 Timeout,1,1,,,rute,YK,73,14
1680,YK-JL92B-A14-T-REQ,Permintaan Rute Normal dari JL92B ke A14 tidak Aktif,Permintaan Rute Normal dari JL92B ke A14 Aktif,1,1,,,rute,YK,73,15
1681,YK-JL92B-A14-D-REQ,Permintaan Rute Langsung dari JL92B ke A14 tidak Aktif,Permintaan Rute Langsung dari JL92B ke A14 Aktif,1,1,,,rute,YK,74,0
1682,YK-JL12B-A54-CTRL,Kombinasi Tombol Rute dari JL12B ke A54 tidak Aktif,Kombinasi Tombol Rute dari JL12B ke A54 Aktif,1,1,,,perintah,YK,74,1
1683,YK-JL12B-A54-RS,Route Stick dari JL12B ke A54 Bebas,Route Stick dari JL12B ke A54 Terbentuk,1,1,,,rute,YK,74,2
1684,YK-JL12B-A54-E-REQ,Permintaan Rute Darurat dari JL12B ke A54 tidak Aktif,Permintaan Rute Darurat dari JL12B ke A54 Aktif,1,1,,,rute,YK,74,3
1685,YK-JL12B-A54-E-RST-TE,,Rute Darurat dari JL12B ke A54 Timeout,1,1,,,rute,YK,74,4
1686,YK-JL12B-A54-T-REQ,Permintaan Rute Normal dari JL12B ke A54 tidak Aktif,Permintaan Rute Normal dari JL12B ke A54 Aktif,1,1,,,rute,YK,74,5
1687,YK-JL12B-A54-D-REQ,Permintaan Rute Langsung dari JL12B ke A54 tidak Aktif,Permintaan Rute Langsung dari JL12B ke A54 Aktif,1,1,,,rute,YK,74,6
1688,YK-JL22B-A54-CTRL,Kombinasi Tombol Rute dari JL22B ke A54 tidak Aktif,Kombinasi Tombol Rute dari JL22B ke A54 Aktif,1,1,,,perintah,YK,74,7
1689,YK-JL22B-A54-RS,Route Stick dari JL22B ke A54 Bebas,Route Stick dari JL22B ke A54 Terbentuk,1,1,,,rute,YK,74,8
1690,YK-JL22B-A54-E-REQ,Permintaan Rute Darurat dari JL22B ke A54 tidak Aktif,Permintaan Rute Darurat dari JL22B ke A54 Aktif,1,1,,,rute,YK,74,9
1691,YK-JL22B-A54-E-RST-TE,,Rute Darurat dari JL22B ke A54 Timeout,1,1,,,rute,YK,74,10
1692,YK-JL22B-A54-T-REQ,Permintaan Rute Normal dari JL22B ke A54 tidak Aktif,Permintaan Rute Normal dari JL22B ke A54 Aktif,1,1,,,rute,YK,74,11
1693,YK-JL22B-A54-D-REQ,Permintaan Rute Langsung dari JL22B ke A54 tidak Aktif,Permintaan Rute Langsung dari JL22B ke A54 Aktif,1,1,,,rute,YK,74,12
1694,YK-JL42B-A54-CTRL,Kombinasi Tombol Rute dari JL42B ke A54 tidak Aktif,Kombinasi Tombol Rute dari JL42B ke A54 Aktif,1,1,,,perintah,YK,74,13
1695,YK-JL42B-A54-RS,Route Stick dari JL42B ke A54 Bebas,Route Stick dari JL42B ke A54 Terbentuk,1,1,,,rute,YK,74,14
1696,YK-JL42B-A54-E-REQ,Permintaan Rute Darurat dari JL42B ke A54 tidak Aktif,Permintaan Rute Darurat dari JL42B ke A54 Aktif,1,1,,,rute,YK,74,15
1697,YK-JL42B-A54-E-RST-TE,,Rute Darurat dari JL42B ke A54 Timeout,1,1,,,rute,YK,75,0
1698,YK-JL42B-A54-T-REQ,Permintaan Rute Normal dari JL42B ke A54 tidak Aktif,Permintaan Rute Normal dari JL42B ke A54 Aktif,1,1,,,rute,YK,75,1
1699,YK-JL42B-A54-D-REQ,Permintaan Rute Langsung dari JL42B ke A54 tidak Aktif,Permintaan Rute Langsung dari JL42B ke A54 Aktif,1,1,,,rute,YK,75,2
1700,YK-JL52B-A54-CTRL,Kombinasi Tombol Rute dari JL52B ke A54 tidak Aktif,Kombinasi Tombol Rute dari JL52B ke A54 Aktif,1,1,,,perintah,YK,75,3
1701,YK-JL52B-A54-RS,Route Stick dari JL52B ke A54 Bebas,Route Stick dari JL52B ke A54 Terbentuk,1,1,,,rute,YK,75,4
1702,YK-JL52B-A54-E-REQ,Permintaan Rute Darurat dari JL52B ke A54 tidak Aktif,Permintaan Rute Darurat dari JL52B ke A54 Aktif,1,1,,,rute,YK,75,5
1703,YK-JL52B-A54-E-RST-TE,,Rute Darurat dari JL52B ke A54 Timeout,1,1,,,rute,YK,75,6
1704,YK-JL52B-A54-T-REQ,Permintaan Rute Normal dari JL52B ke A54 tidak Aktif,Permintaan Rute Normal dari JL52B ke A54 Aktif,1,1,,,rute,YK,75,7
1705,YK-JL52B-A54-D-REQ,Permintaan Rute Langsung dari JL52B ke A54 tidak Aktif,Permintaan Rute Langsung dari JL52B ke A54 Aktif,1,1,,,rute,YK,75,8
1706,YK-JL62B-A54-CTRL,Kombinasi Tombol Rute dari JL62B ke A54 tidak Aktif,Kombinasi Tombol Rute dari JL62B ke A54 Aktif,1,1,,,perintah,YK,75,9
1707,YK-JL62B-A54-RS,Route Stick dari JL62B ke A54 Bebas,Route Stick dari JL62B ke A54 Terbentuk,1,1,,,rute,YK,75,10
1708,YK-JL62B-A54-E-REQ,Permintaan Rute Darurat dari JL62B ke A54 tidak Aktif,Permintaan Rute Darurat dari JL62B ke A54 Aktif,1,1,,,rute,YK,75,11
1709,YK-JL62B-A54-E-RST-TE,,Rute Darurat dari JL62B ke A54 Timeout,1,1,,,rute,YK,75,12
1710,YK-JL62B-A54-T-REQ,Permintaan Rute Normal dari JL62B ke A54 tidak Aktif,Permintaan Rute Normal dari JL62B ke A54 Aktif,1,1,,,rute,YK,75,13
1711,YK-JL62B-A54-D-REQ,Permintaan Rute Langsung dari JL62B ke A54 tidak Aktif,Permintaan Rute Langsung dari JL62B ke A54 Aktif,1,1,,,rute,YK,75,14
1712,YK-JL72B-A54-CTRL,Kombinasi Tombol Rute dari JL72B ke A54 tidak Aktif,Kombinasi Tombol Rute dari JL72B ke A54 Aktif,1,1,,,perintah,YK,75,15
1713,YK-JL72B-A54-RS,Route Stick dari JL72B ke A54 Bebas,Route Stick dari JL72B ke A54 Terbentuk,1,1,,,rute,YK,76,0
1714,YK-JL72B-A54-E-REQ,Permintaan Rute Darurat dari JL72B ke A54 tidak Aktif,Permintaan Rute Darurat dari JL72B ke A54 Aktif,1,1,,,rute,YK,76,1
1715,YK-JL72B-A54-E-RST-TE,,Rute Darurat dari JL72B ke A54 Timeout,1,1,,,rute,YK,76,2
1716,YK-JL72B-A54-T-REQ,Permintaan Rute Normal dari JL72B ke A54 tidak Aktif,Permintaan Rute Normal dari JL72B ke A54 Aktif,1,1,,,rute,YK,76,3
1717,YK-JL72B-A54-D-REQ,Permintaan Rute Langsung dari JL72B ke A54 tidak Aktif,Permintaan Rute Langsung dari JL72B ke A54 Aktif,1,1,,,rute,YK,76,4
1718,YK-JL82B-A54-CTRL,Kombinasi Tombol Rute dari JL82B ke A54 tidak Aktif,Kombinasi Tombol Rute dari JL82B ke A54 Aktif,1,1,,,perintah,YK,76,5
1719,YK-JL82B-A54-RS,Route Stick dari JL82B ke A54 Bebas,Route Stick dari JL82B ke A54 Terbentuk,1,1,,,rute,YK,76,6
1720,YK-JL82B-A54-E-REQ,Permintaan Rute Darurat dari JL82B ke A54 tidak Aktif,Permintaan Rute Darurat dari JL82B ke A54 Aktif,1,1,,,rute,YK,76,7
1721,YK-JL82B-A54-E-RST-TE,,Rute Darurat dari JL82B ke A54 Timeout,1,1,,,rute,YK,76,8
1722,YK-JL82B-A54-T-REQ,Permintaan Rute Normal dari JL82B ke A54 tidak Aktif,Permintaan Rute Normal dari JL82B ke A54 Aktif,1,1,,,rute,YK,76,9
1723,YK-JL82B-A54-D-REQ,Permintaan Rute Langsung dari JL82B ke A54 tidak Aktif,Permintaan Rute Langsung dari JL82B ke A54 Aktif,1,1,,,rute,YK,76,10
1724,YK-JL92B-A54-CTRL,Kombinasi Tombol Rute dari JL92B ke A54 tidak Aktif,Kombinasi Tombol Rute dari JL92B ke A54 Aktif,1,1,,,perintah,YK,76,11
1725,YK-JL92B-A54-RS,Route Stick dari JL92B ke A54 Bebas,Route Stick dari JL92B ke A54 Terbentuk,1,1,,,rute,YK,76,12
1726,YK-JL92B-A54-E-REQ,Permintaan Rute Darurat dari JL92B ke A54 tidak Aktif,Permintaan Rute Darurat dari JL92B ke A54 Aktif,1,1,,,rute,YK,76,13
1727,YK-JL92B-A54-E-RST-TE,,Rute Darurat dari JL92B ke A54 Timeout,1,1,,,rute,YK,76,14
1728,YK-JL92B-A54-T-REQ,Permintaan Rute Normal dari JL92B ke A54 tidak Aktif,Permintaan Rute Normal dari JL92B ke A54 Aktif,1,1,,,rute,YK,76,15
1729,YK-JL92B-A54-D-REQ,Permintaan Rute Langsung dari JL92B ke A54 tidak Aktif,Permintaan Rute Langsung dari JL92B ke A54 Aktif,1,1,,,rute,YK,77,0
1730,YK-JL12B-13B-CTRL,Kombinasi Tombol Rute dari JL12B ke L13B tidak Aktif,Kombinasi Tombol Rute dari JL12B ke L13B Aktif,1,1,,,perintah,YK,77,1
1731,YK-JL12B-13B-RS,Route Stick dari JL12B ke L13B Bebas,Route Stick dari JL12B ke L13B Terbentuk,1,1,,,rute,YK,77,2
1732,YK-JL12B-13B-S-REQ,Permintaan Rute Langsir dari JL12B ke L13B tidak Aktif,Permintaan Rute Langsir dari JL12B ke L13B Aktif,1,1,,,rute,YK,77,3
1733,YK-JL22B-13B-CTRL,Kombinasi Tombol Rute dari JL22B ke L13B tidak Aktif,Kombinasi Tombol Rute dari JL22B ke L13B Aktif,1,1,,,perintah,YK,77,4
1734,YK-JL22B-13B-RS,Route Stick dari JL22B ke L13B Bebas,Route Stick dari JL22B ke L13B Terbentuk,1,1,,,rute,YK,77,5
1735,YK-JL22B-13B-S-REQ,Permintaan Rute Langsir dari JL22B ke L13B tidak Aktif,Permintaan Rute Langsir dari JL22B ke L13B Aktif,1,1,,,rute,YK,77,6
1736,YK-JL42B-13B-CTRL,Kombinasi Tombol Rute dari JL42B ke L13B tidak Aktif,Kombinasi Tombol Rute dari JL42B ke L13B Aktif,1,1,,,perintah,YK,77,7
1737,YK-JL42B-13B-RS,Route Stick dari JL42B ke L13B Bebas,Route Stick dari JL42B ke L13B Terbentuk,1,1,,,rute,YK,77,8
1738,YK-JL42B-13B-S-REQ,Permintaan Rute Langsir dari JL42B ke L13B tidak Aktif,Permintaan Rute Langsir dari JL42B ke L13B Aktif,1,1,,,rute,YK,77,9
1739,YK-JL62B-13B-CTRL,Kombinasi Tombol Rute dari JL62B ke L13B tidak Aktif,Kombinasi Tombol Rute dari JL62B ke L13B Aktif,1,1,,,perintah,YK,77,10
1740,YK-JL62B-13B-RS,Route Stick dari JL62B ke L13B Bebas,Route Stick dari JL62B ke L13B Terbentuk,1,1,,,rute,YK,77,11
1741,YK-JL62B-13B-S-REQ,Permintaan Rute Langsir dari JL62B ke L13B tidak Aktif,Permintaan Rute Langsir dari JL62B ke L13B Aktif,1,1,,,rute,YK,77,12
1742,YK-JL82B-13B-CTRL,Kombinasi Tombol Rute dari JL82B ke L13B tidak Aktif,Kombinasi Tombol Rute dari JL82B ke L13B Aktif,1,1,,,perintah,YK,77,13
1743,YK-JL82B-13B-RS,Route Stick dari JL82B ke L13B Bebas,Route Stick dari JL82B ke L13B Terbentuk,1,1,,,rute,YK,77,14
1744,YK-JL82B-13B-S-REQ,Permintaan Rute Langsir dari JL82B ke L13B tidak Aktif,Permintaan Rute Langsir dari JL82B ke L13B Aktif,1,1,,,rute,YK,77,15
1745,YK-JL52B-53B-CTRL,Kombinasi Tombol Rute dari JL52B ke L53B tidak Aktif,Kombinasi Tombol Rute dari JL52B ke L53B Aktif,1,1,,,perintah,YK,78,0
1746,YK-JL52B-53B-RS,Route Stick dari JL52B ke L53B Bebas,Route Stick dari JL52B ke L53B Terbentuk,1,1,,,rute,YK,78,1
1747,YK-JL52B-53B-S-REQ,Permintaan Rute Langsir dari JL52B ke L53B tidak Aktif,Permintaan Rute Langsir dari JL52B ke L53B Aktif,1,1,,,rute,YK,78,2
1748,YK-JL72B-53B-CTRL,Kombinasi Tombol Rute dari JL72B ke L53B tidak Aktif,Kombinasi Tombol Rute dari JL72B ke L53B Aktif,1,1,,,perintah,YK,78,3
1749,YK-JL72B-53B-RS,Route Stick dari JL72B ke L53B Bebas,Route Stick dari JL72B ke L53B Terbentuk,1,1,,,rute,YK,78,4
1750,YK-JL72B-53B-S-REQ,Permintaan Rute Langsir dari JL72B ke L53B tidak Aktif,Permintaan Rute Langsir dari JL72B ke L53B Aktif,1,1,,,rute,YK,78,5
1751,YK-JL92B-53B-CTRL,Kombinasi Tombol Rute dari JL92B ke L53B tidak Aktif,Kombinasi Tombol Rute dari JL92B ke L53B Aktif,1,1,,,perintah,YK,78,6
1752,YK-JL92B-53B-RS,Route Stick dari JL92B ke L53B Bebas,Route Stick dari JL92B ke L53B Terbentuk,1,1,,,rute,YK,78,7
1753,YK-JL92B-53B-S-REQ,Permintaan Rute Langsir dari JL92B ke L53B tidak Aktif,Permintaan Rute Langsir dari JL92B ke L53B Aktif,1,1,,,rute,YK,78,8
1754,YK-L13B-X14-CTRL,Kombinasi Tombol Rute dari L13B ke X14 tidak Aktif,Kombinasi Tombol Rute dari L13B ke X14 Aktif,1,1,,,perintah,YK,78,9
1755,YK-L13B-X14-RS,Route Stick dari L13B ke X14 Bebas,Route Stick dari L13B ke X14 Terbentuk,1,1,,,rute,YK,78,10
1756,YK-L13B-X14-S-REQ,Permintaan Rute Langsir dari L13B ke X14 tidak Aktif,Permintaan Rute Langsir dari L13B ke X14 Aktif,1,1,,,rute,YK,78,11
1757,YK-L53B-X14-CTRL,Kombinasi Tombol Rute dari L53B ke X14 tidak Aktif,Kombinasi Tombol Rute dari L53B ke X14 Aktif,1,1,,,perintah,YK,78,12
1758,YK-L53B-X14-RS,Route Stick dari L53B ke X14 Bebas,Route Stick dari L53B ke X14 Terbentuk,1,1,,,rute,YK,78,13
1759,YK-L53B-X14-S-REQ,Permintaan Rute Langsir dari L53B ke X14 tidak Aktif,Permintaan Rute Langsir dari L53B ke X14 Aktif,1,1,,,rute,YK,78,14
1760,YK-L13B-X54-CTRL,Kombinasi Tombol Rute dari L13B ke X54 tidak Aktif,Kombinasi Tombol Rute dari L13B ke X54 Aktif,1,1,,,perintah,YK,78,15
1761,YK-L13B-X54-RS,Route Stick dari L13B ke X54 Bebas,Route Stick dari L13B ke X54 Terbentuk,1,1,,,rute,YK,79,0
1762,YK-L13B-X54-S-REQ,Permintaan Rute Langsir dari L13B ke X54 tidak Aktif,Permintaan Rute Langsir dari L13B ke X54 Aktif,1,1,,,rute,YK,79,1
1763,YK-L53B-X54-CTRL,Kombinasi Tombol Rute dari L53B ke X54 tidak Aktif,Kombinasi Tombol Rute dari L53B ke X54 Aktif,1,1,,,perintah,YK,79,2
1764,YK-L53B-X54-RS,Route Stick dari L53B ke X54 Bebas,Route Stick dari L53B ke X54 Terbentuk,1,1,,,rute,YK,79,3
1765,YK-L53B-X54-S-REQ,Permintaan Rute Langsir dari L53B ke X54 tidak Aktif,Permintaan Rute Langsir dari L53B ke X54 Aktif,1,1,,,rute,YK,79,4
1766,YK-JL22B-X24-CTRL,Kombinasi Tombol Rute dari JL22B ke X24 tidak Aktif,Kombinasi Tombol Rute dari JL22B ke X24 Aktif,1,1,,,perintah,YK,79,5
1767,YK-JL22B-X24-RS,Route Stick dari JL22B ke X24 Bebas,Route Stick dari JL22B ke X24 Terbentuk,1,1,,,rute,YK,79,6
1768,YK-JL22B-X24-S-REQ,Permintaan Rute Langsir dari JL22B ke X24 tidak Aktif,Permintaan Rute Langsir dari JL22B ke X24 Aktif,1,1,,,rute,YK,79,7
1769,YK-JL42B-X24-CTRL,Kombinasi Tombol Rute dari JL42B ke X24 tidak Aktif,Kombinasi Tombol Rute dari JL42B ke X24 Aktif,1,1,,,perintah,YK,79,8
1770,YK-JL42B-X24-RS,Route Stick dari JL42B ke X24 Bebas,Route Stick dari JL42B ke X24 Terbentuk,1,1,,,rute,YK,79,9
1771,YK-JL42B-X24-S-REQ,Permintaan Rute Langsir dari JL42B ke X24 tidak Aktif,Permintaan Rute Langsir dari JL42B ke X24 Aktif,1,1,,,rute,YK,79,10
1772,YK-JL62B-X24-CTRL,Kombinasi Tombol Rute dari JL62B ke X24 tidak Aktif,Kombinasi Tombol Rute dari JL62B ke X24 Aktif,1,1,,,perintah,YK,79,11
1773,YK-JL62B-X24-RS,Route Stick dari JL62B ke X24 Bebas,Route Stick dari JL62B ke X24 Terbentuk,1,1,,,rute,YK,79,12
1774,YK-JL62B-X24-S-REQ,Permintaan Rute Langsir dari JL62B ke X24 tidak Aktif,Permintaan Rute Langsir dari JL62B ke X24 Aktif,1,1,,,rute,YK,79,13
1775,YK-JL82B-X24-CTRL,Kombinasi Tombol Rute dari JL82B ke X24 tidak Aktif,Kombinasi Tombol Rute dari JL82B ke X24 Aktif,1,1,,,perintah,YK,79,14
1776,YK-JL82B-X24-RS,Route Stick dari JL82B ke X24 Bebas,Route Stick dari JL82B ke X24 Terbentuk,1,1,,,rute,YK,79,15
1777,YK-JL82B-X24-S-REQ,Permintaan Rute Langsir dari JL82B ke X24 tidak Aktif,Permintaan Rute Langsir dari JL82B ke X24 Aktif,1,1,,,rute,YK,80,0
1778,YK-JL42B-X44-CTRL,Kombinasi Tombol Rute dari JL42B ke X44 tidak Aktif,Kombinasi Tombol Rute dari JL42B ke X44 Aktif,1,1,,,perintah,YK,80,1
1779,YK-JL42B-X44-RS,Route Stick dari JL42B ke X44 Bebas,Route Stick dari JL42B ke X44 Terbentuk,1,1,,,rute,YK,80,2
1780,YK-JL42B-X44-S-REQ,Permintaan Rute Langsir dari JL42B ke X44 tidak Aktif,Permintaan Rute Langsir dari JL42B ke X44 Aktif,1,1,,,rute,YK,80,3
1781,YK-JL62B-X44-CTRL,Kombinasi Tombol Rute dari JL62B ke X44 tidak Aktif,Kombinasi Tombol Rute dari JL62B ke X44 Aktif,1,1,,,perintah,YK,80,4
1782,YK-JL62B-X44-RS,Route Stick dari JL62B ke X44 Bebas,Route Stick dari JL62B ke X44 Terbentuk,1,1,,,rute,YK,80,5
1783,YK-JL62B-X44-S-REQ,Permintaan Rute Langsir dari JL62B ke X44 tidak Aktif,Permintaan Rute Langsir dari JL62B ke X44 Aktif,1,1,,,rute,YK,80,6
1784,YK-JL82B-X44-CTRL,Kombinasi Tombol Rute dari JL82B ke X44 tidak Aktif,Kombinasi Tombol Rute dari JL82B ke X44 Aktif,1,1,,,perintah,YK,80,7
1785,YK-JL82B-X44-RS,Route Stick dari JL82B ke X44 Bebas,Route Stick dari JL82B ke X44 Terbentuk,1,1,,,rute,YK,80,8
1786,YK-JL82B-X44-S-REQ,Permintaan Rute Langsir dari JL82B ke X44 tidak Aktif,Permintaan Rute Langsir dari JL82B ke X44 Aktif,1,1,,,rute,YK,80,9
1787,YK-JL62B-X64-CTRL,Kombinasi Tombol Rute dari JL62B ke X64 tidak Aktif,Kombinasi Tombol Rute dari JL62B ke X64 Aktif,1,1,,,perintah,YK,80,10
1788,YK-JL62B-X64-RS,Route Stick dari JL62B ke X64 Bebas,Route Stick dari JL62B ke X64 Terbentuk,1,1,,,rute,YK,80,11
1789,YK-JL62B-X64-S-REQ,Permintaan Rute Langsir dari JL62B ke X64 tidak Aktif,Permintaan Rute Langsir dari JL62B ke X64 Aktif,1,1,,,rute,YK,80,12
1790,YK-JL82B-X64-CTRL,Kombinasi Tombol Rute dari JL82B ke X64 tidak Aktif,Kombinasi Tombol Rute dari JL82B ke X64 Aktif,1,1,,,perintah,YK,80,13
1791,YK-JL82B-X64-RS,Route Stick dari JL82B ke X64 Bebas,Route Stick dari JL82B ke X64 Terbentuk,1,1,,,rute,YK,80,14
1792,YK-JL82B-X64-S-REQ,Permintaan Rute Langsir dari JL82B ke X64 tidak Aktif,Permintaan Rute Langsir dari JL82B ke X64 Aktif,1,1,,,rute,YK,80,15
1793,YK-JL82B-X84-CTRL,Kombinasi Tombol Rute dari JL82B ke X84 tidak Aktif,Kombinasi Tombol Rute dari JL82B ke X84 Aktif,1,1,,,perintah,YK,81,0
1794,YK-JL82B-X84-RS,Route Stick dari JL82B ke X84 Bebas,Route Stick dari JL82B ke X84 Terbentuk,1,1,,,rute,YK,81,1
1795,YK-JL82B-X84-S-REQ,Permintaan Rute Langsir dari JL82B ke X84 tidak Aktif,Permintaan Rute Langsir dari JL82B ke X84 Aktif,1,1,,,rute,YK,81,2
1796,YK-J14-12A-CTRL,Kombinasi Tombol Rute dari J14 ke JL12A tidak Aktif,Kombinasi Tombol Rute dari J14 ke JL12A Aktif,1,1,,,perintah,YK,81,3
1797,YK-J14-12A-RS,Route Stick dari J14 ke JL12A Bebas,Route Stick dari J14 ke JL12A Terbentuk,1,1,,,rute,YK,81,4
1798,YK-J14-12A-E-REQ,Permintaan Rute Darurat dari J14 ke JL12A tidak Aktif,Permintaan Rute Darurat dari J14 ke JL12A Aktif,1,1,,,rute,YK,81,5
1799,YK-J14-12A-E-RST-TE,,Rute Darurat dari J14 ke JL12A Timeout,1,1,,,rute,YK,81,6
1800,YK-J14-12A-T-REQ,Permintaan Rute Normal dari J14 ke JL12A tidak Aktif,Permintaan Rute Normal dari J14 ke JL12A Aktif,1,1,,,rute,YK,81,7
1801,YK-J14-22A-CTRL,Kombinasi Tombol Rute dari J14 ke JL22A tidak Aktif,Kombinasi Tombol Rute dari J14 ke JL22A Aktif,1,1,,,perintah,YK,81,8
1802,YK-J14-22A-RS,Route Stick dari J14 ke JL22A Bebas,Route Stick dari J14 ke JL22A Terbentuk,1,1,,,rute,YK,81,9
1803,YK-J14-22A-E-REQ,Permintaan Rute Darurat dari J14 ke JL22A tidak Aktif,Permintaan Rute Darurat dari J14 ke JL22A Aktif,1,1,,,rute,YK,81,10
1804,YK-J14-22A-E-RST-TE,,Rute Darurat dari J14 ke JL22A Timeout,1,1,,,rute,YK,81,11
1805,YK-J14-22A-T-REQ,Permintaan Rute Normal dari J14 ke JL22A tidak Aktif,Permintaan Rute Normal dari J14 ke JL22A Aktif,1,1,,,rute,YK,81,12
1806,YK-J14-22A-D-REQ,Permintaan Rute Langsung dari J14 ke JL22A tidak Aktif,Permintaan Rute Langsung dari J14 ke JL22A Aktif,1,1,,,rute,YK,81,13
1807,YK-J14-42A-CTRL,Kombinasi Tombol Rute dari J14 ke JL42A tidak Aktif,Kombinasi Tombol Rute dari J14 ke JL42A Aktif,1,1,,,perintah,YK,81,14
1808,YK-J14-42A-RS,Route Stick dari J14 ke JL42A Bebas,Route Stick dari J14 ke JL42A Terbentuk,1,1,,,rute,YK,81,15
1809,YK-J14-42A-E-REQ,Permintaan Rute Darurat dari J14 ke JL42A tidak Aktif,Permintaan Rute Darurat dari J14 ke JL42A Aktif,1,1,,,rute,YK,82,0
1810,YK-J14-42A-E-RST-TE,,Rute Darurat dari J14 ke JL42A Timeout,1,1,,,rute,YK,82,1
1811,YK-J14-42A-T-REQ,Permintaan Rute Normal dari J14 ke JL42A tidak Aktif,Permintaan Rute Normal dari J14 ke JL42A Aktif,1,1,,,rute,YK,82,2
1812,YK-J14-52A-CTRL,Kombinasi Tombol Rute dari J14 ke JL52A tidak Aktif,Kombinasi Tombol Rute dari J14 ke JL52A Aktif,1,1,,,perintah,YK,82,3
1813,YK-J14-52A-RS,Route Stick dari J14 ke JL52A Bebas,Route Stick dari J14 ke JL52A Terbentuk,1,1,,,rute,YK,82,4
1814,YK-J14-52A-E-REQ,Permintaan Rute Darurat dari J14 ke JL52A tidak Aktif,Permintaan Rute Darurat dari J14 ke JL52A Aktif,1,1,,,rute,YK,82,5
1815,YK-J14-52A-E-RST-TE,,Rute Darurat dari J14 ke JL52A Timeout,1,1,,,rute,YK,82,6
1816,YK-J14-52A-T-REQ,Permintaan Rute Normal dari J14 ke JL52A tidak Aktif,Permintaan Rute Normal dari J14 ke JL52A Aktif,1,1,,,rute,YK,82,7
1817,YK-J14-62A-CTRL,Kombinasi Tombol Rute dari J14 ke JL62A tidak Aktif,Kombinasi Tombol Rute dari J14 ke JL62A Aktif,1,1,,,perintah,YK,82,8
1818,YK-J14-62A-RS,Route Stick dari J14 ke JL62A Bebas,Route Stick dari J14 ke JL62A Terbentuk,1,1,,,rute,YK,82,9
1819,YK-J14-62A-E-REQ,Permintaan Rute Darurat dari J14 ke JL62A tidak Aktif,Permintaan Rute Darurat dari J14 ke JL62A Aktif,1,1,,,rute,YK,82,10
1820,YK-J14-62A-E-RST-TE,,Rute Darurat dari J14 ke JL62A Timeout,1,1,,,rute,YK,82,11
1821,YK-J14-62A-T-REQ,Permintaan Rute Normal dari J14 ke JL62A tidak Aktif,Permintaan Rute Normal dari J14 ke JL62A Aktif,1,1,,,rute,YK,82,12
1822,YK-J14-72A-CTRL,Kombinasi Tombol Rute dari J14 ke JL72A tidak Aktif,Kombinasi Tombol Rute dari J14 ke JL72A Aktif,1,1,,,perintah,YK,82,13
1823,YK-J14-72A-RS,Route Stick dari J14 ke JL72A Bebas,Route Stick dari J14 ke JL72A Terbentuk,1,1,,,rute,YK,82,14
1824,YK-J14-72A-E-REQ,Permintaan Rute Darurat dari J14 ke JL72A tidak Aktif,Permintaan Rute Darurat dari J14 ke JL72A Aktif,1,1,,,rute,YK,82,15
1825,YK-J14-72A-E-RST-TE,,Rute Darurat dari J14 ke JL72A Timeout,1,1,,,rute,YK,83,0
1826,YK-J14-72A-T-REQ,Permintaan Rute Normal dari J14 ke JL72A tidak Aktif,Permintaan Rute Normal dari J14 ke JL72A Aktif,1,1,,,rute,YK,83,1
1827,YK-J14-82A-CTRL,Kombinasi Tombol Rute dari J14 ke JL82A tidak Aktif,Kombinasi Tombol Rute dari J14 ke JL82A Aktif,1,1,,,perintah,YK,83,2
1828,YK-J14-82A-RS,Route Stick dari J14 ke JL82A Bebas,Route Stick dari J14 ke JL82A Terbentuk,1,1,,,rute,YK,83,3
1829,YK-J14-82A-E-REQ,Permintaan Rute Darurat dari J14 ke JL82A tidak Aktif,Permintaan Rute Darurat dari J14 ke JL82A Aktif,1,1,,,rute,YK,83,4
1830,YK-J14-82A-E-RST-TE,,Rute Darurat dari J14 ke JL82A Timeout,1,1,,,rute,YK,83,5
1831,YK-J14-82A-T-REQ,Permintaan Rute Normal dari J14 ke JL82A tidak Aktif,Permintaan Rute Normal dari J14 ke JL82A Aktif,1,1,,,rute,YK,83,6
1832,YK-J14-92A-CTRL,Kombinasi Tombol Rute dari J14 ke JL92A tidak Aktif,Kombinasi Tombol Rute dari J14 ke JL92A Aktif,1,1,,,perintah,YK,83,7
1833,YK-J14-92A-RS,Route Stick dari J14 ke JL92A Bebas,Route Stick dari J14 ke JL92A Terbentuk,1,1,,,rute,YK,83,8
1834,YK-J14-92A-E-REQ,Permintaan Rute Darurat dari J14 ke JL92A tidak Aktif,Permintaan Rute Darurat dari J14 ke JL92A Aktif,1,1,,,rute,YK,83,9
1835,YK-J14-92A-E-RST-TE,,Rute Darurat dari J14 ke JL92A Timeout,1,1,,,rute,YK,83,10
1836,YK-J14-92A-T-REQ,Permintaan Rute Normal dari J14 ke JL92A tidak Aktif,Permintaan Rute Normal dari J14 ke JL92A Aktif,1,1,,,rute,YK,83,11
1837,YK-J54-12A-CTRL,Kombinasi Tombol Rute dari J54 ke JL12A tidak Aktif,Kombinasi Tombol Rute dari J54 ke JL12A Aktif,1,1,,,perintah,YK,83,12
1838,YK-J54-12A-RS,Route Stick dari J54 ke JL12A Bebas,Route Stick dari J54 ke JL12A Terbentuk,1,1,,,rute,YK,83,13
1839,YK-J54-12A-E-REQ,Permintaan Rute Darurat dari J54 ke JL12A tidak Aktif,Permintaan Rute Darurat dari J54 ke JL12A Aktif,1,1,,,rute,YK,83,14
1840,YK-J54-12A-E-RST-TE,,Rute Darurat dari J54 ke JL12A Timeout,1,1,,,rute,YK,83,15
1841,YK-J54-12A-T-REQ,Permintaan Rute Normal dari J54 ke JL12A tidak Aktif,Permintaan Rute Normal dari J54 ke JL12A Aktif,1,1,,,rute,YK,84,0
1842,YK-J54-22A-CTRL,Kombinasi Tombol Rute dari J54 ke JL22A tidak Aktif,Kombinasi Tombol Rute dari J54 ke JL22A Aktif,1,1,,,perintah,YK,84,1
1843,YK-J54-22A-RS,Route Stick dari J54 ke JL22A Bebas,Route Stick dari J54 ke JL22A Terbentuk,1,1,,,rute,YK,84,2
1844,YK-J54-22A-E-REQ,Permintaan Rute Darurat dari J54 ke JL22A tidak Aktif,Permintaan Rute Darurat dari J54 ke JL22A Aktif,1,1,,,rute,YK,84,3
1845,YK-J54-22A-E-RST-TE,,Rute Darurat dari J54 ke JL22A Timeout,1,1,,,rute,YK,84,4
1846,YK-J54-22A-T-REQ,Permintaan Rute Normal dari J54 ke JL22A tidak Aktif,Permintaan Rute Normal dari J54 ke JL22A Aktif,1,1,,,rute,YK,84,5
1847,YK-J54-22A-D-REQ,Permintaan Rute Langsung dari J54 ke JL22A tidak Aktif,Permintaan Rute Langsung dari J54 ke JL22A Aktif,1,1,,,rute,YK,84,6
1848,YK-J54-42A-CTRL,Kombinasi Tombol Rute dari J54 ke JL42A tidak Aktif,Kombinasi Tombol Rute dari J54 ke JL42A Aktif,1,1,,,perintah,YK,84,7
1849,YK-J54-42A-RS,Route Stick dari J54 ke JL42A Bebas,Route Stick dari J54 ke JL42A Terbentuk,1,1,,,rute,YK,84,8
1850,YK-J54-42A-E-REQ,Permintaan Rute Darurat dari J54 ke JL42A tidak Aktif,Permintaan Rute Darurat dari J54 ke JL42A Aktif,1,1,,,rute,YK,84,9
1851,YK-J54-42A-E-RST-TE,,Rute Darurat dari J54 ke JL42A Timeout,1,1,,,rute,YK,84,10
1852,YK-J54-42A-T-REQ,Permintaan Rute Normal dari J54 ke JL42A tidak Aktif,Permintaan Rute Normal dari J54 ke JL42A Aktif,1,1,,,rute,YK,84,11
1853,YK-J54-52A-CTRL,Kombinasi Tombol Rute dari J54 ke JL52A tidak Aktif,Kombinasi Tombol Rute dari J54 ke JL52A Aktif,1,1,,,perintah,YK,84,12
1854,YK-J54-52A-RS,Route Stick dari J54 ke JL52A Bebas,Route Stick dari J54 ke JL52A Terbentuk,1,1,,,rute,YK,84,13
1855,YK-J54-52A-E-REQ,Permintaan Rute Darurat dari J54 ke JL52A tidak Aktif,Permintaan Rute Darurat dari J54 ke JL52A Aktif,1,1,,,rute,YK,84,14
1856,YK-J54-52A-E-RST-TE,,Rute Darurat dari J54 ke JL52A Timeout,1,1,,,rute,YK,84,15
1857,YK-J54-52A-T-REQ,Permintaan Rute Normal dari J54 ke JL52A tidak Aktif,Permintaan Rute Normal dari J54 ke JL52A Aktif,1,1,,,rute,YK,85,0
1858,YK-J54-62A-CTRL,Kombinasi Tombol Rute dari J54 ke JL62A tidak Aktif,Kombinasi Tombol Rute dari J54 ke JL62A Aktif,1,1,,,perintah,YK,85,1
1859,YK-J54-62A-RS,Route Stick dari J54 ke JL62A Bebas,Route Stick dari J54 ke JL62A Terbentuk,1,1,,,rute,YK,85,2
1860,YK-J54-62A-E-REQ,Permintaan Rute Darurat dari J54 ke JL62A tidak Aktif,Permintaan Rute Darurat dari J54 ke JL62A Aktif,1,1,,,rute,YK,85,3
1861,YK-J54-62A-E-RST-TE,,Rute Darurat dari J54 ke JL62A Timeout,1,1,,,rute,YK,85,4
1862,YK-J54-62A-T-REQ,Permintaan Rute Normal dari J54 ke JL62A tidak Aktif,Permintaan Rute Normal dari J54 ke JL62A Aktif,1,1,,,rute,YK,85,5
1863,YK-J54-72A-CTRL,Kombinasi Tombol Rute dari J54 ke JL72A tidak Aktif,Kombinasi Tombol Rute dari J54 ke JL72A Aktif,1,1,,,perintah,YK,85,6
1864,YK-J54-72A-RS,Route Stick dari J54 ke JL72A Bebas,Route Stick dari J54 ke JL72A Terbentuk,1,1,,,rute,YK,85,7
1865,YK-J54-72A-E-REQ,Permintaan Rute Darurat dari J54 ke JL72A tidak Aktif,Permintaan Rute Darurat dari J54 ke JL72A Aktif,1,1,,,rute,YK,85,8
1866,YK-J54-72A-E-RST-TE,,Rute Darurat dari J54 ke JL72A Timeout,1,1,,,rute,YK,85,9
1867,YK-J54-72A-T-REQ,Permintaan Rute Normal dari J54 ke JL72A tidak Aktif,Permintaan Rute Normal dari J54 ke JL72A Aktif,1,1,,,rute,YK,85,10
1868,YK-J54-82A-CTRL,Kombinasi Tombol Rute dari J54 ke JL82A tidak Aktif,Kombinasi Tombol Rute dari J54 ke JL82A Aktif,1,1,,,perintah,YK,85,11
1869,YK-J54-82A-RS,Route Stick dari J54 ke JL82A Bebas,Route Stick dari J54 ke JL82A Terbentuk,1,1,,,rute,YK,85,12
1870,YK-J54-82A-E-REQ,Permintaan Rute Darurat dari J54 ke JL82A tidak Aktif,Permintaan Rute Darurat dari J54 ke JL82A Aktif,1,1,,,rute,YK,85,13
1871,YK-J54-82A-E-RST-TE,,Rute Darurat dari J54 ke JL82A Timeout,1,1,,,rute,YK,85,14
1872,YK-J54-82A-T-REQ,Permintaan Rute Normal dari J54 ke JL82A tidak Aktif,Permintaan Rute Normal dari J54 ke JL82A Aktif,1,1,,,rute,YK,85,15
1873,YK-J54-92A-CTRL,Kombinasi Tombol Rute dari J54 ke JL92A tidak Aktif,Kombinasi Tombol Rute dari J54 ke JL92A Aktif,1,1,,,perintah,YK,86,0
1874,YK-J54-92A-RS,Route Stick dari J54 ke JL92A Bebas,Route Stick dari J54 ke JL92A Terbentuk,1,1,,,rute,YK,86,1
1875,YK-J54-92A-E-REQ,Permintaan Rute Darurat dari J54 ke JL92A tidak Aktif,Permintaan Rute Darurat dari J54 ke JL92A Aktif,1,1,,,rute,YK,86,2
1876,YK-J54-92A-E-RST-TE,,Rute Darurat dari J54 ke JL92A Timeout,1,1,,,rute,YK,86,3
1877,YK-J54-92A-T-REQ,Permintaan Rute Normal dari J54 ke JL92A tidak Aktif,Permintaan Rute Normal dari J54 ke JL92A Aktif,1,1,,,rute,YK,86,4
1878,YK-L14-13A-CTRL,Kombinasi Tombol Rute dari L14 ke L13A tidak Aktif,Kombinasi Tombol Rute dari L14 ke L13A Aktif,1,1,,,perintah,YK,86,5
1879,YK-L14-13A-RS,Route Stick dari L14 ke L13A Bebas,Route Stick dari L14 ke L13A Terbentuk,1,1,,,rute,YK,86,6
1880,YK-L14-13A-S-REQ,Permintaan Rute Langsir dari L14 ke L13A tidak Aktif,Permintaan Rute Langsir dari L14 ke L13A Aktif,1,1,,,rute,YK,86,7
1881,YK-L14-53A-CTRL,Kombinasi Tombol Rute dari L14 ke L53A tidak Aktif,Kombinasi Tombol Rute dari L14 ke L53A Aktif,1,1,,,perintah,YK,86,8
1882,YK-L14-53A-RS,Route Stick dari L14 ke L53A Bebas,Route Stick dari L14 ke L53A Terbentuk,1,1,,,rute,YK,86,9
1883,YK-L14-53A-S-REQ,Permintaan Rute Langsir dari L14 ke L53A tidak Aktif,Permintaan Rute Langsir dari L14 ke L53A Aktif,1,1,,,rute,YK,86,10
1884,YK-L54-13A-CTRL,Kombinasi Tombol Rute dari L54 ke L13A tidak Aktif,Kombinasi Tombol Rute dari L54 ke L13A Aktif,1,1,,,perintah,YK,86,11
1885,YK-L54-13A-RS,Route Stick dari L54 ke L13A Bebas,Route Stick dari L54 ke L13A Terbentuk,1,1,,,rute,YK,86,12
1886,YK-L54-13A-S-REQ,Permintaan Rute Langsir dari L54 ke L13A tidak Aktif,Permintaan Rute Langsir dari L54 ke L13A Aktif,1,1,,,rute,YK,86,13
1887,YK-L54-53A-CTRL,Kombinasi Tombol Rute dari L54 ke L53A tidak Aktif,Kombinasi Tombol Rute dari L54 ke L53A Aktif,1,1,,,perintah,YK,86,14
1888,YK-L54-53A-RS,Route Stick dari L54 ke L53A Bebas,Route Stick dari L54 ke L53A Terbentuk,1,1,,,rute,YK,86,15
1889,YK-L54-53A-S-REQ,Permintaan Rute Langsir dari L54 ke L53A tidak Aktif,Permintaan Rute Langsir dari L54 ke L53A Aktif,1,1,,,rute,YK,87,0
1890,YK-L13A-12A-CTRL,Kombinasi Tombol Rute dari L13A ke JL12A tidak Aktif,Kombinasi Tombol Rute dari L13A ke JL12A Aktif,1,1,,,perintah,YK,87,1
1891,YK-L13A-12A-RS,Route Stick dari L13A ke JL12A Bebas,Route Stick dari L13A ke JL12A Terbentuk,1,1,,,rute,YK,87,2
1892,YK-L13A-12A-S-REQ,Permintaan Rute Langsir dari L13A ke JL12A tidak Aktif,Permintaan Rute Langsir dari L13A ke JL12A Aktif,1,1,,,rute,YK,87,3
1893,YK-L13A-22A-CTRL,Kombinasi Tombol Rute dari L13A ke JL22A tidak Aktif,Kombinasi Tombol Rute dari L13A ke JL22A Aktif,1,1,,,perintah,YK,87,4
1894,YK-L13A-22A-RS,Route Stick dari L13A ke JL22A Bebas,Route Stick dari L13A ke JL22A Terbentuk,1,1,,,rute,YK,87,5
1895,YK-L13A-22A-S-REQ,Permintaan Rute Langsir dari L13A ke JL22A tidak Aktif,Permintaan Rute Langsir dari L13A ke JL22A Aktif,1,1,,,rute,YK,87,6
1896,YK-L13A-42A-CTRL,Kombinasi Tombol Rute dari L13A ke JL42A tidak Aktif,Kombinasi Tombol Rute dari L13A ke JL42A Aktif,1,1,,,perintah,YK,87,7
1897,YK-L13A-42A-RS,Route Stick dari L13A ke JL42A Bebas,Route Stick dari L13A ke JL42A Terbentuk,1,1,,,rute,YK,87,8
1898,YK-L13A-42A-S-REQ,Permintaan Rute Langsir dari L13A ke JL42A tidak Aktif,Permintaan Rute Langsir dari L13A ke JL42A Aktif,1,1,,,rute,YK,87,9
1899,YK-L13A-62A-CTRL,Kombinasi Tombol Rute dari L13A ke JL62A tidak Aktif,Kombinasi Tombol Rute dari L13A ke JL62A Aktif,1,1,,,perintah,YK,87,10
1900,YK-L13A-62A-RS,Route Stick dari L13A ke JL62A Bebas,Route Stick dari L13A ke JL62A Terbentuk,1,1,,,rute,YK,87,11
1901,YK-L13A-62A-S-REQ,Permintaan Rute Langsir dari L13A ke JL62A tidak Aktif,Permintaan Rute Langsir dari L13A ke JL62A Aktif,1,1,,,rute,YK,87,12
1902,YK-L13A-82A-CTRL,Kombinasi Tombol Rute dari L13A ke JL82A tidak Aktif,Kombinasi Tombol Rute dari L13A ke JL82A Aktif,1,1,,,perintah,YK,87,13
1903,YK-L13A-82A-RS,Route Stick dari L13A ke JL82A Bebas,Route Stick dari L13A ke JL82A Terbentuk,1,1,,,rute,YK,87,14
1904,YK-L13A-82A-S-REQ,Permintaan Rute Langsir dari L13A ke JL82A tidak Aktif,Permintaan Rute Langsir dari L13A ke JL82A Aktif,1,1,,,rute,YK,87,15
1905,YK-L53A-52A-CTRL,Kombinasi Tombol Rute dari L53A ke JL52A tidak Aktif,Kombinasi Tombol Rute dari L53A ke JL52A Aktif,1,1,,,perintah,YK,88,0
1906,YK-L53A-52A-RS,Route Stick dari L53A ke JL52A Bebas,Route Stick dari L53A ke JL52A Terbentuk,1,1,,,rute,YK,88,1
1907,YK-L53A-52A-S-REQ,Permintaan Rute Langsir dari L53A ke JL52A tidak Aktif,Permintaan Rute Langsir dari L53A ke JL52A Aktif,1,1,,,rute,YK,88,2
1908,YK-L53A-72A-CTRL,Kombinasi Tombol Rute dari L53A ke JL72A tidak Aktif,Kombinasi Tombol Rute dari L53A ke JL72A Aktif,1,1,,,perintah,YK,88,3
1909,YK-L53A-72A-RS,Route Stick dari L53A ke JL72A Bebas,Route Stick dari L53A ke JL72A Terbentuk,1,1,,,rute,YK,88,4
1910,YK-L53A-72A-S-REQ,Permintaan Rute Langsir dari L53A ke JL72A tidak Aktif,Permintaan Rute Langsir dari L53A ke JL72A Aktif,1,1,,,rute,YK,88,5
1911,YK-L53A-92A-CTRL,Kombinasi Tombol Rute dari L53A ke JL92A tidak Aktif,Kombinasi Tombol Rute dari L53A ke JL92A Aktif,1,1,,,perintah,YK,88,6
1912,YK-L53A-92A-RS,Route Stick dari L53A ke JL92A Bebas,Route Stick dari L53A ke JL92A Terbentuk,1,1,,,rute,YK,88,7
1913,YK-L53A-92A-S-REQ,Permintaan Rute Langsir dari L53A ke JL92A tidak Aktif,Permintaan Rute Langsir dari L53A ke JL92A Aktif,1,1,,,rute,YK,88,8
1914,YK-L24-22A-CTRL,Kombinasi Tombol Rute dari L24 ke JL22A tidak Aktif,Kombinasi Tombol Rute dari L24 ke JL22A Aktif,1,1,,,perintah,YK,88,9
1915,YK-L24-22A-RS,Route Stick dari L24 ke JL22A Bebas,Route Stick dari L24 ke JL22A Terbentuk,1,1,,,rute,YK,88,10
1916,YK-L24-22A-S-REQ,Permintaan Rute Langsir dari L24 ke JL22A tidak Aktif,Permintaan Rute Langsir dari L24 ke JL22A Aktif,1,1,,,rute,YK,88,11
1917,YK-L24-42A-CTRL,Kombinasi Tombol Rute dari L24 ke JL42A tidak Aktif,Kombinasi Tombol Rute dari L24 ke JL42A Aktif,1,1,,,perintah,YK,88,12
1918,YK-L24-42A-RS,Route Stick dari L24 ke JL42A Bebas,Route Stick dari L24 ke JL42A Terbentuk,1,1,,,rute,YK,88,13
1919,YK-L24-42A-S-REQ,Permintaan Rute Langsir dari L24 ke JL42A tidak Aktif,Permintaan Rute Langsir dari L24 ke JL42A Aktif,1,1,,,rute,YK,88,14
1920,YK-L24-62A-CTRL,Kombinasi Tombol Rute dari L24 ke JL62A tidak Aktif,Kombinasi Tombol Rute dari L24 ke JL62A Aktif,1,1,,,perintah,YK,88,15
1921,YK-L24-62A-RS,Route Stick dari L24 ke JL62A Bebas,Route Stick dari L24 ke JL62A Terbentuk,1,1,,,rute,YK,89,0
1922,YK-L24-62A-S-REQ,Permintaan Rute Langsir dari L24 ke JL62A tidak Aktif,Permintaan Rute Langsir dari L24 ke JL62A Aktif,1,1,,,rute,YK,89,1
1923,YK-L24-82A-CTRL,Kombinasi Tombol Rute dari L24 ke JL82A tidak Aktif,Kombinasi Tombol Rute dari L24 ke JL82A Aktif,1,1,,,perintah,YK,89,2
1924,YK-L24-82A-RS,Route Stick dari L24 ke JL82A Bebas,Route Stick dari L24 ke JL82A Terbentuk,1,1,,,rute,YK,89,3
1925,YK-L24-82A-S-REQ,Permintaan Rute Langsir dari L24 ke JL82A tidak Aktif,Permintaan Rute Langsir dari L24 ke JL82A Aktif,1,1,,,rute,YK,89,4
1926,YK-L44-42A-CTRL,Kombinasi Tombol Rute dari L44 ke JL42A tidak Aktif,Kombinasi Tombol Rute dari L44 ke JL42A Aktif,1,1,,,perintah,YK,89,5
1927,YK-L44-42A-RS,Route Stick dari L44 ke JL42A Bebas,Route Stick dari L44 ke JL42A Terbentuk,1,1,,,rute,YK,89,6
1928,YK-L44-42A-S-REQ,Permintaan Rute Langsir dari L44 ke JL42A tidak Aktif,Permintaan Rute Langsir dari L44 ke JL42A Aktif,1,1,,,rute,YK,89,7
1929,YK-L44-62A-CTRL,Kombinasi Tombol Rute dari L44 ke JL62A tidak Aktif,Kombinasi Tombol Rute dari L44 ke JL62A Aktif,1,1,,,perintah,YK,89,8
1930,YK-L44-62A-RS,Route Stick dari L44 ke JL62A Bebas,Route Stick dari L44 ke JL62A Terbentuk,1,1,,,rute,YK,89,9
1931,YK-L44-62A-S-REQ,Permintaan Rute Langsir dari L44 ke JL62A tidak Aktif,Permintaan Rute Langsir dari L44 ke JL62A Aktif,1,1,,,rute,YK,89,10
1932,YK-L44-82A-CTRL,Kombinasi Tombol Rute dari L44 ke JL82A tidak Aktif,Kombinasi Tombol Rute dari L44 ke JL82A Aktif,1,1,,,perintah,YK,89,11
1933,YK-L44-82A-RS,Route Stick dari L44 ke JL82A Bebas,Route Stick dari L44 ke JL82A Terbentuk,1,1,,,rute,YK,89,12
1934,YK-L44-82A-S-REQ,Permintaan Rute Langsir dari L44 ke JL82A tidak Aktif,Permintaan Rute Langsir dari L44 ke JL82A Aktif,1,1,,,rute,YK,89,13
1935,YK-L64-62A-CTRL,Kombinasi Tombol Rute dari L64 ke JL62A tidak Aktif,Kombinasi Tombol Rute dari L64 ke JL62A Aktif,1,1,,,perintah,YK,89,14
1936,YK-L64-62A-RS,Route Stick dari L64 ke JL62A Bebas,Route Stick dari L64 ke JL62A Terbentuk,1,1,,,rute,YK,89,15
1937,YK-L64-62A-S-REQ,Permintaan Rute Langsir dari L64 ke JL62A tidak Aktif,Permintaan Rute Langsir dari L64 ke JL62A Aktif,1,1,,,rute,YK,90,0
1938,YK-L64-82A-CTRL,Kombinasi Tombol Rute dari L64 ke JL82A tidak Aktif,Kombinasi Tombol Rute dari L64 ke JL82A Aktif,1,1,,,perintah,YK,90,1
1939,YK-L64-82A-RS,Route Stick dari L64 ke JL82A Bebas,Route Stick dari L64 ke JL82A Terbentuk,1,1,,,rute,YK,90,2
1940,YK-L64-82A-S-REQ,Permintaan Rute Langsir dari L64 ke JL82A tidak Aktif,Permintaan Rute Langsir dari L64 ke JL82A Aktif,1,1,,,rute,YK,90,3
1941,YK-L84-82A-CTRL,Kombinasi Tombol Rute dari L84 ke JL82A tidak Aktif,Kombinasi Tombol Rute dari L84 ke JL82A Aktif,1,1,,,perintah,YK,90,4
1942,YK-L84-82A-RS,Route Stick dari L84 ke JL82A Bebas,Route Stick dari L84 ke JL82A Terbentuk,1,1,,,rute,YK,90,5
1943,YK-L84-82A-S-REQ,Permintaan Rute Langsir dari L84 ke JL82A tidak Aktif,Permintaan Rute Langsir dari L84 ke JL82A Aktif,1,1,,,rute,YK,90,6
1944,YK-JL12A-A20-CTRL,Kombinasi Tombol Rute dari JL12A ke A20 tidak Aktif,Kombinasi Tombol Rute dari JL12A ke A20 Aktif,1,1,,,perintah,YK,90,7
1945,YK-JL12A-A20-RS,Route Stick dari JL12A ke A20 Bebas,Route Stick dari JL12A ke A20 Terbentuk,1,1,,,rute,YK,90,8
1946,YK-JL12A-A20-E-REQ,Permintaan Rute Darurat dari JL12A ke A20 tidak Aktif,Permintaan Rute Darurat dari JL12A ke A20 Aktif,1,1,,,rute,YK,90,9
1947,YK-JL12A-A20-E-RST-TE,,Rute Darurat dari JL12A ke A20 Timeout,1,1,,,rute,YK,90,10
1948,YK-JL12A-A20-T-REQ,Permintaan Rute Normal dari JL12A ke A20 tidak Aktif,Permintaan Rute Normal dari JL12A ke A20 Aktif,1,1,,,rute,YK,90,11
1949,YK-JL22A-A20-CTRL,Kombinasi Tombol Rute dari JL22A ke A20 tidak Aktif,Kombinasi Tombol Rute dari JL22A ke A20 Aktif,1,1,,,perintah,YK,90,12
1950,YK-JL22A-A20-RS,Route Stick dari JL22A ke A20 Bebas,Route Stick dari JL22A ke A20 Terbentuk,1,1,,,rute,YK,90,13
1951,YK-JL22A-A20-E-REQ,Permintaan Rute Darurat dari JL22A ke A20 tidak Aktif,Permintaan Rute Darurat dari JL22A ke A20 Aktif,1,1,,,rute,YK,90,14
1952,YK-JL22A-A20-E-RST-TE,,Rute Darurat dari JL22A ke A20 Timeout,1,1,,,rute,YK,90,15
1953,YK-JL22A-A20-T-REQ,Permintaan Rute Normal dari JL22A ke A20 tidak Aktif,Permintaan Rute Normal dari JL22A ke A20 Aktif,1,1,,,rute,YK,91,0
1954,YK-JL42A-A20-CTRL,Kombinasi Tombol Rute dari JL42A ke A20 tidak Aktif,Kombinasi Tombol Rute dari JL42A ke A20 Aktif,1,1,,,perintah,YK,91,1
1955,YK-JL42A-A20-RS,Route Stick dari JL42A ke A20 Bebas,Route Stick dari JL42A ke A20 Terbentuk,1,1,,,rute,YK,91,2
1956,YK-JL42A-A20-E-REQ,Permintaan Rute Darurat dari JL42A ke A20 tidak Aktif,Permintaan Rute Darurat dari JL42A ke A20 Aktif,1,1,,,rute,YK,91,3
1957,YK-JL42A-A20-E-RST-TE,,Rute Darurat dari JL42A ke A20 Timeout,1,1,,,rute,YK,91,4
1958,YK-JL42A-A20-T-REQ,Permintaan Rute Normal dari JL42A ke A20 tidak Aktif,Permintaan Rute Normal dari JL42A ke A20 Aktif,1,1,,,rute,YK,91,5
1959,YK-JL52A-A20-CTRL,Kombinasi Tombol Rute dari JL52A ke A20 tidak Aktif,Kombinasi Tombol Rute dari JL52A ke A20 Aktif,1,1,,,perintah,YK,91,6
1960,YK-JL52A-A20-RS,Route Stick dari JL52A ke A20 Bebas,Route Stick dari JL52A ke A20 Terbentuk,1,1,,,rute,YK,91,7
1961,YK-JL52A-A20-E-REQ,Permintaan Rute Darurat dari JL52A ke A20 tidak Aktif,Permintaan Rute Darurat dari JL52A ke A20 Aktif,1,1,,,rute,YK,91,8
1962,YK-JL52A-A20-E-RST-TE,,Rute Darurat dari JL52A ke A20 Timeout,1,1,,,rute,YK,91,9
1963,YK-JL52A-A20-T-REQ,Permintaan Rute Normal dari JL52A ke A20 tidak Aktif,Permintaan Rute Normal dari JL52A ke A20 Aktif,1,1,,,rute,YK,91,10
1964,YK-JL62A-A20-CTRL,Kombinasi Tombol Rute dari JL62A ke A20 tidak Aktif,Kombinasi Tombol Rute dari JL62A ke A20 Aktif,1,1,,,perintah,YK,91,11
1965,YK-JL62A-A20-RS,Route Stick dari JL62A ke A20 Bebas,Route Stick dari JL62A ke A20 Terbentuk,1,1,,,rute,YK,91,12
1966,YK-JL62A-A20-E-REQ,Permintaan Rute Darurat dari JL62A ke A20 tidak Aktif,Permintaan Rute Darurat dari JL62A ke A20 Aktif,1,1,,,rute,YK,91,13
1967,YK-JL62A-A20-E-RST-TE,,Rute Darurat dari JL62A ke A20 Timeout,1,1,,,rute,YK,91,14
1968,YK-JL62A-A20-T-REQ,Permintaan Rute Normal dari JL62A ke A20 tidak Aktif,Permintaan Rute Normal dari JL62A ke A20 Aktif,1,1,,,rute,YK,91,15
1969,YK-JL72A-A20-CTRL,Kombinasi Tombol Rute dari JL72A ke A20 tidak Aktif,Kombinasi Tombol Rute dari JL72A ke A20 Aktif,1,1,,,perintah,YK,92,0
1970,YK-JL72A-A20-RS,Route Stick dari JL72A ke A20 Bebas,Route Stick dari JL72A ke A20 Terbentuk,1,1,,,rute,YK,92,1
1971,YK-JL72A-A20-E-REQ,Permintaan Rute Darurat dari JL72A ke A20 tidak Aktif,Permintaan Rute Darurat dari JL72A ke A20 Aktif,1,1,,,rute,YK,92,2
1972,YK-JL72A-A20-E-RST-TE,,Rute Darurat dari JL72A ke A20 Timeout,1,1,,,rute,YK,92,3
1973,YK-JL72A-A20-T-REQ,Permintaan Rute Normal dari JL72A ke A20 tidak Aktif,Permintaan Rute Normal dari JL72A ke A20 Aktif,1,1,,,rute,YK,92,4
1974,YK-JL82A-A20-CTRL,Kombinasi Tombol Rute dari JL82A ke A20 tidak Aktif,Kombinasi Tombol Rute dari JL82A ke A20 Aktif,1,1,,,perintah,YK,92,5
1975,YK-JL82A-A20-RS,Route Stick dari JL82A ke A20 Bebas,Route Stick dari JL82A ke A20 Terbentuk,1,1,,,rute,YK,92,6
1976,YK-JL82A-A20-E-REQ,Permintaan Rute Darurat dari JL82A ke A20 tidak Aktif,Permintaan Rute Darurat dari JL82A ke A20 Aktif,1,1,,,rute,YK,92,7
1977,YK-JL82A-A20-E-RST-TE,,Rute Darurat dari JL82A ke A20 Timeout,1,1,,,rute,YK,92,8
1978,YK-JL82A-A20-T-REQ,Permintaan Rute Normal dari JL82A ke A20 tidak Aktif,Permintaan Rute Normal dari JL82A ke A20 Aktif,1,1,,,rute,YK,92,9
1979,YK-JL92A-A20-CTRL,Kombinasi Tombol Rute dari JL92A ke A20 tidak Aktif,Kombinasi Tombol Rute dari JL92A ke A20 Aktif,1,1,,,perintah,YK,92,10
1980,YK-JL92A-A20-RS,Route Stick dari JL92A ke A20 Bebas,Route Stick dari JL92A ke A20 Terbentuk,1,1,,,rute,YK,92,11
1981,YK-JL92A-A20-E-REQ,Permintaan Rute Darurat dari JL92A ke A20 tidak Aktif,Permintaan Rute Darurat dari JL92A ke A20 Aktif,1,1,,,rute,YK,92,12
1982,YK-JL92A-A20-E-RST-TE,,Rute Darurat dari JL92A ke A20 Timeout,1,1,,,rute,YK,92,13
1983,YK-JL92A-A20-T-REQ,Permintaan Rute Normal dari JL92A ke A20 tidak Aktif,Permintaan Rute Normal dari JL92A ke A20 Aktif,1,1,,,rute,YK,92,14
1984,YK-JL12A-A10-CF-CTRL,Kombinasi Tombol Rute Contra Flow dari JL12A ke A10 tidak Aktif,Kombinasi Tombol Rute Contra Flow dari JL12A ke A10 Aktif,1,1,,,perintah,YK,92,15
1985,YK-JL12A-A10-CF-RS,Route Stick dari JL12A ke A10 Bebas,Route Stick dari JL12A ke A10 Terbentuk,1,1,,,rute,YK,93,0
1986,YK-JL12A-A10-CF-E-REQ,Permintaan Rute Contraflow dari JL12A ke A10 tidak Aktif,Permintaan Rute Contraflow dari JL12A ke A10 Aktif,1,1,,,rute,YK,93,1
1987,YK-JL12A-A10-CF-E-RST-TE,,Rute Contraflow dari JL12A ke A10 Timeout,1,1,,,rute,YK,93,2
1988,YK-JL22A-A10-CF-CTRL,Kombinasi Tombol Rute Contra Flow dari JL22A ke A10 tidak Aktif,Kombinasi Tombol Rute Contra Flow dari JL22A ke A10 Aktif,1,1,,,perintah,YK,93,3
1989,YK-JL22A-A10-CF-RS,Route Stick dari JL22A ke A10 Bebas,Route Stick dari JL22A ke A10 Terbentuk,1,1,,,rute,YK,93,4
1990,YK-JL22A-A10-CF-E-REQ,Permintaan Rute Contraflow dari JL22A ke A10 tidak Aktif,Permintaan Rute Contraflow dari JL22A ke A10 Aktif,1,1,,,rute,YK,93,5
1991,YK-JL22A-A10-CF-E-RST-TE,,Rute Contraflow dari JL22A ke A10 Timeout,1,1,,,rute,YK,93,6
1992,YK-JL52A-A10-CF-CTRL,Kombinasi Tombol Rute Contra Flow dari JL52A ke A10 tidak Aktif,Kombinasi Tombol Rute Contra Flow dari JL52A ke A10 Aktif,1,1,,,perintah,YK,93,7
1993,YK-JL52A-A10-CF-RS,Route Stick dari JL52A ke A10 Bebas,Route Stick dari JL52A ke A10 Terbentuk,1,1,,,rute,YK,93,8
1994,YK-JL52A-A10-CF-E-REQ,Permintaan Rute Contraflow dari JL52A ke A10 tidak Aktif,Permintaan Rute Contraflow dari JL52A ke A10 Aktif,1,1,,,rute,YK,93,9
1995,YK-JL52A-A10-CF-E-RST-TE,,Rute Contraflow dari JL52A ke A10 Timeout,1,1,,,rute,YK,93,10
1996,YK-JL12A-X20-CTRL,Kombinasi Tombol Rute dari JL12A ke X20 tidak Aktif,Kombinasi Tombol Rute dari JL12A ke X20 Aktif,1,1,,,perintah,YK,93,11
1997,YK-JL12A-X20-RS,Route Stick dari JL12A ke X20 Bebas,Route Stick dari JL12A ke X20 Terbentuk,1,1,,,rute,YK,93,12
1998,YK-JL12A-X20-S-REQ,Permintaan Rute Langsir dari JL12A ke X20 tidak Aktif,Permintaan Rute Langsir dari JL12A ke X20 Aktif,1,1,,,rute,YK,93,13
1999,YK-JL22A-21A-CTRL,Kombinasi Tombol Rute dari JL22A ke L21A tidak Aktif,Kombinasi Tombol Rute dari JL22A ke L21A Aktif,1,1,,,perintah,YK,93,14
2000,YK-JL22A-21A-RS,Route Stick dari JL22A ke L21A Bebas,Route Stick dari JL22A ke L21A Terbentuk,1,1,,,rute,YK,93,15
2001,YK-JL22A-21A-S-REQ,Permintaan Rute Langsir dari JL22A ke L21A tidak Aktif,Permintaan Rute Langsir dari JL22A ke L21A Aktif,1,1,,,rute,YK,94,0
2002,YK-JL42A-21A-CTRL,Kombinasi Tombol Rute dari JL42A ke L21A tidak Aktif,Kombinasi Tombol Rute dari JL42A ke L21A Aktif,1,1,,,perintah,YK,94,1
2003,YK-JL42A-21A-RS,Route Stick dari JL42A ke L21A Bebas,Route Stick dari JL42A ke L21A Terbentuk,1,1,,,rute,YK,94,2
2004,YK-JL42A-21A-S-REQ,Permintaan Rute Langsir dari JL42A ke L21A tidak Aktif,Permintaan Rute Langsir dari JL42A ke L21A Aktif,1,1,,,rute,YK,94,3
2005,YK-JL62A-21A-CTRL,Kombinasi Tombol Rute dari JL62A ke L21A tidak Aktif,Kombinasi Tombol Rute dari JL62A ke L21A Aktif,1,1,,,perintah,YK,94,4
2006,YK-JL62A-21A-RS,Route Stick dari JL62A ke L21A Bebas,Route Stick dari JL62A ke L21A Terbentuk,1,1,,,rute,YK,94,5
2007,YK-JL62A-21A-S-REQ,Permintaan Rute Langsir dari JL62A ke L21A tidak Aktif,Permintaan Rute Langsir dari JL62A ke L21A Aktif,1,1,,,rute,YK,94,6
2008,YK-JL82A-21A-CTRL,Kombinasi Tombol Rute dari JL82A ke L21A tidak Aktif,Kombinasi Tombol Rute dari JL82A ke L21A Aktif,1,1,,,perintah,YK,94,7
2009,YK-JL82A-21A-RS,Route Stick dari JL82A ke L21A Bebas,Route Stick dari JL82A ke L21A Terbentuk,1,1,,,rute,YK,94,8
2010,YK-JL82A-21A-S-REQ,Permintaan Rute Langsir dari JL82A ke L21A tidak Aktif,Permintaan Rute Langsir dari JL82A ke L21A Aktif,1,1,,,rute,YK,94,9
2011,YK-JL52A-51A-CTRL,Kombinasi Tombol Rute dari JL52A ke L51A tidak Aktif,Kombinasi Tombol Rute dari JL52A ke L51A Aktif,1,1,,,perintah,YK,94,10
2012,YK-JL52A-51A-RS,Route Stick dari JL52A ke L51A Bebas,Route Stick dari JL52A ke L51A Terbentuk,1,1,,,rute,YK,94,11
2013,YK-JL52A-51A-S-REQ,Permintaan Rute Langsir dari JL52A ke L51A tidak Aktif,Permintaan Rute Langsir dari JL52A ke L51A Aktif,1,1,,,rute,YK,94,12
2014,YK-JL72A-51A-CTRL,Kombinasi Tombol Rute dari JL72A ke L51A tidak Aktif,Kombinasi Tombol Rute dari JL72A ke L51A Aktif,1,1,,,perintah,YK,94,13
2015,YK-JL72A-51A-RS,Route Stick dari JL72A ke L51A Bebas,Route Stick dari JL72A ke L51A Terbentuk,1,1,,,rute,YK,94,14
2016,YK-JL72A-51A-S-REQ,Permintaan Rute Langsir dari JL72A ke L51A tidak Aktif,Permintaan Rute Langsir dari JL72A ke L51A Aktif,1,1,,,rute,YK,94,15
2017,YK-JL92A-51A-CTRL,Kombinasi Tombol Rute dari JL92A ke L51A tidak Aktif,Kombinasi Tombol Rute dari JL92A ke L51A Aktif,1,1,,,perintah,YK,95,0
2018,YK-JL92A-51A-RS,Route Stick dari JL92A ke L51A Bebas,Route Stick dari JL92A ke L51A Terbentuk,1,1,,,rute,YK,95,1
2019,YK-JL92A-51A-S-REQ,Permintaan Rute Langsir dari JL92A ke L51A tidak Aktif,Permintaan Rute Langsir dari JL92A ke L51A Aktif,1,1,,,rute,YK,95,2
2020,YK-L21A-X20-CTRL,Kombinasi Tombol Rute dari L21A ke X20 tidak Aktif,Kombinasi Tombol Rute dari L21A ke X20 Aktif,1,1,,,perintah,YK,95,3
2021,YK-L21A-X20-RS,Route Stick dari L21A ke X20 Bebas,Route Stick dari L21A ke X20 Terbentuk,1,1,,,rute,YK,95,4
2022,YK-L21A-X20-S-REQ,Permintaan Rute Langsir dari L21A ke X20 tidak Aktif,Permintaan Rute Langsir dari L21A ke X20 Aktif,1,1,,,rute,YK,95,5
2023,YK-L51A-X20-CTRL,Kombinasi Tombol Rute dari L51A ke X20 tidak Aktif,Kombinasi Tombol Rute dari L51A ke X20 Aktif,1,1,,,perintah,YK,95,6
2024,YK-L51A-X20-RS,Route Stick dari L51A ke X20 Bebas,Route Stick dari L51A ke X20 Terbentuk,1,1,,,rute,YK,95,7
2025,YK-L51A-X20-S-REQ,Permintaan Rute Langsir dari L51A ke X20 tidak Aktif,Permintaan Rute Langsir dari L51A ke X20 Aktif,1,1,,,rute,YK,95,8
2026,YK-JL42A-X40-CTRL,Kombinasi Tombol Rute dari JL42A ke X40 tidak Aktif,Kombinasi Tombol Rute dari JL42A ke X40 Aktif,1,1,,,perintah,YK,95,9
2027,YK-JL42A-X40-RS,Route Stick dari JL42A ke X40 Bebas,Route Stick dari JL42A ke X40 Terbentuk,1,1,,,rute,YK,95,10
2028,YK-JL42A-X40-S-REQ,Permintaan Rute Langsir dari JL42A ke X40 tidak Aktif,Permintaan Rute Langsir dari JL42A ke X40 Aktif,1,1,,,rute,YK,95,11
2029,YK-JL62A-X40-CTRL,Kombinasi Tombol Rute dari JL62A ke X40 tidak Aktif,Kombinasi Tombol Rute dari JL62A ke X40 Aktif,1,1,,,perintah,YK,95,12
2030,YK-JL62A-X40-RS,Route Stick dari JL62A ke X40 Bebas,Route Stick dari JL62A ke X40 Terbentuk,1,1,,,rute,YK,95,13
2031,YK-JL62A-X40-S-REQ,Permintaan Rute Langsir dari JL62A ke X40 tidak Aktif,Permintaan Rute Langsir dari JL62A ke X40 Aktif,1,1,,,rute,YK,95,14
2032,YK-JL82A-X40-CTRL,Kombinasi Tombol Rute dari JL82A ke X40 tidak Aktif,Kombinasi Tombol Rute dari JL82A ke X40 Aktif,1,1,,,perintah,YK,95,15
2033,YK-JL82A-X40-RS,Route Stick dari JL82A ke X40 Bebas,Route Stick dari JL82A ke X40 Terbentuk,1,1,,,rute,YK,96,0
2034,YK-JL82A-X40-S-REQ,Permintaan Rute Langsir dari JL82A ke X40 tidak Aktif,Permintaan Rute Langsir dari JL82A ke X40 Aktif,1,1,,,rute,YK,96,1
2035,YK-JL82A-X80-CTRL,Kombinasi Tombol Rute dari JL82A ke X80 tidak Aktif,Kombinasi Tombol Rute dari JL82A ke X80 Aktif,1,1,,,perintah,YK,96,2
2036,YK-JL82A-X80-RS,Route Stick dari JL82A ke X80 Bebas,Route Stick dari JL82A ke X80 Terbentuk,1,1,,,rute,YK,96,3
2037,YK-JL82A-X80-S-REQ,Permintaan Rute Langsir dari JL82A ke X80 tidak Aktif,Permintaan Rute Langsir dari JL82A ke X80 Aktif,1,1,,,rute,YK,96,4
2038,YK-JL82A-X100-CTRL,Kombinasi Tombol Rute dari JL82A ke X100 tidak Aktif,Kombinasi Tombol Rute dari JL82A ke X100 Aktif,1,1,,,perintah,YK,96,5
2039,YK-JL82A-X100-RS,Route Stick dari JL82A ke X100 Bebas,Route Stick dari JL82A ke X100 Terbentuk,1,1,,,rute,YK,96,6
2040,YK-JL82A-X100-S-REQ,Permintaan Rute Langsir dari JL82A ke X100 tidak Aktif,Permintaan Rute Langsir dari JL82A ke X100 Aktif,1,1,,,rute,YK,96,7
2041,YK-L102-X100-CTRL,Kombinasi Tombol Rute dari L102 ke X100 tidak Aktif,Kombinasi Tombol Rute dari L102 ke X100 Aktif,1,1,,,perintah,YK,96,8
2042,YK-L102-X100-RS,Route Stick dari L102 ke X100 Bebas,Route Stick dari L102 ke X100 Terbentuk,1,1,,,rute,YK,96,9
2043,YK-L102-X100-S-REQ,Permintaan Rute Langsir dari L102 ke X100 tidak Aktif,Permintaan Rute Langsir dari L102 ke X100 Aktif,1,1,,,rute,YK,96,10
2044,YK-L32-X30-CTRL,Kombinasi Tombol Rute dari L32 ke X30 tidak Aktif,Kombinasi Tombol Rute dari L32 ke X30 Aktif,1,1,,,perintah,YK,96,11
2045,YK-L32-X30-RS,Route Stick dari L32 ke X30 Bebas,Route Stick dari L32 ke X30 Terbentuk,1,1,,,rute,YK,96,12
2046,YK-L32-X30-S-REQ,Permintaan Rute Langsir dari L32 ke X30 tidak Aktif,Permintaan Rute Langsir dari L32 ke X30 Aktif,1,1,,,rute,YK,96,13
2047,YK-L32-X20-CTRL,Kombinasi Tombol Rute dari L32 ke X20 tidak Aktif,Kombinasi Tombol Rute dari L32 ke X20 Aktif,1,1,,,perintah,YK,96,14
2048,YK-L32-X20-RS,Route Stick dari L32 ke X20 Bebas,Route Stick dari L32 ke X20 Terbentuk,1,1,,,rute,YK,96,15
2049,YK-L32-X20-S-REQ,Permintaan Rute Langsir dari L32 ke X20 tidak Aktif,Permintaan Rute Langsir dari L32 ke X20 Aktif,1,1,,,rute,YK,97,0
2050,YK-J10-ECRF,ECR Sinyal J10 Normal,Gangguan ECR Sinyal J10,1,1,1,0>1,sinyal,YK,97,1
2051,YK-J10-EKR-DI,Intensitas Cahaya (EKR) Sinyal J10 Berkurang,Intensitas Cahaya (EKR) Sinyal J10 Normal,1,1,,,sinyal,YK,97,2
2052,YK-J10-EK-TE,EKR Sinyal J10 Normal,Gangguan EKR Sinyal J10,1,1,1,0>1,sinyal,YK,97,3
2053,YK-J10-SECRF,SECR Sinyal J10 Normal,Gangguan SECR Sinyal J10,1,1,1,0>1,sinyal,YK,97,4
2054,YK-J10-RST-CTRL,Kombinasi Tombol Hapus Rute Sinyal Asal J10 tidak Aktif,Kombinasi Tombol Hapus Rute Sinyal Asal J10 Aktif,1,1,,,perintah,YK,97,5
2055,YK-J10-E-CTRL,Kombinasi Tombol TSD dan J10 tidak Aktif,Kombinasi Tombol TSD dan J10 Aktif,1,1,,,perintah,YK,97,6
2056,YK-J10-F-CTRL,Kombinasi Tombol TUR Sinyal J10 tidak Aktif,Kombinasi Tombol TUR Sinyal J10 Aktif,1,1,,,perintah,YK,97,7
2057,YK-J10-F-RS,Route Stick TUR dari Sinyal J10 tidak Aktif,Route Stick TUR dari Sinyal J10 Aktif,1,1,,,Sinyal,YK,97,8
2058,YK-J20-RST-CTRL,Kombinasi Tombol Hapus Rute Sinyal Asal J20 tidak Aktif,Kombinasi Tombol Hapus Rute Sinyal Asal J20 Aktif,1,1,,,perintah,YK,97,9
2059,YK-J20-E-CTRL,Kombinasi Tombol TSD dan J20 tidak Aktif,Kombinasi Tombol TSD dan J20 Aktif,1,1,,,perintah,YK,97,10
2060,YK-J14-ECRF,ECR Sinyal J14 Normal,Gangguan ECR Sinyal J14,1,1,1,0>1,sinyal,YK,97,11
2061,YK-J14-EKR-DI,Intensitas Cahaya (EKR) Sinyal J14 Berkurang,Intensitas Cahaya (EKR) Sinyal J14 Normal,1,1,,,sinyal,YK,97,12
2062,YK-J14-EK-TE,EKR Sinyal J14 Normal,Gangguan EKR Sinyal J14,1,1,1,0>1,sinyal,YK,97,13
2063,YK-J14-SECRF,SECR Sinyal J14 Normal,Gangguan SECR Sinyal J14,1,1,1,0>1,sinyal,YK,97,14
2064,YK-J14-RST-CTRL,Kombinasi Tombol Hapus Rute Sinyal Asal J14 tidak Aktif,Kombinasi Tombol Hapus Rute Sinyal Asal J14 Aktif,1,1,,,perintah,YK,97,15
2065,YK-J14-E-CTRL,Kombinasi Tombol TSD dan J14 tidak Aktif,Kombinasi Tombol TSD dan J14 Aktif,1,1,,,perintah,YK,98,0
2066,YK-J14-F-CTRL,Kombinasi Tombol TUR Sinyal J14 tidak Aktif,Kombinasi Tombol TUR Sinyal J14 Aktif,1,1,,,perintah,YK,98,1
2067,YK-J14-F-RS,Route Stick TUR dari Sinyal J14 tidak Aktif,Route Stick TUR dari Sinyal J14 Aktif,1,1,,,Sinyal,YK,98,2
2068,YK-J54-ECRF,ECR Sinyal J54 Normal,Gangguan ECR Sinyal J54,1,1,1,0>1,sinyal,YK,98,3
2069,YK-J54-EKR-DI,Intensitas Cahaya (EKR) Sinyal J54 Berkurang,Intensitas Cahaya (EKR) Sinyal J54 Normal,1,1,,,sinyal,YK,98,4
2070,YK-J54-EK-TE,EKR Sinyal J54 Normal,Gangguan EKR Sinyal J54,1,1,1,0>1,sinyal,YK,98,5
2071,YK-J54-SECRF,SECR Sinyal J54 Normal,Gangguan SECR Sinyal J54,1,1,1,0>1,sinyal,YK,98,6
2072,YK-J54-RST-CTRL,Kombinasi Tombol Hapus Rute Sinyal Asal J54 tidak Aktif,Kombinasi Tombol Hapus Rute Sinyal Asal J54 Aktif,1,1,,,perintah,YK,98,7
2073,YK-J54-E-CTRL,Kombinasi Tombol TSD dan J54 tidak Aktif,Kombinasi Tombol TSD dan J54 Aktif,1,1,,,perintah,YK,98,8
2074,YK-JL12B-ECRF,ECR Sinyal JL12B Normal,Gangguan ECR Sinyal JL12B,1,1,1,0>1,sinyal,YK,98,9
2075,YK-JL12B-EKR-DI,Intensitas Cahaya (EKR) Sinyal JL12B Berkurang,Intensitas Cahaya (EKR) Sinyal JL12B Normal,1,1,,,sinyal,YK,98,10
2076,YK-JL12B-EK-TE,EKR Sinyal JL12B Normal,Gangguan EKR Sinyal JL12B,1,1,1,0>1,sinyal,YK,98,11
2077,YK-JL12B-SECRF,SECR Sinyal JL12B Normal,Gangguan SECR Sinyal JL12B,1,1,1,0>1,sinyal,YK,98,12
2078,YK-JL12B-RST-CTRL,Kombinasi Tombol Hapus Rute Sinyal Asal JL12B tidak Aktif,Kombinasi Tombol Hapus Rute Sinyal Asal JL12B Aktif,1,1,,,perintah,YK,98,13
2079,YK-JL12B-RRLSPB-CTRL,Kombinasi Tombol Hapus Rute Sinyal Tujuan JL12B tidak Aktif,Kombinasi Tombol Hapus Rute Sinyal Tujuan JL12B Aktif,1,1,,,perintah,YK,98,14
2080,YK-JL12B-E-CTRL,Kombinasi Tombol TSD dan JL12B tidak Aktif,Kombinasi Tombol TSD dan JL12B Aktif,1,1,,,perintah,YK,98,15
2081,YK-JL22B-ECRF,ECR Sinyal JL22B Normal,Gangguan ECR Sinyal JL22B,1,1,1,0>1,sinyal,YK,99,0
2082,YK-JL22B-EKR-DI,Intensitas Cahaya (EKR) Sinyal JL22B Berkurang,Intensitas Cahaya (EKR) Sinyal JL22B Normal,1,1,,,sinyal,YK,99,1
2083,YK-JL22B-EK-TE,EKR Sinyal JL22B Normal,Gangguan EKR Sinyal JL22B,1,1,1,0>1,sinyal,YK,99,2
2084,YK-JL22B-RST-CTRL,Kombinasi Tombol Hapus Rute Sinyal Asal JL22B tidak Aktif,Kombinasi Tombol Hapus Rute Sinyal Asal JL22B Aktif,1,1,,,perintah,YK,99,3
2085,YK-JL22B-RRLSPB-CTRL,Kombinasi Tombol Hapus Rute Sinyal Tujuan JL22B tidak Aktif,Kombinasi Tombol Hapus Rute Sinyal Tujuan JL22B Aktif,1,1,,,perintah,YK,99,4
2086,YK-JL22B-E-CTRL,Kombinasi Tombol TSD dan JL22B tidak Aktif,Kombinasi Tombol TSD dan JL22B Aktif,1,1,,,perintah,YK,99,5
2087,YK-JL42B-ECRF,ECR Sinyal JL42B Normal,Gangguan ECR Sinyal JL42B,1,1,1,0>1,sinyal,YK,99,6
2088,YK-JL42B-EKR-DI,Intensitas Cahaya (EKR) Sinyal JL42B Berkurang,Intensitas Cahaya (EKR) Sinyal JL42B Normal,1,1,,,sinyal,YK,99,7
2089,YK-JL42B-EK-TE,EKR Sinyal JL42B Normal,Gangguan EKR Sinyal JL42B,1,1,1,0>1,sinyal,YK,99,8
2090,YK-JL42B-RST-CTRL,Kombinasi Tombol Hapus Rute Sinyal Asal JL42B tidak Aktif,Kombinasi Tombol Hapus Rute Sinyal Asal JL42B Aktif,1,1,,,perintah,YK,99,9
2091,YK-JL42B-RRLSPB-CTRL,Kombinasi Tombol Hapus Rute Sinyal Tujuan JL42B tidak Aktif,Kombinasi Tombol Hapus Rute Sinyal Tujuan JL42B Aktif,1,1,,,perintah,YK,99,10
2092,YK-JL42B-E-CTRL,Kombinasi Tombol TSD dan JL42B tidak Aktif,Kombinasi Tombol TSD dan JL42B Aktif,1,1,,,perintah,YK,99,11
2093,YK-JL52B-ECRF,ECR Sinyal JL52B Normal,Gangguan ECR Sinyal JL52B,1,1,1,0>1,sinyal,YK,99,12
2094,YK-JL52B-EKR-DI,Intensitas Cahaya (EKR) Sinyal JL52B Berkurang,Intensitas Cahaya (EKR) Sinyal JL52B Normal,1,1,,,sinyal,YK,99,13
2095,YK-JL52B-EK-TE,EKR Sinyal JL52B Normal,Gangguan EKR Sinyal JL52B,1,1,1,0>1,sinyal,YK,99,14
2096,YK-JL52B-SECRF,SECR Sinyal JL52B Normal,Gangguan SECR Sinyal JL52B,1,1,1,0>1,sinyal,YK,99,15
2097,YK-JL52B-RST-CTRL,Kombinasi Tombol Hapus Rute Sinyal Asal JL52B tidak Aktif,Kombinasi Tombol Hapus Rute Sinyal Asal JL52B Aktif,1,1,,,perintah,YK,100,0
2098,YK-JL52B-RRLSPB-CTRL,Kombinasi Tombol Hapus Rute Sinyal Tujuan JL52B tidak Aktif,Kombinasi Tombol Hapus Rute Sinyal Tujuan JL52B Aktif,1,1,,,perintah,YK,100,1
2099,YK-JL52B-E-CTRL,Kombinasi Tombol TSD dan JL52B tidak Aktif,Kombinasi Tombol TSD dan JL52B Aktif,1,1,,,perintah,YK,100,2
2100,YK-JL52B-F-CTRL,Kombinasi Tombol TUR Sinyal JL52B tidak Aktif,Kombinasi Tombol TUR Sinyal JL52B Aktif,1,1,,,perintah,YK,100,3
2101,YK-JL52B-F-RS,Route Stick TUR dari Sinyal JL52B tidak Aktif,Route Stick TUR dari Sinyal JL52B Aktif,1,1,,,Sinyal,YK,100,4
2102,YK-JL62B-ECRF,ECR Sinyal JL62B Normal,Gangguan ECR Sinyal JL62B,1,1,1,0>1,sinyal,YK,100,5
2103,YK-JL62B-EKR-DI,Intensitas Cahaya (EKR) Sinyal JL62B Berkurang,Intensitas Cahaya (EKR) Sinyal JL62B Normal,1,1,,,sinyal,YK,100,6
2104,YK-JL62B-EK-TE,EKR Sinyal JL62B Normal,Gangguan EKR Sinyal JL62B,1,1,1,0>1,sinyal,YK,100,7
2105,YK-JL62B-RST-CTRL,Kombinasi Tombol Hapus Rute Sinyal Asal JL62B tidak Aktif,Kombinasi Tombol Hapus Rute Sinyal Asal JL62B Aktif,1,1,,,perintah,YK,100,8
2106,YK-JL62B-RRLSPB-CTRL,Kombinasi Tombol Hapus Rute Sinyal Tujuan JL62B tidak Aktif,Kombinasi Tombol Hapus Rute Sinyal Tujuan JL62B Aktif,1,1,,,perintah,YK,100,9
2107,YK-JL62B-E-CTRL,Kombinasi Tombol TSD dan JL62B tidak Aktif,Kombinasi Tombol TSD dan JL62B Aktif,1,1,,,perintah,YK,100,10
2108,YK-JL72B-ECRF,ECR Sinyal JL72B Normal,Gangguan ECR Sinyal JL72B,1,1,1,0>1,sinyal,YK,100,11
2109,YK-JL72B-EKR-DI,Intensitas Cahaya (EKR) Sinyal JL72B Berkurang,Intensitas Cahaya (EKR) Sinyal JL72B Normal,1,1,,,sinyal,YK,100,12
2110,YK-JL72B-EK-TE,EKR Sinyal JL72B Normal,Gangguan EKR Sinyal JL72B,1,1,1,0>1,sinyal,YK,100,13
2111,YK-JL72B-RST-CTRL,Kombinasi Tombol Hapus Rute Sinyal Asal JL72B tidak Aktif,Kombinasi Tombol Hapus Rute Sinyal Asal JL72B Aktif,1,1,,,perintah,YK,100,14
2112,YK-JL72B-RRLSPB-CTRL,Kombinasi Tombol Hapus Rute Sinyal Tujuan JL72B tidak Aktif,Kombinasi Tombol Hapus Rute Sinyal Tujuan JL72B Aktif,1,1,,,perintah,YK,100,15
2113,YK-JL72B-E-CTRL,Kombinasi Tombol TSD dan JL72B tidak Aktif,Kombinasi Tombol TSD dan JL72B Aktif,1,1,,,perintah,YK,101,0
2114,YK-JL82B-ECRF,ECR Sinyal JL82B Normal,Gangguan ECR Sinyal JL82B,1,1,1,0>1,sinyal,YK,101,1
2115,YK-JL82B-EKR-DI,Intensitas Cahaya (EKR) Sinyal JL82B Berkurang,Intensitas Cahaya (EKR) Sinyal JL82B Normal,1,1,,,sinyal,YK,101,2
2116,YK-JL82B-EK-TE,EKR Sinyal JL82B Normal,Gangguan EKR Sinyal JL82B,1,1,1,0>1,sinyal,YK,101,3
2117,YK-JL82B-RST-CTRL,Kombinasi Tombol Hapus Rute Sinyal Asal JL82B tidak Aktif,Kombinasi Tombol Hapus Rute Sinyal Asal JL82B Aktif,1,1,,,perintah,YK,101,4
2118,YK-JL82B-RRLSPB-CTRL,Kombinasi Tombol Hapus Rute Sinyal Tujuan JL82B tidak Aktif,Kombinasi Tombol Hapus Rute Sinyal Tujuan JL82B Aktif,1,1,,,perintah,YK,101,5
2119,YK-JL82B-E-CTRL,Kombinasi Tombol TSD dan JL82B tidak Aktif,Kombinasi Tombol TSD dan JL82B Aktif,1,1,,,perintah,YK,101,6
2120,YK-JL92B-ECRF,ECR Sinyal JL92B Normal,Gangguan ECR Sinyal JL92B,1,1,1,0>1,sinyal,YK,101,7
2121,YK-JL92B-EKR-DI,Intensitas Cahaya (EKR) Sinyal JL92B Berkurang,Intensitas Cahaya (EKR) Sinyal JL92B Normal,1,1,,,sinyal,YK,101,8
2122,YK-JL92B-EK-TE,EKR Sinyal JL92B Normal,Gangguan EKR Sinyal JL92B,1,1,1,0>1,sinyal,YK,101,9
2123,YK-JL92B-RST-CTRL,Kombinasi Tombol Hapus Rute Sinyal Asal JL92B tidak Aktif,Kombinasi Tombol Hapus Rute Sinyal Asal JL92B Aktif,1,1,,,perintah,YK,101,10
2124,YK-JL92B-RRLSPB-CTRL,Kombinasi Tombol Hapus Rute Sinyal Tujuan JL92B tidak Aktif,Kombinasi Tombol Hapus Rute Sinyal Tujuan JL92B Aktif,1,1,,,perintah,YK,101,11
2125,YK-JL92B-E-CTRL,Kombinasi Tombol TSD dan JL92B tidak Aktif,Kombinasi Tombol TSD dan JL92B Aktif,1,1,,,perintah,YK,101,12
2126,YK-JL12A-ECRF,ECR Sinyal JL12A Normal,Gangguan ECR Sinyal JL12A,1,1,1,0>1,sinyal,YK,101,13
2127,YK-JL12A-EKR-DI,Intensitas Cahaya (EKR) Sinyal JL12A Berkurang,Intensitas Cahaya (EKR) Sinyal JL12A Normal,1,1,,,sinyal,YK,101,14
2128,YK-JL12A-EK-TE,EKR Sinyal JL12A Normal,Gangguan EKR Sinyal JL12A,1,1,1,0>1,sinyal,YK,101,15
2129,YK-JL12A-CFEK-DI,Intensitas Cahaya (EKR) Aspek Contra Flow Sinyal JL12A Berkurang,Intensitas Cahaya (EKR) Aspek Contra Flow Sinyal JL12A Normal,1,1,,,sinyal,YK,102,0
2130,YK-JL12A-CF-TE,EKR Aspek Contra Flow Sinyal JL12A Normal,Gangguan EKR Aspek Contra Flow Sinyal JL12A,1,1,1,0>1,sinyal,YK,102,1
2131,YK-JL12A-RST-CTRL,Kombinasi Tombol Hapus Rute Sinyal Asal JL12A tidak Aktif,Kombinasi Tombol Hapus Rute Sinyal Asal JL12A Aktif,1,1,,,perintah,YK,102,2
2132,YK-JL12A-RRLSPB-CTRL,Kombinasi Tombol Hapus Rute Sinyal Tujuan JL12A tidak Aktif,Kombinasi Tombol Hapus Rute Sinyal Tujuan JL12A Aktif,1,1,,,perintah,YK,102,3
2133,YK-JL12A-E-CTRL,Kombinasi Tombol TSD dan JL12A tidak Aktif,Kombinasi Tombol TSD dan JL12A Aktif,1,1,,,perintah,YK,102,4
2134,YK-JL22A-ECRF,ECR Sinyal JL22A Normal,Gangguan ECR Sinyal JL22A,1,1,1,0>1,sinyal,YK,102,5
2135,YK-JL22A-EKR-DI,Intensitas Cahaya (EKR) Sinyal JL22A Berkurang,Intensitas Cahaya (EKR) Sinyal JL22A Normal,1,1,,,sinyal,YK,102,6
2136,YK-JL22A-EK-TE,EKR Sinyal JL22A Normal,Gangguan EKR Sinyal JL22A,1,1,1,0>1,sinyal,YK,102,7
2137,YK-JL22A-CFEK-DI,Intensitas Cahaya (EKR) Aspek Contra Flow Sinyal JL22A Berkurang,Intensitas Cahaya (EKR) Aspek Contra Flow Sinyal JL22A Normal,1,1,,,sinyal,YK,102,8
2138,YK-JL22A-CF-TE,EKR Aspek Contra Flow Sinyal JL22A Normal,Gangguan EKR Aspek Contra Flow Sinyal JL22A,1,1,1,0>1,sinyal,YK,102,9
2139,YK-JL22A-RST-CTRL,Kombinasi Tombol Hapus Rute Sinyal Asal JL22A tidak Aktif,Kombinasi Tombol Hapus Rute Sinyal Asal JL22A Aktif,1,1,,,perintah,YK,102,10
2140,YK-JL22A-RRLSPB-CTRL,Kombinasi Tombol Hapus Rute Sinyal Tujuan JL22A tidak Aktif,Kombinasi Tombol Hapus Rute Sinyal Tujuan JL22A Aktif,1,1,,,perintah,YK,102,11
2141,YK-JL22A-E-CTRL,Kombinasi Tombol TSD dan JL22A tidak Aktif,Kombinasi Tombol TSD dan JL22A Aktif,1,1,,,perintah,YK,102,12
2142,YK-JL22A-F-CTRL,Kombinasi Tombol TUR Sinyal JL22A tidak Aktif,Kombinasi Tombol TUR Sinyal JL22A Aktif,1,1,,,perintah,YK,102,13
2143,YK-JL22A-F-RS,Route Stick TUR dari Sinyal JL22A tidak Aktif,Route Stick TUR dari Sinyal JL22A Aktif,1,1,,,Sinyal,YK,102,14
2144,YK-JL42A-ECRF,ECR Sinyal JL42A Normal,Gangguan ECR Sinyal JL42A,1,1,1,0>1,sinyal,YK,102,15
2145,YK-JL42A-EKR-DI,Intensitas Cahaya (EKR) Sinyal JL42A Berkurang,Intensitas Cahaya (EKR) Sinyal JL42A Normal,1,1,,,sinyal,YK,103,0
2146,YK-JL42A-EK-TE,EKR Sinyal JL42A Normal,Gangguan EKR Sinyal JL42A,1,1,1,0>1,sinyal,YK,103,1
2147,YK-JL42A-RST-CTRL,Kombinasi Tombol Hapus Rute Sinyal Asal JL42A tidak Aktif,Kombinasi Tombol Hapus Rute Sinyal Asal JL42A Aktif,1,1,,,perintah,YK,103,2
2148,YK-JL42A-RRLSPB-CTRL,Kombinasi Tombol Hapus Rute Sinyal Tujuan JL42A tidak Aktif,Kombinasi Tombol Hapus Rute Sinyal Tujuan JL42A Aktif,1,1,,,perintah,YK,103,3
2149,YK-JL42A-E-CTRL,Kombinasi Tombol TSD dan JL42A tidak Aktif,Kombinasi Tombol TSD dan JL42A Aktif,1,1,,,perintah,YK,103,4
2150,YK-JL52A-ECRF,ECR Sinyal JL52A Normal,Gangguan ECR Sinyal JL52A,1,1,1,0>1,sinyal,YK,103,5
2151,YK-JL52A-EKR-DI,Intensitas Cahaya (EKR) Sinyal JL52A Berkurang,Intensitas Cahaya (EKR) Sinyal JL52A Normal,1,1,,,sinyal,YK,103,6
2152,YK-JL52A-EK-TE,EKR Sinyal JL52A Normal,Gangguan EKR Sinyal JL52A,1,1,1,0>1,sinyal,YK,103,7
2153,YK-JL52A-CFEK-DI,Intensitas Cahaya (EKR) Aspek Contra Flow Sinyal JL52A Berkurang,Intensitas Cahaya (EKR) Aspek Contra Flow Sinyal JL52A Normal,1,1,,,sinyal,YK,103,8
2154,YK-JL52A-CF-TE,EKR Aspek Contra Flow Sinyal JL52A Normal,Gangguan EKR Aspek Contra Flow Sinyal JL52A,1,1,1,0>1,sinyal,YK,103,9
2155,YK-JL52A-RST-CTRL,Kombinasi Tombol Hapus Rute Sinyal Asal JL52A tidak Aktif,Kombinasi Tombol Hapus Rute Sinyal Asal JL52A Aktif,1,1,,,perintah,YK,103,10
2156,YK-JL52A-RRLSPB-CTRL,Kombinasi Tombol Hapus Rute Sinyal Tujuan JL52A tidak Aktif,Kombinasi Tombol Hapus Rute Sinyal Tujuan JL52A Aktif,1,1,,,perintah,YK,103,11
2157,YK-JL52A-E-CTRL,Kombinasi Tombol TSD dan JL52A tidak Aktif,Kombinasi Tombol TSD dan JL52A Aktif,1,1,,,perintah,YK,103,12
2158,YK-JL62A-ECRF,ECR Sinyal JL62A Normal,Gangguan ECR Sinyal JL62A,1,1,1,0>1,sinyal,YK,103,13
2159,YK-JL62A-EKR-DI,Intensitas Cahaya (EKR) Sinyal JL62A Berkurang,Intensitas Cahaya (EKR) Sinyal JL62A Normal,1,1,,,sinyal,YK,103,14
2160,YK-JL62A-EK-TE,EKR Sinyal JL62A Normal,Gangguan EKR Sinyal JL62A,1,1,1,0>1,sinyal,YK,103,15
2161,YK-JL62A-RST-CTRL,Kombinasi Tombol Hapus Rute Sinyal Asal JL62A tidak Aktif,Kombinasi Tombol Hapus Rute Sinyal Asal JL62A Aktif,1,1,,,perintah,YK,104,0
2162,YK-JL62A-RRLSPB-CTRL,Kombinasi Tombol Hapus Rute Sinyal Tujuan JL62A tidak Aktif,Kombinasi Tombol Hapus Rute Sinyal Tujuan JL62A Aktif,1,1,,,perintah,YK,104,1
2163,YK-JL62A-E-CTRL,Kombinasi Tombol TSD dan JL62A tidak Aktif,Kombinasi Tombol TSD dan JL62A Aktif,1,1,,,perintah,YK,104,2
2164,YK-JL72A-ECRF,ECR Sinyal JL72A Normal,Gangguan ECR Sinyal JL72A,1,1,1,0>1,sinyal,YK,104,3
2165,YK-JL72A-EKR-DI,Intensitas Cahaya (EKR) Sinyal JL72A Berkurang,Intensitas Cahaya (EKR) Sinyal JL72A Normal,1,1,,,sinyal,YK,104,4
2166,YK-JL72A-EK-TE,EKR Sinyal JL72A Normal,Gangguan EKR Sinyal JL72A,1,1,1,0>1,sinyal,YK,104,5
2167,YK-JL72A-RST-CTRL,Kombinasi Tombol Hapus Rute Sinyal Asal JL72A tidak Aktif,Kombinasi Tombol Hapus Rute Sinyal Asal JL72A Aktif,1,1,,,perintah,YK,104,6
2168,YK-JL72A-RRLSPB-CTRL,Kombinasi Tombol Hapus Rute Sinyal Tujuan JL72A tidak Aktif,Kombinasi Tombol Hapus Rute Sinyal Tujuan JL72A Aktif,1,1,,,perintah,YK,104,7
2169,YK-JL72A-E-CTRL,Kombinasi Tombol TSD dan JL72A tidak Aktif,Kombinasi Tombol TSD dan JL72A Aktif,1,1,,,perintah,YK,104,8
2170,YK-JL82A-ECRF,ECR Sinyal JL82A Normal,Gangguan ECR Sinyal JL82A,1,1,1,0>1,sinyal,YK,104,9
2171,YK-JL82A-EKR-DI,Intensitas Cahaya (EKR) Sinyal JL82A Berkurang,Intensitas Cahaya (EKR) Sinyal JL82A Normal,1,1,,,sinyal,YK,104,10
2172,YK-JL82A-EK-TE,EKR Sinyal JL82A Normal,Gangguan EKR Sinyal JL82A,1,1,1,0>1,sinyal,YK,104,11
2173,YK-JL82A-RST-CTRL,Kombinasi Tombol Hapus Rute Sinyal Asal JL82A tidak Aktif,Kombinasi Tombol Hapus Rute Sinyal Asal JL82A Aktif,1,1,,,perintah,YK,104,12
2174,YK-JL82A-RRLSPB-CTRL,Kombinasi Tombol Hapus Rute Sinyal Tujuan JL82A tidak Aktif,Kombinasi Tombol Hapus Rute Sinyal Tujuan JL82A Aktif,1,1,,,perintah,YK,104,13
2175,YK-JL82A-E-CTRL,Kombinasi Tombol TSD dan JL82A tidak Aktif,Kombinasi Tombol TSD dan JL82A Aktif,1,1,,,perintah,YK,104,14
2176,YK-JL92A-ECRF,ECR Sinyal JL92A Normal,Gangguan ECR Sinyal JL92A,1,1,1,0>1,sinyal,YK,104,15
2177,YK-JL92A-EKR-DI,Intensitas Cahaya (EKR) Sinyal JL92A Berkurang,Intensitas Cahaya (EKR) Sinyal JL92A Normal,1,1,,,sinyal,YK,105,0
2178,YK-JL92A-EK-TE,EKR Sinyal JL92A Normal,Gangguan EKR Sinyal JL92A,1,1,1,0>1,sinyal,YK,105,1
2179,YK-JL92A-RST-CTRL,Kombinasi Tombol Hapus Rute Sinyal Asal JL92A tidak Aktif,Kombinasi Tombol Hapus Rute Sinyal Asal JL92A Aktif,1,1,,,perintah,YK,105,2
2180,YK-JL92A-RRLSPB-CTRL,Kombinasi Tombol Hapus Rute Sinyal Tujuan JL92A tidak Aktif,Kombinasi Tombol Hapus Rute Sinyal Tujuan JL92A Aktif,1,1,,,perintah,YK,105,3
2181,YK-JL92A-E-CTRL,Kombinasi Tombol TSD dan JL92A tidak Aktif,Kombinasi Tombol TSD dan JL92A Aktif,1,1,,,perintah,YK,105,4
2182,YK-L11-RST-CTRL,Kombinasi Tombol Hapus Rute Sinyal Asal L11 tidak Aktif,Kombinasi Tombol Hapus Rute Sinyal Asal L11 Aktif,1,1,,,perintah,YK,105,5
2183,YK-L11-RRLSPB-CTRL,Kombinasi Tombol Hapus Rute Sinyal Tujuan L11 tidak Aktif,Kombinasi Tombol Hapus Rute Sinyal Tujuan L11 Aktif,1,1,,,perintah,YK,105,6
2184,YK-L20-RST-CTRL,Kombinasi Tombol Hapus Rute Sinyal Asal L20 tidak Aktif,Kombinasi Tombol Hapus Rute Sinyal Asal L20 Aktif,1,1,,,perintah,YK,105,7
2185,YK-L21A-RST-CTRL,Kombinasi Tombol Hapus Rute Sinyal Asal L21A tidak Aktif,Kombinasi Tombol Hapus Rute Sinyal Asal L21A Aktif,1,1,,,perintah,YK,105,8
2186,YK-L21A-RRLSPB-CTRL,Kombinasi Tombol Hapus Rute Sinyal Tujuan L21A tidak Aktif,Kombinasi Tombol Hapus Rute Sinyal Tujuan L21A Aktif,1,1,,,perintah,YK,105,9
2187,YK-L21B-RST-CTRL,Kombinasi Tombol Hapus Rute Sinyal Asal L21B tidak Aktif,Kombinasi Tombol Hapus Rute Sinyal Asal L21B Aktif,1,1,,,perintah,YK,105,10
2188,YK-L21B-RRLSPB-CTRL,Kombinasi Tombol Hapus Rute Sinyal Tujuan L21B tidak Aktif,Kombinasi Tombol Hapus Rute Sinyal Tujuan L21B Aktif,1,1,,,perintah,YK,105,11
2189,YK-L51A-RST-CTRL,Kombinasi Tombol Hapus Rute Sinyal Asal L51A tidak Aktif,Kombinasi Tombol Hapus Rute Sinyal Asal L51A Aktif,1,1,,,perintah,YK,105,12
2190,YK-L51A-RRLSPB-CTRL,Kombinasi Tombol Hapus Rute Sinyal Tujuan L51A tidak Aktif,Kombinasi Tombol Hapus Rute Sinyal Tujuan L51A Aktif,1,1,,,perintah,YK,105,13
2191,YK-L51B-RST-CTRL,Kombinasi Tombol Hapus Rute Sinyal Asal L51B tidak Aktif,Kombinasi Tombol Hapus Rute Sinyal Asal L51B Aktif,1,1,,,perintah,YK,105,14
2192,YK-L51B-RRLSPB-CTRL,Kombinasi Tombol Hapus Rute Sinyal Tujuan L51B tidak Aktif,Kombinasi Tombol Hapus Rute Sinyal Tujuan L51B Aktif,1,1,,,perintah,YK,105,15
2193,YK-L30-RST-CTRL,Kombinasi Tombol Hapus Rute Sinyal Asal L30 tidak Aktif,Kombinasi Tombol Hapus Rute Sinyal Asal L30 Aktif,1,1,,,perintah,YK,106,0
2194,YK-L32-RST-CTRL,Kombinasi Tombol Hapus Rute Sinyal Asal L32 tidak Aktif,Kombinasi Tombol Hapus Rute Sinyal Asal L32 Aktif,1,1,,,perintah,YK,106,1
2195,YK-L40-RST-CTRL,Kombinasi Tombol Hapus Rute Sinyal Asal L40 tidak Aktif,Kombinasi Tombol Hapus Rute Sinyal Asal L40 Aktif,1,1,,,perintah,YK,106,2
2196,YK-L80-RST-CTRL,Kombinasi Tombol Hapus Rute Sinyal Asal L80 tidak Aktif,Kombinasi Tombol Hapus Rute Sinyal Asal L80 Aktif,1,1,,,perintah,YK,106,3
2197,YK-L100-RST-CTRL,Kombinasi Tombol Hapus Rute Sinyal Asal L100 tidak Aktif,Kombinasi Tombol Hapus Rute Sinyal Asal L100 Aktif,1,1,,,perintah,YK,106,4
2198,YK-L102-RST-CTRL,Kombinasi Tombol Hapus Rute Sinyal Asal L102 tidak Aktif,Kombinasi Tombol Hapus Rute Sinyal Asal L102 Aktif,1,1,,,perintah,YK,106,5
2199,YK-L14-RST-CTRL,Kombinasi Tombol Hapus Rute Sinyal Asal L14 tidak Aktif,Kombinasi Tombol Hapus Rute Sinyal Asal L14 Aktif,1,1,,,perintah,YK,106,6
2200,YK-L54-RST-CTRL,Kombinasi Tombol Hapus Rute Sinyal Asal L54 tidak Aktif,Kombinasi Tombol Hapus Rute Sinyal Asal L54 Aktif,1,1,,,perintah,YK,106,7
2201,YK-L13A-RST-CTRL,Kombinasi Tombol Hapus Rute Sinyal Asal L13A tidak Aktif,Kombinasi Tombol Hapus Rute Sinyal Asal L13A Aktif,1,1,,,perintah,YK,106,8
2202,YK-L13A-RRLSPB-CTRL,Kombinasi Tombol Hapus Rute Sinyal Tujuan L13A tidak Aktif,Kombinasi Tombol Hapus Rute Sinyal Tujuan L13A Aktif,1,1,,,perintah,YK,106,9
2203,YK-L13B-RST-CTRL,Kombinasi Tombol Hapus Rute Sinyal Asal L13B tidak Aktif,Kombinasi Tombol Hapus Rute Sinyal Asal L13B Aktif,1,1,,,perintah,YK,106,10
2204,YK-L13B-RRLSPB-CTRL,Kombinasi Tombol Hapus Rute Sinyal Tujuan L13B tidak Aktif,Kombinasi Tombol Hapus Rute Sinyal Tujuan L13B Aktif,1,1,,,perintah,YK,106,11
2205,YK-L53A-RST-CTRL,Kombinasi Tombol Hapus Rute Sinyal Asal L53A tidak Aktif,Kombinasi Tombol Hapus Rute Sinyal Asal L53A Aktif,1,1,,,perintah,YK,106,12
2206,YK-L53A-RRLSPB-CTRL,Kombinasi Tombol Hapus Rute Sinyal Tujuan L53A tidak Aktif,Kombinasi Tombol Hapus Rute Sinyal Tujuan L53A Aktif,1,1,,,perintah,YK,106,13
2207,YK-L53B-RST-CTRL,Kombinasi Tombol Hapus Rute Sinyal Asal L53B tidak Aktif,Kombinasi Tombol Hapus Rute Sinyal Asal L53B Aktif,1,1,,,perintah,YK,106,14
2208,YK-L53B-RRLSPB-CTRL,Kombinasi Tombol Hapus Rute Sinyal Tujuan L53B tidak Aktif,Kombinasi Tombol Hapus Rute Sinyal Tujuan L53B Aktif,1,1,,,perintah,YK,106,15
2209,YK-L24-RST-CTRL,Kombinasi Tombol Hapus Rute Sinyal Asal L24 tidak Aktif,Kombinasi Tombol Hapus Rute Sinyal Asal L24 Aktif,1,1,,,perintah,YK,107,0
2210,YK-L44-RST-CTRL,Kombinasi Tombol Hapus Rute Sinyal Asal L44 tidak Aktif,Kombinasi Tombol Hapus Rute Sinyal Asal L44 Aktif,1,1,,,perintah,YK,107,1
2211,YK-L64-RST-CTRL,Kombinasi Tombol Hapus Rute Sinyal Asal L64 tidak Aktif,Kombinasi Tombol Hapus Rute Sinyal Asal L64 Aktif,1,1,,,perintah,YK,107,2
2212,YK-L84-RST-CTRL,Kombinasi Tombol Hapus Rute Sinyal Asal L84 tidak Aktif,Kombinasi Tombol Hapus Rute Sinyal Asal L84 Aktif,1,1,,,perintah,YK,107,3
2213,YK-X20-RRLSPB-CTRL,Kombinasi Tombol Hapus Rute Sinyal Tujuan X20 tidak Aktif,Kombinasi Tombol Hapus Rute Sinyal Tujuan X20 Aktif,1,1,,,perintah,YK,107,4
2214,YK-X30-RRLSPB-CTRL,Kombinasi Tombol Hapus Rute Sinyal Tujuan X30 tidak Aktif,Kombinasi Tombol Hapus Rute Sinyal Tujuan X30 Aktif,1,1,,,perintah,YK,107,5
2215,YK-X32-RRLSPB-CTRL,Kombinasi Tombol Hapus Rute Sinyal Tujuan X32 tidak Aktif,Kombinasi Tombol Hapus Rute Sinyal Tujuan X32 Aktif,1,1,,,perintah,YK,107,6
2216,YK-X40-RRLSPB-CTRL,Kombinasi Tombol Hapus Rute Sinyal Tujuan X40 tidak Aktif,Kombinasi Tombol Hapus Rute Sinyal Tujuan X40 Aktif,1,1,,,perintah,YK,107,7
2217,YK-X80-RRLSPB-CTRL,Kombinasi Tombol Hapus Rute Sinyal Tujuan X80 tidak Aktif,Kombinasi Tombol Hapus Rute Sinyal Tujuan X80 Aktif,1,1,,,perintah,YK,107,8
2218,YK-X100-RRLSPB-CTRL,Kombinasi Tombol Hapus Rute Sinyal Tujuan X100 tidak Aktif,Kombinasi Tombol Hapus Rute Sinyal Tujuan X100 Aktif,1,1,,,perintah,YK,107,9
2219,YK-X102-RRLSPB-CTRL,Kombinasi Tombol Hapus Rute Sinyal Tujuan X102 tidak Aktif,Kombinasi Tombol Hapus Rute Sinyal Tujuan X102 Aktif,1,1,,,perintah,YK,107,10
2220,YK-X14-RRLSPB-CTRL,Kombinasi Tombol Hapus Rute Sinyal Tujuan X14 tidak Aktif,Kombinasi Tombol Hapus Rute Sinyal Tujuan X14 Aktif,1,1,,,perintah,YK,107,11
2221,YK-X54-RRLSPB-CTRL,Kombinasi Tombol Hapus Rute Sinyal Tujuan X54 tidak Aktif,Kombinasi Tombol Hapus Rute Sinyal Tujuan X54 Aktif,1,1,,,perintah,YK,107,12
2222,YK-X24-RRLSPB-CTRL,Kombinasi Tombol Hapus Rute Sinyal Tujuan X24 tidak Aktif,Kombinasi Tombol Hapus Rute Sinyal Tujuan X24 Aktif,1,1,,,perintah,YK,107,13
2223,YK-X44-RRLSPB-CTRL,Kombinasi Tombol Hapus Rute Sinyal Tujuan X44 tidak Aktif,Kombinasi Tombol Hapus Rute Sinyal Tujuan X44 Aktif,1,1,,,perintah,YK,107,14
2224,YK-X64-RRLSPB-CTRL,Kombinasi Tombol Hapus Rute Sinyal Tujuan X64 tidak Aktif,Kombinasi Tombol Hapus Rute Sinyal Tujuan X64 Aktif,1,1,,,perintah,YK,107,15
2225,YK-X84-RRLSPB-CTRL,Kombinasi Tombol Hapus Rute Sinyal Tujuan X84 tidak Aktif,Kombinasi Tombol Hapus Rute Sinyal Tujuan X84 Aktif,1,1,,,perintah,YK,108,0
2226,YK-MJ10-EKR-DI,Intensitas Cahaya (EKR) Sinyal MJ10 Berkurang,Intensitas Cahaya (EKR) Sinyal MJ10 Normal,1,1,,,sinyal,YK,108,1
2227,YK-MJ10-EK-TE,EKR Sinyal MJ10 Normal,Gangguan EKR Sinyal MJ10,1,1,1,0>1,sinyal,YK,108,2
2228,YK-W11A/21A-N-REQ,Permintaan Wesel W11A/21A ke Arah Normal tidak Aktif,Permintaan Wesel W11A/21A ke Arah Normal Aktif,1,1,,,wesel,YK,108,3
2229,YK-W11A/21A-R-REQ,Permintaan Wesel W11A/21A ke Arah Reverse tidak Aktif,Permintaan Wesel W11A/21A ke Arah Reverse Aktif,1,1,,,wesel,YK,108,4
2230,YK-W11A/21A-SWINIT,Wesel W11A/21A  belum Terinisiasi,Wesel W11A/21A  sudah Terinisiasi,1,1,,,wesel,YK,108,5
2231,YK-W11A/21A-N-BLOCK,Wesel W11A/21A tidak Terkancing,Wesel W11A/21A Terkancing di Posisi Normal,1,1,,,wesel,YK,108,6
2232,YK-W11A/21A-R-BLOCK,Wesel W11A/21A tidak Terkancing,Wesel W11A/21A Terkancing di Posisi Reverse,1,1,,,wesel,YK,108,7
2233,YK-W11A/21A-N-FAIL,,,,,,,,YK,108,8
2234,YK-W11A/21A-R-FAIL,,,,,,,,YK,108,9
2235,YK-W11A/21A-BACK-TO-N,,Wesel W11A/21A  Terganjal di Reverse dan Kembali ke Posisi Normal,1,1,1,0>1,wesel,YK,108,10
2236,YK-W11A/21A-BACK-TO-R,,Wesel W11A/21A  Terganjal di Normal dan Kembali ke Posisi Reverse,1,1,1,0>1,wesel,YK,108,11
2237,YK-W11A/21A-TRAIL-CTRL,Kombinasi Tombol TWT dan Tombol Wesel W11A/21A tidak Aktif,Kombinasi Tombol TWT dan Tombol Wesel W11A/21A Aktif,1,1,,,perintah,YK,108,12
2238,YK-W11A/21A-CAL-CTRL,Kombinasi Tombol TKW dan Tombol Wesel W11A/21A tidak Aktif,Kombinasi Tombol TKW dan Tombol Wesel W11A/21A Aktif,1,1,,,perintah,YK,108,13
2239,YK-W11A/21A-SWRLSPB-CTRL,Kombinasi Tombol TBW dan Tombol Wesel W11A/21A tidak Aktif,Kombinasi Tombol TBW dan Tombol Wesel W11A/21A Aktif,1,1,,,perintah,YK,108,14
2240,YK-W11A/21A-B-CTRL,Kombinasi Tombol TKGW dan Tombol Wesel W11A/21A tidak Aktif,Kombinasi Tombol TKGW dan Tombol Wesel W11A/21A Aktif,1,1,,,perintah,YK,108,15
2241,YK-W11A/21A-RST-CTRL,Kombinasi Tombol TBKW dan Tombol Wesel W11A/21A tidak Aktif,Kombinasi Tombol TBKW dan Tombol Wesel W11A/21A Aktif,1,1,,,perintah,YK,109,0
2242,YK-W11A/21A-OOC,Wesel W11A/21A tidak Gangguan Deteksi,Wesel W11A/21A Gangguan Deteksi,1,1,1,0>1,wesel,YK,109,1
2243,YK-W11B-N-REQ,Permintaan Wesel W11B ke Arah Normal tidak Aktif,Permintaan Wesel W11B ke Arah Normal Aktif,1,1,,,wesel,YK,109,2
2244,YK-W11B-R-REQ,Permintaan Wesel W11B ke Arah Reverse tidak Aktif,Permintaan Wesel W11B ke Arah Reverse Aktif,1,1,,,wesel,YK,109,3
2245,YK-W11B-SWINIT,Wesel W11B  belum Terinisiasi,Wesel W11B  sudah Terinisiasi,1,1,,,wesel,YK,109,4
2246,YK-W11B-N-BLOCK,Wesel W11B tidak Terkancing,Wesel W11B Terkancing di Posisi Normal,1,1,,,wesel,YK,109,5
2247,YK-W11B-R-BLOCK,Wesel W11B tidak Terkancing,Wesel W11B Terkancing di Posisi Reverse,1,1,,,wesel,YK,109,6
2248,YK-W11B-N-FAIL,,,,,,,,YK,109,7
2249,YK-W11B-R-FAIL,,,,,,,,YK,109,8
2250,YK-W11B-BACK-TO-N,,Wesel W11B  Terganjal di Reverse dan Kembali ke Posisi Normal,1,1,1,0>1,wesel,YK,109,9
2251,YK-W11B-BACK-TO-R,,Wesel W11B  Terganjal di Normal dan Kembali ke Posisi Reverse,1,1,1,0>1,wesel,YK,109,10
2252,YK-W11B-TRAIL-CTRL,Kombinasi Tombol TWT dan Tombol Wesel W11B tidak Aktif,Kombinasi Tombol TWT dan Tombol Wesel W11B Aktif,1,1,,,perintah,YK,109,11
2253,YK-W11B-CAL-CTRL,Kombinasi Tombol TKW dan Tombol Wesel W11B tidak Aktif,Kombinasi Tombol TKW dan Tombol Wesel W11B Aktif,1,1,,,perintah,YK,109,12
2254,YK-W11B-SWRLSPB-CTRL,Kombinasi Tombol TBW dan Tombol Wesel W11B tidak Aktif,Kombinasi Tombol TBW dan Tombol Wesel W11B Aktif,1,1,,,perintah,YK,109,13
2255,YK-W11B-B-CTRL,Kombinasi Tombol TKGW dan Tombol Wesel W11B tidak Aktif,Kombinasi Tombol TKGW dan Tombol Wesel W11B Aktif,1,1,,,perintah,YK,109,14
2256,YK-W11B-RST-CTRL,Kombinasi Tombol TBKW dan Tombol Wesel W11B tidak Aktif,Kombinasi Tombol TBKW dan Tombol Wesel W11B Aktif,1,1,,,perintah,YK,109,15
2257,YK-W11B-OOC,Wesel W11B tidak Gangguan Deteksi,Wesel W11B Gangguan Deteksi,1,1,1,0>1,wesel,YK,110,0
2258,YK-W11C/21B-N-REQ,Permintaan Wesel W11C/21B ke Arah Normal tidak Aktif,Permintaan Wesel W11C/21B ke Arah Normal Aktif,1,1,,,wesel,YK,110,1
2259,YK-W11C/21B-R-REQ,Permintaan Wesel W11C/21B ke Arah Reverse tidak Aktif,Permintaan Wesel W11C/21B ke Arah Reverse Aktif,1,1,,,wesel,YK,110,2
2260,YK-W11C/21B-SWINIT,Wesel W11C/21B  belum Terinisiasi,Wesel W11C/21B  sudah Terinisiasi,1,1,,,wesel,YK,110,3
2261,YK-W11C/21B-N-BLOCK,Wesel W11C/21B tidak Terkancing,Wesel W11C/21B Terkancing di Posisi Normal,1,1,,,wesel,YK,110,4
2262,YK-W11C/21B-R-BLOCK,Wesel W11C/21B tidak Terkancing,Wesel W11C/21B Terkancing di Posisi Reverse,1,1,,,wesel,YK,110,5
2263,YK-W11C/21B-N-FAIL,,,,,,,,YK,110,6
2264,YK-W11C/21B-R-FAIL,,,,,,,,YK,110,7
2265,YK-W11C/21B-BACK-TO-N,,Wesel W11C/21B  Terganjal di Reverse dan Kembali ke Posisi Normal,1,1,1,0>1,wesel,YK,110,8
2266,YK-W11C/21B-BACK-TO-R,,Wesel W11C/21B  Terganjal di Normal dan Kembali ke Posisi Reverse,1,1,1,0>1,wesel,YK,110,9
2267,YK-W11C/21B-TRAIL-CTRL,Kombinasi Tombol TWT dan Tombol Wesel W11C/21B tidak Aktif,Kombinasi Tombol TWT dan Tombol Wesel W11C/21B Aktif,1,1,,,perintah,YK,110,10
2268,YK-W11C/21B-CAL-CTRL,Kombinasi Tombol TKW dan Tombol Wesel W11C/21B tidak Aktif,Kombinasi Tombol TKW dan Tombol Wesel W11C/21B Aktif,1,1,,,perintah,YK,110,11
2269,YK-W11C/21B-SWRLSPB-CTRL,Kombinasi Tombol TBW dan Tombol Wesel W11C/21B tidak Aktif,Kombinasi Tombol TBW dan Tombol Wesel W11C/21B Aktif,1,1,,,perintah,YK,110,12
2270,YK-W11C/21B-B-CTRL,Kombinasi Tombol TKGW dan Tombol Wesel W11C/21B tidak Aktif,Kombinasi Tombol TKGW dan Tombol Wesel W11C/21B Aktif,1,1,,,perintah,YK,110,13
2271,YK-W11C/21B-RST-CTRL,Kombinasi Tombol TBKW dan Tombol Wesel W11C/21B tidak Aktif,Kombinasi Tombol TBKW dan Tombol Wesel W11C/21B Aktif,1,1,,,perintah,YK,110,14
2272,YK-W11C/21B-OOC,Wesel W11C/21B tidak Gangguan Deteksi,Wesel W11C/21B Gangguan Deteksi,1,1,1,0>1,wesel,YK,110,15
2273,YK-W11D/31-N-REQ,Permintaan Wesel W11D/31 ke Arah Normal tidak Aktif,Permintaan Wesel W11D/31 ke Arah Normal Aktif,1,1,,,wesel,YK,111,0
2274,YK-W11D/31-R-REQ,Permintaan Wesel W11D/31 ke Arah Reverse tidak Aktif,Permintaan Wesel W11D/31 ke Arah Reverse Aktif,1,1,,,wesel,YK,111,1
2275,YK-W11D/31-SWINIT,Wesel W11D/31  belum Terinisiasi,Wesel W11D/31  sudah Terinisiasi,1,1,,,wesel,YK,111,2
2276,YK-W11D/31-N-BLOCK,Wesel W11D/31 tidak Terkancing,Wesel W11D/31 Terkancing di Posisi Normal,1,1,,,wesel,YK,111,3
2277,YK-W11D/31-R-BLOCK,Wesel W11D/31 tidak Terkancing,Wesel W11D/31 Terkancing di Posisi Reverse,1,1,,,wesel,YK,111,4
2278,YK-W11D/31-N-FAIL,,,,,,,,YK,111,5
2279,YK-W11D/31-R-FAIL,,,,,,,,YK,111,6
2280,YK-W11D/31-BACK-TO-N,,Wesel W11D/31  Terganjal di Reverse dan Kembali ke Posisi Normal,1,1,1,0>1,wesel,YK,111,7
2281,YK-W11D/31-BACK-TO-R,,Wesel W11D/31  Terganjal di Normal dan Kembali ke Posisi Reverse,1,1,1,0>1,wesel,YK,111,8
2282,YK-W11D/31-TRAIL-CTRL,Kombinasi Tombol TWT dan Tombol Wesel W11D/31 tidak Aktif,Kombinasi Tombol TWT dan Tombol Wesel W11D/31 Aktif,1,1,,,perintah,YK,111,9
2283,YK-W11D/31-CAL-CTRL,Kombinasi Tombol TKW dan Tombol Wesel W11D/31 tidak Aktif,Kombinasi Tombol TKW dan Tombol Wesel W11D/31 Aktif,1,1,,,perintah,YK,111,10
2284,YK-W11D/31-SWRLSPB-CTRL,Kombinasi Tombol TBW dan Tombol Wesel W11D/31 tidak Aktif,Kombinasi Tombol TBW dan Tombol Wesel W11D/31 Aktif,1,1,,,perintah,YK,111,11
2285,YK-W11D/31-B-CTRL,Kombinasi Tombol TKGW dan Tombol Wesel W11D/31 tidak Aktif,Kombinasi Tombol TKGW dan Tombol Wesel W11D/31 Aktif,1,1,,,perintah,YK,111,12
2286,YK-W11D/31-RST-CTRL,Kombinasi Tombol TBKW dan Tombol Wesel W11D/31 tidak Aktif,Kombinasi Tombol TBKW dan Tombol Wesel W11D/31 Aktif,1,1,,,perintah,YK,111,13
2287,YK-W11D/31-OOC,Wesel W11D/31 tidak Gangguan Deteksi,Wesel W11D/31 Gangguan Deteksi,1,1,1,0>1,wesel,YK,111,14
2288,YK-W11E/21C-N-REQ,Permintaan Wesel W11E/21C ke Arah Normal tidak Aktif,Permintaan Wesel W11E/21C ke Arah Normal Aktif,1,1,,,wesel,YK,111,15
2289,YK-W11E/21C-R-REQ,Permintaan Wesel W11E/21C ke Arah Reverse tidak Aktif,Permintaan Wesel W11E/21C ke Arah Reverse Aktif,1,1,,,wesel,YK,112,0
2290,YK-W11E/21C-SWINIT,Wesel W11E/21C  belum Terinisiasi,Wesel W11E/21C  sudah Terinisiasi,1,1,,,wesel,YK,112,1
2291,YK-W11E/21C-N-BLOCK,Wesel W11E/21C tidak Terkancing,Wesel W11E/21C Terkancing di Posisi Normal,1,1,,,wesel,YK,112,2
2292,YK-W11E/21C-R-BLOCK,Wesel W11E/21C tidak Terkancing,Wesel W11E/21C Terkancing di Posisi Reverse,1,1,,,wesel,YK,112,3
2293,YK-W11E/21C-N-FAIL,,,,,,,,YK,112,4
2294,YK-W11E/21C-R-FAIL,,,,,,,,YK,112,5
2295,YK-W11E/21C-BACK-TO-N,,Wesel W11E/21C  Terganjal di Reverse dan Kembali ke Posisi Normal,1,1,1,0>1,wesel,YK,112,6
2296,YK-W11E/21C-BACK-TO-R,,Wesel W11E/21C  Terganjal di Normal dan Kembali ke Posisi Reverse,1,1,1,0>1,wesel,YK,112,7
2297,YK-W11E/21C-TRAIL-CTRL,Kombinasi Tombol TWT dan Tombol Wesel W11E/21C tidak Aktif,Kombinasi Tombol TWT dan Tombol Wesel W11E/21C Aktif,1,1,,,perintah,YK,112,8
2298,YK-W11E/21C-CAL-CTRL,Kombinasi Tombol TKW dan Tombol Wesel W11E/21C tidak Aktif,Kombinasi Tombol TKW dan Tombol Wesel W11E/21C Aktif,1,1,,,perintah,YK,112,9
2299,YK-W11E/21C-SWRLSPB-CTRL,Kombinasi Tombol TBW dan Tombol Wesel W11E/21C tidak Aktif,Kombinasi Tombol TBW dan Tombol Wesel W11E/21C Aktif,1,1,,,perintah,YK,112,10
2300,YK-W11E/21C-B-CTRL,Kombinasi Tombol TKGW dan Tombol Wesel W11E/21C tidak Aktif,Kombinasi Tombol TKGW dan Tombol Wesel W11E/21C Aktif,1,1,,,perintah,YK,112,11
2301,YK-W11E/21C-RST-CTRL,Kombinasi Tombol TBKW dan Tombol Wesel W11E/21C tidak Aktif,Kombinasi Tombol TBKW dan Tombol Wesel W11E/21C Aktif,1,1,,,perintah,YK,112,12
2302,YK-W11E/21C-OOC,Wesel W11E/21C tidak Gangguan Deteksi,Wesel W11E/21C Gangguan Deteksi,1,1,1,0>1,wesel,YK,112,13
2303,YK-W21D/41A-N-REQ,Permintaan Wesel W21D/41A ke Arah Normal tidak Aktif,Permintaan Wesel W21D/41A ke Arah Normal Aktif,1,1,,,wesel,YK,112,14
2304,YK-W21D/41A-R-REQ,Permintaan Wesel W21D/41A ke Arah Reverse tidak Aktif,Permintaan Wesel W21D/41A ke Arah Reverse Aktif,1,1,,,wesel,YK,112,15
2305,YK-W21D/41A-SWINIT,Wesel W21D/41A  belum Terinisiasi,Wesel W21D/41A  sudah Terinisiasi,1,1,,,wesel,YK,113,0
2306,YK-W21D/41A-N-BLOCK,Wesel W21D/41A tidak Terkancing,Wesel W21D/41A Terkancing di Posisi Normal,1,1,,,wesel,YK,113,1
2307,YK-W21D/41A-R-BLOCK,Wesel W21D/41A tidak Terkancing,Wesel W21D/41A Terkancing di Posisi Reverse,1,1,,,wesel,YK,113,2
2308,YK-W21D/41A-N-FAIL,,,,,,,,YK,113,3
2309,YK-W21D/41A-R-FAIL,,,,,,,,YK,113,4
2310,YK-W21D/41A-BACK-TO-N,,Wesel W21D/41A  Terganjal di Reverse dan Kembali ke Posisi Normal,1,1,1,0>1,wesel,YK,113,5
2311,YK-W21D/41A-BACK-TO-R,,Wesel W21D/41A  Terganjal di Normal dan Kembali ke Posisi Reverse,1,1,1,0>1,wesel,YK,113,6
2312,YK-W21D/41A-TRAIL-CTRL,Kombinasi Tombol TWT dan Tombol Wesel W21D/41A tidak Aktif,Kombinasi Tombol TWT dan Tombol Wesel W21D/41A Aktif,1,1,,,perintah,YK,113,7
2313,YK-W21D/41A-CAL-CTRL,Kombinasi Tombol TKW dan Tombol Wesel W21D/41A tidak Aktif,Kombinasi Tombol TKW dan Tombol Wesel W21D/41A Aktif,1,1,,,perintah,YK,113,8
2314,YK-W21D/41A-SWRLSPB-CTRL,Kombinasi Tombol TBW dan Tombol Wesel W21D/41A tidak Aktif,Kombinasi Tombol TBW dan Tombol Wesel W21D/41A Aktif,1,1,,,perintah,YK,113,9
2315,YK-W21D/41A-B-CTRL,Kombinasi Tombol TKGW dan Tombol Wesel W21D/41A tidak Aktif,Kombinasi Tombol TKGW dan Tombol Wesel W21D/41A Aktif,1,1,,,perintah,YK,113,10
2316,YK-W21D/41A-RST-CTRL,Kombinasi Tombol TBKW dan Tombol Wesel W21D/41A tidak Aktif,Kombinasi Tombol TBKW dan Tombol Wesel W21D/41A Aktif,1,1,,,perintah,YK,113,11
2317,YK-W21D/41A-OOC,Wesel W21D/41A tidak Gangguan Deteksi,Wesel W21D/41A Gangguan Deteksi,1,1,1,0>1,wesel,YK,113,12
2318,YK-W41B-N-REQ,Permintaan Wesel W41B ke Arah Normal tidak Aktif,Permintaan Wesel W41B ke Arah Normal Aktif,1,1,,,wesel,YK,113,13
2319,YK-W41B-R-REQ,Permintaan Wesel W41B ke Arah Reverse tidak Aktif,Permintaan Wesel W41B ke Arah Reverse Aktif,1,1,,,wesel,YK,113,14
2320,YK-W41B-SWINIT,Wesel W41B  belum Terinisiasi,Wesel W41B  sudah Terinisiasi,1,1,,,wesel,YK,113,15
2321,YK-W41B-N-BLOCK,Wesel W41B tidak Terkancing,Wesel W41B Terkancing di Posisi Normal,1,1,,,wesel,YK,114,0
2322,YK-W41B-R-BLOCK,Wesel W41B tidak Terkancing,Wesel W41B Terkancing di Posisi Reverse,1,1,,,wesel,YK,114,1
2323,YK-W41B-N-FAIL,,,,,,,,YK,114,2
2324,YK-W41B-R-FAIL,,,,,,,,YK,114,3
2325,YK-W41B-BACK-TO-N,,Wesel W41B  Terganjal di Reverse dan Kembali ke Posisi Normal,1,1,1,0>1,wesel,YK,114,4
2326,YK-W41B-BACK-TO-R,,Wesel W41B  Terganjal di Normal dan Kembali ke Posisi Reverse,1,1,1,0>1,wesel,YK,114,5
2327,YK-W41B-TRAIL-CTRL,Kombinasi Tombol TWT dan Tombol Wesel W41B tidak Aktif,Kombinasi Tombol TWT dan Tombol Wesel W41B Aktif,1,1,,,perintah,YK,114,6
2328,YK-W41B-CAL-CTRL,Kombinasi Tombol TKW dan Tombol Wesel W41B tidak Aktif,Kombinasi Tombol TKW dan Tombol Wesel W41B Aktif,1,1,,,perintah,YK,114,7
2329,YK-W41B-SWRLSPB-CTRL,Kombinasi Tombol TBW dan Tombol Wesel W41B tidak Aktif,Kombinasi Tombol TBW dan Tombol Wesel W41B Aktif,1,1,,,perintah,YK,114,8
2330,YK-W41B-B-CTRL,Kombinasi Tombol TKGW dan Tombol Wesel W41B tidak Aktif,Kombinasi Tombol TKGW dan Tombol Wesel W41B Aktif,1,1,,,perintah,YK,114,9
2331,YK-W41B-RST-CTRL,Kombinasi Tombol TBKW dan Tombol Wesel W41B tidak Aktif,Kombinasi Tombol TBKW dan Tombol Wesel W41B Aktif,1,1,,,perintah,YK,114,10
2332,YK-W41B-OOC,Wesel W41B tidak Gangguan Deteksi,Wesel W41B Gangguan Deteksi,1,1,1,0>1,wesel,YK,114,11
2333,YK-W51-N-REQ,Permintaan Wesel W51 ke Arah Normal tidak Aktif,Permintaan Wesel W51 ke Arah Normal Aktif,1,1,,,wesel,YK,114,12
2334,YK-W51-R-REQ,Permintaan Wesel W51 ke Arah Reverse tidak Aktif,Permintaan Wesel W51 ke Arah Reverse Aktif,1,1,,,wesel,YK,114,13
2335,YK-W51-SWINIT,Wesel W51  belum Terinisiasi,Wesel W51  sudah Terinisiasi,1,1,,,wesel,YK,114,14
2336,YK-W51-N-BLOCK,Wesel W51 tidak Terkancing,Wesel W51 Terkancing di Posisi Normal,1,1,,,wesel,YK,114,15
2337,YK-W51-R-BLOCK,Wesel W51 tidak Terkancing,Wesel W51 Terkancing di Posisi Reverse,1,1,,,wesel,YK,115,0
2338,YK-W51-N-FAIL,,,,,,,,YK,115,1
2339,YK-W51-R-FAIL,,,,,,,,YK,115,2
2340,YK-W51-BACK-TO-N,,Wesel W51  Terganjal di Reverse dan Kembali ke Posisi Normal,1,1,1,0>1,wesel,YK,115,3
2341,YK-W51-BACK-TO-R,,Wesel W51  Terganjal di Normal dan Kembali ke Posisi Reverse,1,1,1,0>1,wesel,YK,115,4
2342,YK-W51-TRAIL-CTRL,Kombinasi Tombol TWT dan Tombol Wesel W51 tidak Aktif,Kombinasi Tombol TWT dan Tombol Wesel W51 Aktif,1,1,,,perintah,YK,115,5
2343,YK-W51-CAL-CTRL,Kombinasi Tombol TKW dan Tombol Wesel W51 tidak Aktif,Kombinasi Tombol TKW dan Tombol Wesel W51 Aktif,1,1,,,perintah,YK,115,6
2344,YK-W51-SWRLSPB-CTRL,Kombinasi Tombol TBW dan Tombol Wesel W51 tidak Aktif,Kombinasi Tombol TBW dan Tombol Wesel W51 Aktif,1,1,,,perintah,YK,115,7
2345,YK-W51-B-CTRL,Kombinasi Tombol TKGW dan Tombol Wesel W51 tidak Aktif,Kombinasi Tombol TKGW dan Tombol Wesel W51 Aktif,1,1,,,perintah,YK,115,8
2346,YK-W51-RST-CTRL,Kombinasi Tombol TBKW dan Tombol Wesel W51 tidak Aktif,Kombinasi Tombol TBKW dan Tombol Wesel W51 Aktif,1,1,,,perintah,YK,115,9
2347,YK-W51-OOC,Wesel W51 tidak Gangguan Deteksi,Wesel W51 Gangguan Deteksi,1,1,1,0>1,wesel,YK,115,10
2348,YK-W61/81A-N-REQ,Permintaan Wesel W61/81A ke Arah Normal tidak Aktif,Permintaan Wesel W61/81A ke Arah Normal Aktif,1,1,,,wesel,YK,115,11
2349,YK-W61/81A-R-REQ,Permintaan Wesel W61/81A ke Arah Reverse tidak Aktif,Permintaan Wesel W61/81A ke Arah Reverse Aktif,1,1,,,wesel,YK,115,12
2350,YK-W61/81A-SWINIT,Wesel W61/81A  belum Terinisiasi,Wesel W61/81A  sudah Terinisiasi,1,1,,,wesel,YK,115,13
2351,YK-W61/81A-N-BLOCK,Wesel W61/81A tidak Terkancing,Wesel W61/81A Terkancing di Posisi Normal,1,1,,,wesel,YK,115,14
2352,YK-W61/81A-R-BLOCK,Wesel W61/81A tidak Terkancing,Wesel W61/81A Terkancing di Posisi Reverse,1,1,,,wesel,YK,115,15
2353,YK-W61/81A-N-FAIL,,,,,,,,YK,116,0
2354,YK-W61/81A-R-FAIL,,,,,,,,YK,116,1
2355,YK-W61/81A-BACK-TO-N,,Wesel W61/81A  Terganjal di Reverse dan Kembali ke Posisi Normal,1,1,1,0>1,wesel,YK,116,2
2356,YK-W61/81A-BACK-TO-R,,Wesel W61/81A  Terganjal di Normal dan Kembali ke Posisi Reverse,1,1,1,0>1,wesel,YK,116,3
2357,YK-W61/81A-TRAIL-CTRL,Kombinasi Tombol TWT dan Tombol Wesel W61/81A tidak Aktif,Kombinasi Tombol TWT dan Tombol Wesel W61/81A Aktif,1,1,,,perintah,YK,116,4
2358,YK-W61/81A-CAL-CTRL,Kombinasi Tombol TKW dan Tombol Wesel W61/81A tidak Aktif,Kombinasi Tombol TKW dan Tombol Wesel W61/81A Aktif,1,1,,,perintah,YK,116,5
2359,YK-W61/81A-SWRLSPB-CTRL,Kombinasi Tombol TBW dan Tombol Wesel W61/81A tidak Aktif,Kombinasi Tombol TBW dan Tombol Wesel W61/81A Aktif,1,1,,,perintah,YK,116,6
2360,YK-W61/81A-B-CTRL,Kombinasi Tombol TKGW dan Tombol Wesel W61/81A tidak Aktif,Kombinasi Tombol TKGW dan Tombol Wesel W61/81A Aktif,1,1,,,perintah,YK,116,7
2361,YK-W61/81A-RST-CTRL,Kombinasi Tombol TBKW dan Tombol Wesel W61/81A tidak Aktif,Kombinasi Tombol TBKW dan Tombol Wesel W61/81A Aktif,1,1,,,perintah,YK,116,8
2362,YK-W61/81A-OOC,Wesel W61/81A tidak Gangguan Deteksi,Wesel W61/81A Gangguan Deteksi,1,1,1,0>1,wesel,YK,116,9
2363,YK-W71-N-REQ,Permintaan Wesel W71 ke Arah Normal tidak Aktif,Permintaan Wesel W71 ke Arah Normal Aktif,1,1,,,wesel,YK,116,10
2364,YK-W71-R-REQ,Permintaan Wesel W71 ke Arah Reverse tidak Aktif,Permintaan Wesel W71 ke Arah Reverse Aktif,1,1,,,wesel,YK,116,11
2365,YK-W71-SWINIT,Wesel W71  belum Terinisiasi,Wesel W71  sudah Terinisiasi,1,1,,,wesel,YK,116,12
2366,YK-W71-N-BLOCK,Wesel W71 tidak Terkancing,Wesel W71 Terkancing di Posisi Normal,1,1,,,wesel,YK,116,13
2367,YK-W71-R-BLOCK,Wesel W71 tidak Terkancing,Wesel W71 Terkancing di Posisi Reverse,1,1,,,wesel,YK,116,14
2368,YK-W71-N-FAIL,,,,,,,,YK,116,15
2369,YK-W71-R-FAIL,,,,,,,,YK,117,0
2370,YK-W71-BACK-TO-N,,Wesel W71  Terganjal di Reverse dan Kembali ke Posisi Normal,1,1,1,0>1,wesel,YK,117,1
2371,YK-W71-BACK-TO-R,,Wesel W71  Terganjal di Normal dan Kembali ke Posisi Reverse,1,1,1,0>1,wesel,YK,117,2
2372,YK-W71-TRAIL-CTRL,Kombinasi Tombol TWT dan Tombol Wesel W71 tidak Aktif,Kombinasi Tombol TWT dan Tombol Wesel W71 Aktif,1,1,,,perintah,YK,117,3
2373,YK-W71-CAL-CTRL,Kombinasi Tombol TKW dan Tombol Wesel W71 tidak Aktif,Kombinasi Tombol TKW dan Tombol Wesel W71 Aktif,1,1,,,perintah,YK,117,4
2374,YK-W71-SWRLSPB-CTRL,Kombinasi Tombol TBW dan Tombol Wesel W71 tidak Aktif,Kombinasi Tombol TBW dan Tombol Wesel W71 Aktif,1,1,,,perintah,YK,117,5
2375,YK-W71-B-CTRL,Kombinasi Tombol TKGW dan Tombol Wesel W71 tidak Aktif,Kombinasi Tombol TKGW dan Tombol Wesel W71 Aktif,1,1,,,perintah,YK,117,6
2376,YK-W71-RST-CTRL,Kombinasi Tombol TBKW dan Tombol Wesel W71 tidak Aktif,Kombinasi Tombol TBKW dan Tombol Wesel W71 Aktif,1,1,,,perintah,YK,117,7
2377,YK-W71-OOC,Wesel W71 tidak Gangguan Deteksi,Wesel W71 Gangguan Deteksi,1,1,1,0>1,wesel,YK,117,8
2378,YK-W81B/101-N-REQ,Permintaan Wesel W81B/101 ke Arah Normal tidak Aktif,Permintaan Wesel W81B/101 ke Arah Normal Aktif,1,1,,,wesel,YK,117,9
2379,YK-W81B/101-R-REQ,Permintaan Wesel W81B/101 ke Arah Reverse tidak Aktif,Permintaan Wesel W81B/101 ke Arah Reverse Aktif,1,1,,,wesel,YK,117,10
2380,YK-W81B/101-SWINIT,Wesel W81B/101  belum Terinisiasi,Wesel W81B/101  sudah Terinisiasi,1,1,,,wesel,YK,117,11
2381,YK-W81B/101-N-BLOCK,Wesel W81B/101 tidak Terkancing,Wesel W81B/101 Terkancing di Posisi Normal,1,1,,,wesel,YK,117,12
2382,YK-W81B/101-R-BLOCK,Wesel W81B/101 tidak Terkancing,Wesel W81B/101 Terkancing di Posisi Reverse,1,1,,,wesel,YK,117,13
2383,YK-W81B/101-N-FAIL,,,,,,,,YK,117,14
2384,YK-W81B/101-R-FAIL,,,,,,,,YK,117,15
2385,YK-W81B/101-BACK-TO-N,,Wesel W81B/101  Terganjal di Reverse dan Kembali ke Posisi Normal,1,1,1,0>1,wesel,YK,118,0
2386,YK-W81B/101-BACK-TO-R,,Wesel W81B/101  Terganjal di Normal dan Kembali ke Posisi Reverse,1,1,1,0>1,wesel,YK,118,1
2387,YK-W81B/101-TRAIL-CTRL,Kombinasi Tombol TWT dan Tombol Wesel W81B/101 tidak Aktif,Kombinasi Tombol TWT dan Tombol Wesel W81B/101 Aktif,1,1,,,perintah,YK,118,2
2388,YK-W81B/101-CAL-CTRL,Kombinasi Tombol TKW dan Tombol Wesel W81B/101 tidak Aktif,Kombinasi Tombol TKW dan Tombol Wesel W81B/101 Aktif,1,1,,,perintah,YK,118,3
2389,YK-W81B/101-SWRLSPB-CTRL,Kombinasi Tombol TBW dan Tombol Wesel W81B/101 tidak Aktif,Kombinasi Tombol TBW dan Tombol Wesel W81B/101 Aktif,1,1,,,perintah,YK,118,4
2390,YK-W81B/101-B-CTRL,Kombinasi Tombol TKGW dan Tombol Wesel W81B/101 tidak Aktif,Kombinasi Tombol TKGW dan Tombol Wesel W81B/101 Aktif,1,1,,,perintah,YK,118,5
2391,YK-W81B/101-RST-CTRL,Kombinasi Tombol TBKW dan Tombol Wesel W81B/101 tidak Aktif,Kombinasi Tombol TBKW dan Tombol Wesel W81B/101 Aktif,1,1,,,perintah,YK,118,6
2392,YK-W81B/101-OOC,Wesel W81B/101 tidak Gangguan Deteksi,Wesel W81B/101 Gangguan Deteksi,1,1,1,0>1,wesel,YK,118,7
2393,YK-W13A/23B-N-REQ,Permintaan Wesel W13A/23B ke Arah Normal tidak Aktif,Permintaan Wesel W13A/23B ke Arah Normal Aktif,1,1,,,wesel,YK,118,8
2394,YK-W13A/23B-R-REQ,Permintaan Wesel W13A/23B ke Arah Reverse tidak Aktif,Permintaan Wesel W13A/23B ke Arah Reverse Aktif,1,1,,,wesel,YK,118,9
2395,YK-W13A/23B-SWINIT,Wesel W13A/23B  belum Terinisiasi,Wesel W13A/23B  sudah Terinisiasi,1,1,,,wesel,YK,118,10
2396,YK-W13A/23B-N-BLOCK,Wesel W13A/23B tidak Terkancing,Wesel W13A/23B Terkancing di Posisi Normal,1,1,,,wesel,YK,118,11
2397,YK-W13A/23B-R-BLOCK,Wesel W13A/23B tidak Terkancing,Wesel W13A/23B Terkancing di Posisi Reverse,1,1,,,wesel,YK,118,12
2398,YK-W13A/23B-N-FAIL,,,,,,,,YK,118,13
2399,YK-W13A/23B-R-FAIL,,,,,,,,YK,118,14
2400,YK-W13A/23B-BACK-TO-N,,Wesel W13A/23B  Terganjal di Reverse dan Kembali ke Posisi Normal,1,1,1,0>1,wesel,YK,118,15
2401,YK-W13A/23B-BACK-TO-R,,Wesel W13A/23B  Terganjal di Normal dan Kembali ke Posisi Reverse,1,1,1,0>1,wesel,YK,119,0
2402,YK-W13A/23B-TRAIL-CTRL,Kombinasi Tombol TWT dan Tombol Wesel W13A/23B tidak Aktif,Kombinasi Tombol TWT dan Tombol Wesel W13A/23B Aktif,1,1,,,perintah,YK,119,1
2403,YK-W13A/23B-CAL-CTRL,Kombinasi Tombol TKW dan Tombol Wesel W13A/23B tidak Aktif,Kombinasi Tombol TKW dan Tombol Wesel W13A/23B Aktif,1,1,,,perintah,YK,119,2
2404,YK-W13A/23B-SWRLSPB-CTRL,Kombinasi Tombol TBW dan Tombol Wesel W13A/23B tidak Aktif,Kombinasi Tombol TBW dan Tombol Wesel W13A/23B Aktif,1,1,,,perintah,YK,119,3
2405,YK-W13A/23B-B-CTRL,Kombinasi Tombol TKGW dan Tombol Wesel W13A/23B tidak Aktif,Kombinasi Tombol TKGW dan Tombol Wesel W13A/23B Aktif,1,1,,,perintah,YK,119,4
2406,YK-W13A/23B-RST-CTRL,Kombinasi Tombol TBKW dan Tombol Wesel W13A/23B tidak Aktif,Kombinasi Tombol TBKW dan Tombol Wesel W13A/23B Aktif,1,1,,,perintah,YK,119,5
2407,YK-W13A/23B-OOC,Wesel W13A/23B tidak Gangguan Deteksi,Wesel W13A/23B Gangguan Deteksi,1,1,1,0>1,wesel,YK,119,6
2408,YK-W13B/53B-N-REQ,Permintaan Wesel W13B/53B ke Arah Normal tidak Aktif,Permintaan Wesel W13B/53B ke Arah Normal Aktif,1,1,,,wesel,YK,119,7
2409,YK-W13B/53B-R-REQ,Permintaan Wesel W13B/53B ke Arah Reverse tidak Aktif,Permintaan Wesel W13B/53B ke Arah Reverse Aktif,1,1,,,wesel,YK,119,8
2410,YK-W13B/53B-SWINIT,Wesel W13B/53B  belum Terinisiasi,Wesel W13B/53B  sudah Terinisiasi,1,1,,,wesel,YK,119,9
2411,YK-W13B/53B-N-BLOCK,Wesel W13B/53B tidak Terkancing,Wesel W13B/53B Terkancing di Posisi Normal,1,1,,,wesel,YK,119,10
2412,YK-W13B/53B-R-BLOCK,Wesel W13B/53B tidak Terkancing,Wesel W13B/53B Terkancing di Posisi Reverse,1,1,,,wesel,YK,119,11
2413,YK-W13B/53B-N-FAIL,,,,,,,,YK,119,12
2414,YK-W13B/53B-R-FAIL,,,,,,,,YK,119,13
2415,YK-W13B/53B-BACK-TO-N,,Wesel W13B/53B  Terganjal di Reverse dan Kembali ke Posisi Normal,1,1,1,0>1,wesel,YK,119,14
2416,YK-W13B/53B-BACK-TO-R,,Wesel W13B/53B  Terganjal di Normal dan Kembali ke Posisi Reverse,1,1,1,0>1,wesel,YK,119,15
2417,YK-W13B/53B-TRAIL-CTRL,Kombinasi Tombol TWT dan Tombol Wesel W13B/53B tidak Aktif,Kombinasi Tombol TWT dan Tombol Wesel W13B/53B Aktif,1,1,,,perintah,YK,120,0
2418,YK-W13B/53B-CAL-CTRL,Kombinasi Tombol TKW dan Tombol Wesel W13B/53B tidak Aktif,Kombinasi Tombol TKW dan Tombol Wesel W13B/53B Aktif,1,1,,,perintah,YK,120,1
2419,YK-W13B/53B-SWRLSPB-CTRL,Kombinasi Tombol TBW dan Tombol Wesel W13B/53B tidak Aktif,Kombinasi Tombol TBW dan Tombol Wesel W13B/53B Aktif,1,1,,,perintah,YK,120,2
2420,YK-W13B/53B-B-CTRL,Kombinasi Tombol TKGW dan Tombol Wesel W13B/53B tidak Aktif,Kombinasi Tombol TKGW dan Tombol Wesel W13B/53B Aktif,1,1,,,perintah,YK,120,3
2421,YK-W13B/53B-RST-CTRL,Kombinasi Tombol TBKW dan Tombol Wesel W13B/53B tidak Aktif,Kombinasi Tombol TBKW dan Tombol Wesel W13B/53B Aktif,1,1,,,perintah,YK,120,4
2422,YK-W13B/53B-OOC,Wesel W13B/53B tidak Gangguan Deteksi,Wesel W13B/53B Gangguan Deteksi,1,1,1,0>1,wesel,YK,120,5
2423,YK-W13C/53C-N-REQ,Permintaan Wesel W13C/53C ke Arah Normal tidak Aktif,Permintaan Wesel W13C/53C ke Arah Normal Aktif,1,1,,,wesel,YK,120,6
2424,YK-W13C/53C-R-REQ,Permintaan Wesel W13C/53C ke Arah Reverse tidak Aktif,Permintaan Wesel W13C/53C ke Arah Reverse Aktif,1,1,,,wesel,YK,120,7
2425,YK-W13C/53C-SWINIT,Wesel W13C/53C  belum Terinisiasi,Wesel W13C/53C  sudah Terinisiasi,1,1,,,wesel,YK,120,8
2426,YK-W13C/53C-N-BLOCK,Wesel W13C/53C tidak Terkancing,Wesel W13C/53C Terkancing di Posisi Normal,1,1,,,wesel,YK,120,9
2427,YK-W13C/53C-R-BLOCK,Wesel W13C/53C tidak Terkancing,Wesel W13C/53C Terkancing di Posisi Reverse,1,1,,,wesel,YK,120,10
2428,YK-W13C/53C-N-FAIL,,,,,,,,YK,120,11
2429,YK-W13C/53C-R-FAIL,,,,,,,,YK,120,12
2430,YK-W13C/53C-BACK-TO-N,,Wesel W13C/53C  Terganjal di Reverse dan Kembali ke Posisi Normal,1,1,1,0>1,wesel,YK,120,13
2431,YK-W13C/53C-BACK-TO-R,,Wesel W13C/53C  Terganjal di Normal dan Kembali ke Posisi Reverse,1,1,1,0>1,wesel,YK,120,14
2432,YK-W13C/53C-TRAIL-CTRL,Kombinasi Tombol TWT dan Tombol Wesel W13C/53C tidak Aktif,Kombinasi Tombol TWT dan Tombol Wesel W13C/53C Aktif,1,1,,,perintah,YK,120,15
2433,YK-W13C/53C-CAL-CTRL,Kombinasi Tombol TKW dan Tombol Wesel W13C/53C tidak Aktif,Kombinasi Tombol TKW dan Tombol Wesel W13C/53C Aktif,1,1,,,perintah,YK,121,0
2434,YK-W13C/53C-SWRLSPB-CTRL,Kombinasi Tombol TBW dan Tombol Wesel W13C/53C tidak Aktif,Kombinasi Tombol TBW dan Tombol Wesel W13C/53C Aktif,1,1,,,perintah,YK,121,1
2435,YK-W13C/53C-B-CTRL,Kombinasi Tombol TKGW dan Tombol Wesel W13C/53C tidak Aktif,Kombinasi Tombol TKGW dan Tombol Wesel W13C/53C Aktif,1,1,,,perintah,YK,121,2
2436,YK-W13C/53C-RST-CTRL,Kombinasi Tombol TBKW dan Tombol Wesel W13C/53C tidak Aktif,Kombinasi Tombol TBKW dan Tombol Wesel W13C/53C Aktif,1,1,,,perintah,YK,121,3
2437,YK-W13C/53C-OOC,Wesel W13C/53C tidak Gangguan Deteksi,Wesel W13C/53C Gangguan Deteksi,1,1,1,0>1,wesel,YK,121,4
2438,YK-W23A/43B-N-REQ,Permintaan Wesel W23A/43B ke Arah Normal tidak Aktif,Permintaan Wesel W23A/43B ke Arah Normal Aktif,1,1,,,wesel,YK,121,5
2439,YK-W23A/43B-R-REQ,Permintaan Wesel W23A/43B ke Arah Reverse tidak Aktif,Permintaan Wesel W23A/43B ke Arah Reverse Aktif,1,1,,,wesel,YK,121,6
2440,YK-W23A/43B-SWINIT,Wesel W23A/43B  belum Terinisiasi,Wesel W23A/43B  sudah Terinisiasi,1,1,,,wesel,YK,121,7
2441,YK-W23A/43B-N-BLOCK,Wesel W23A/43B tidak Terkancing,Wesel W23A/43B Terkancing di Posisi Normal,1,1,,,wesel,YK,121,8
2442,YK-W23A/43B-R-BLOCK,Wesel W23A/43B tidak Terkancing,Wesel W23A/43B Terkancing di Posisi Reverse,1,1,,,wesel,YK,121,9
2443,YK-W23A/43B-N-FAIL,,,,,,,,YK,121,10
2444,YK-W23A/43B-R-FAIL,,,,,,,,YK,121,11
2445,YK-W23A/43B-BACK-TO-N,,Wesel W23A/43B  Terganjal di Reverse dan Kembali ke Posisi Normal,1,1,1,0>1,wesel,YK,121,12
2446,YK-W23A/43B-BACK-TO-R,,Wesel W23A/43B  Terganjal di Normal dan Kembali ke Posisi Reverse,1,1,1,0>1,wesel,YK,121,13
2447,YK-W23A/43B-TRAIL-CTRL,Kombinasi Tombol TWT dan Tombol Wesel W23A/43B tidak Aktif,Kombinasi Tombol TWT dan Tombol Wesel W23A/43B Aktif,1,1,,,perintah,YK,121,14
2448,YK-W23A/43B-CAL-CTRL,Kombinasi Tombol TKW dan Tombol Wesel W23A/43B tidak Aktif,Kombinasi Tombol TKW dan Tombol Wesel W23A/43B Aktif,1,1,,,perintah,YK,121,15
2449,YK-W23A/43B-SWRLSPB-CTRL,Kombinasi Tombol TBW dan Tombol Wesel W23A/43B tidak Aktif,Kombinasi Tombol TBW dan Tombol Wesel W23A/43B Aktif,1,1,,,perintah,YK,122,0
2450,YK-W23A/43B-B-CTRL,Kombinasi Tombol TKGW dan Tombol Wesel W23A/43B tidak Aktif,Kombinasi Tombol TKGW dan Tombol Wesel W23A/43B Aktif,1,1,,,perintah,YK,122,1
2451,YK-W23A/43B-RST-CTRL,Kombinasi Tombol TBKW dan Tombol Wesel W23A/43B tidak Aktif,Kombinasi Tombol TBKW dan Tombol Wesel W23A/43B Aktif,1,1,,,perintah,YK,122,2
2452,YK-W23A/43B-OOC,Wesel W23A/43B tidak Gangguan Deteksi,Wesel W23A/43B Gangguan Deteksi,1,1,1,0>1,wesel,YK,122,3
2453,YK-W43A/63B-N-REQ,Permintaan Wesel W43A/63B ke Arah Normal tidak Aktif,Permintaan Wesel W43A/63B ke Arah Normal Aktif,1,1,,,wesel,YK,122,4
2454,YK-W43A/63B-R-REQ,Permintaan Wesel W43A/63B ke Arah Reverse tidak Aktif,Permintaan Wesel W43A/63B ke Arah Reverse Aktif,1,1,,,wesel,YK,122,5
2455,YK-W43A/63B-SWINIT,Wesel W43A/63B  belum Terinisiasi,Wesel W43A/63B  sudah Terinisiasi,1,1,,,wesel,YK,122,6
2456,YK-W43A/63B-N-BLOCK,Wesel W43A/63B tidak Terkancing,Wesel W43A/63B Terkancing di Posisi Normal,1,1,,,wesel,YK,122,7
2457,YK-W43A/63B-R-BLOCK,Wesel W43A/63B tidak Terkancing,Wesel W43A/63B Terkancing di Posisi Reverse,1,1,,,wesel,YK,122,8
2458,YK-W43A/63B-N-FAIL,,,,,,,,YK,122,9
2459,YK-W43A/63B-R-FAIL,,,,,,,,YK,122,10
2460,YK-W43A/63B-BACK-TO-N,,Wesel W43A/63B  Terganjal di Reverse dan Kembali ke Posisi Normal,1,1,1,0>1,wesel,YK,122,11
2461,YK-W43A/63B-BACK-TO-R,,Wesel W43A/63B  Terganjal di Normal dan Kembali ke Posisi Reverse,1,1,1,0>1,wesel,YK,122,12
2462,YK-W43A/63B-TRAIL-CTRL,Kombinasi Tombol TWT dan Tombol Wesel W43A/63B tidak Aktif,Kombinasi Tombol TWT dan Tombol Wesel W43A/63B Aktif,1,1,,,perintah,YK,122,13
2463,YK-W43A/63B-CAL-CTRL,Kombinasi Tombol TKW dan Tombol Wesel W43A/63B tidak Aktif,Kombinasi Tombol TKW dan Tombol Wesel W43A/63B Aktif,1,1,,,perintah,YK,122,14
2464,YK-W43A/63B-SWRLSPB-CTRL,Kombinasi Tombol TBW dan Tombol Wesel W43A/63B tidak Aktif,Kombinasi Tombol TBW dan Tombol Wesel W43A/63B Aktif,1,1,,,perintah,YK,122,15
2465,YK-W43A/63B-B-CTRL,Kombinasi Tombol TKGW dan Tombol Wesel W43A/63B tidak Aktif,Kombinasi Tombol TKGW dan Tombol Wesel W43A/63B Aktif,1,1,,,perintah,YK,123,0
2466,YK-W43A/63B-RST-CTRL,Kombinasi Tombol TBKW dan Tombol Wesel W43A/63B tidak Aktif,Kombinasi Tombol TBKW dan Tombol Wesel W43A/63B Aktif,1,1,,,perintah,YK,123,1
2467,YK-W43A/63B-OOC,Wesel W43A/63B tidak Gangguan Deteksi,Wesel W43A/63B Gangguan Deteksi,1,1,1,0>1,wesel,YK,123,2
2468,YK-W53A-N-REQ,Permintaan Wesel W53A ke Arah Normal tidak Aktif,Permintaan Wesel W53A ke Arah Normal Aktif,1,1,,,wesel,YK,123,3
2469,YK-W53A-R-REQ,Permintaan Wesel W53A ke Arah Reverse tidak Aktif,Permintaan Wesel W53A ke Arah Reverse Aktif,1,1,,,wesel,YK,123,4
2470,YK-W53A-SWINIT,Wesel W53A  belum Terinisiasi,Wesel W53A  sudah Terinisiasi,1,1,,,wesel,YK,123,5
2471,YK-W53A-N-BLOCK,Wesel W53A tidak Terkancing,Wesel W53A Terkancing di Posisi Normal,1,1,,,wesel,YK,123,6
2472,YK-W53A-R-BLOCK,Wesel W53A tidak Terkancing,Wesel W53A Terkancing di Posisi Reverse,1,1,,,wesel,YK,123,7
2473,YK-W53A-N-FAIL,,,,,,,,YK,123,8
2474,YK-W53A-R-FAIL,,,,,,,,YK,123,9
2475,YK-W53A-BACK-TO-N,,Wesel W53A  Terganjal di Reverse dan Kembali ke Posisi Normal,1,1,1,0>1,wesel,YK,123,10
2476,YK-W53A-BACK-TO-R,,Wesel W53A  Terganjal di Normal dan Kembali ke Posisi Reverse,1,1,1,0>1,wesel,YK,123,11
2477,YK-W53A-TRAIL-CTRL,Kombinasi Tombol TWT dan Tombol Wesel W53A tidak Aktif,Kombinasi Tombol TWT dan Tombol Wesel W53A Aktif,1,1,,,perintah,YK,123,12
2478,YK-W53A-CAL-CTRL,Kombinasi Tombol TKW dan Tombol Wesel W53A tidak Aktif,Kombinasi Tombol TKW dan Tombol Wesel W53A Aktif,1,1,,,perintah,YK,123,13
2479,YK-W53A-SWRLSPB-CTRL,Kombinasi Tombol TBW dan Tombol Wesel W53A tidak Aktif,Kombinasi Tombol TBW dan Tombol Wesel W53A Aktif,1,1,,,perintah,YK,123,14
2480,YK-W53A-B-CTRL,Kombinasi Tombol TKGW dan Tombol Wesel W53A tidak Aktif,Kombinasi Tombol TKGW dan Tombol Wesel W53A Aktif,1,1,,,perintah,YK,123,15
2481,YK-W53A-RST-CTRL,Kombinasi Tombol TBKW dan Tombol Wesel W53A tidak Aktif,Kombinasi Tombol TBKW dan Tombol Wesel W53A Aktif,1,1,,,perintah,YK,124,0
2482,YK-W53A-OOC,Wesel W53A tidak Gangguan Deteksi,Wesel W53A Gangguan Deteksi,1,1,1,0>1,wesel,YK,124,1
2483,YK-W63A/83-N-REQ,Permintaan Wesel W63A/83 ke Arah Normal tidak Aktif,Permintaan Wesel W63A/83 ke Arah Normal Aktif,1,1,,,wesel,YK,124,2
2484,YK-W63A/83-R-REQ,Permintaan Wesel W63A/83 ke Arah Reverse tidak Aktif,Permintaan Wesel W63A/83 ke Arah Reverse Aktif,1,1,,,wesel,YK,124,3
2485,YK-W63A/83-SWINIT,Wesel W63A/83  belum Terinisiasi,Wesel W63A/83  sudah Terinisiasi,1,1,,,wesel,YK,124,4
2486,YK-W63A/83-N-BLOCK,Wesel W63A/83 tidak Terkancing,Wesel W63A/83 Terkancing di Posisi Normal,1,1,,,wesel,YK,124,5
2487,YK-W63A/83-R-BLOCK,Wesel W63A/83 tidak Terkancing,Wesel W63A/83 Terkancing di Posisi Reverse,1,1,,,wesel,YK,124,6
2488,YK-W63A/83-N-FAIL,,,,,,,,YK,124,7
2489,YK-W63A/83-R-FAIL,,,,,,,,YK,124,8
2490,YK-W63A/83-BACK-TO-N,,Wesel W63A/83  Terganjal di Reverse dan Kembali ke Posisi Normal,1,1,1,0>1,wesel,YK,124,9
2491,YK-W63A/83-BACK-TO-R,,Wesel W63A/83  Terganjal di Normal dan Kembali ke Posisi Reverse,1,1,1,0>1,wesel,YK,124,10
2492,YK-W63A/83-TRAIL-CTRL,Kombinasi Tombol TWT dan Tombol Wesel W63A/83 tidak Aktif,Kombinasi Tombol TWT dan Tombol Wesel W63A/83 Aktif,1,1,,,perintah,YK,124,11
2493,YK-W63A/83-CAL-CTRL,Kombinasi Tombol TKW dan Tombol Wesel W63A/83 tidak Aktif,Kombinasi Tombol TKW dan Tombol Wesel W63A/83 Aktif,1,1,,,perintah,YK,124,12
2494,YK-W63A/83-SWRLSPB-CTRL,Kombinasi Tombol TBW dan Tombol Wesel W63A/83 tidak Aktif,Kombinasi Tombol TBW dan Tombol Wesel W63A/83 Aktif,1,1,,,perintah,YK,124,13
2495,YK-W63A/83-B-CTRL,Kombinasi Tombol TKGW dan Tombol Wesel W63A/83 tidak Aktif,Kombinasi Tombol TKGW dan Tombol Wesel W63A/83 Aktif,1,1,,,perintah,YK,124,14
2496,YK-W63A/83-RST-CTRL,Kombinasi Tombol TBKW dan Tombol Wesel W63A/83 tidak Aktif,Kombinasi Tombol TBKW dan Tombol Wesel W63A/83 Aktif,1,1,,,perintah,YK,124,15
2497,YK-W63A/83-OOC,Wesel W63A/83 tidak Gangguan Deteksi,Wesel W63A/83 Gangguan Deteksi,1,1,1,0>1,wesel,YK,125,0
2498,YK-W73-N-REQ,Permintaan Wesel W73 ke Arah Normal tidak Aktif,Permintaan Wesel W73 ke Arah Normal Aktif,1,1,,,wesel,YK,125,1
2499,YK-W73-R-REQ,Permintaan Wesel W73 ke Arah Reverse tidak Aktif,Permintaan Wesel W73 ke Arah Reverse Aktif,1,1,,,wesel,YK,125,2
2500,YK-W73-SWINIT,Wesel W73  belum Terinisiasi,Wesel W73  sudah Terinisiasi,1,1,,,wesel,YK,125,3
2501,YK-W73-N-BLOCK,Wesel W73 tidak Terkancing,Wesel W73 Terkancing di Posisi Normal,1,1,,,wesel,YK,125,4
2502,YK-W73-R-BLOCK,Wesel W73 tidak Terkancing,Wesel W73 Terkancing di Posisi Reverse,1,1,,,wesel,YK,125,5
2503,YK-W73-N-FAIL,,,,,,,,YK,125,6
2504,YK-W73-R-FAIL,,,,,,,,YK,125,7
2505,YK-W73-BACK-TO-N,,Wesel W73  Terganjal di Reverse dan Kembali ke Posisi Normal,1,1,1,0>1,wesel,YK,125,8
2506,YK-W73-BACK-TO-R,,Wesel W73  Terganjal di Normal dan Kembali ke Posisi Reverse,1,1,1,0>1,wesel,YK,125,9
2507,YK-W73-TRAIL-CTRL,Kombinasi Tombol TWT dan Tombol Wesel W73 tidak Aktif,Kombinasi Tombol TWT dan Tombol Wesel W73 Aktif,1,1,,,perintah,YK,125,10
2508,YK-W73-CAL-CTRL,Kombinasi Tombol TKW dan Tombol Wesel W73 tidak Aktif,Kombinasi Tombol TKW dan Tombol Wesel W73 Aktif,1,1,,,perintah,YK,125,11
2509,YK-W73-SWRLSPB-CTRL,Kombinasi Tombol TBW dan Tombol Wesel W73 tidak Aktif,Kombinasi Tombol TBW dan Tombol Wesel W73 Aktif,1,1,,,perintah,YK,125,12
2510,YK-W73-B-CTRL,Kombinasi Tombol TKGW dan Tombol Wesel W73 tidak Aktif,Kombinasi Tombol TKGW dan Tombol Wesel W73 Aktif,1,1,,,perintah,YK,125,13
2511,YK-W73-RST-CTRL,Kombinasi Tombol TBKW dan Tombol Wesel W73 tidak Aktif,Kombinasi Tombol TBKW dan Tombol Wesel W73 Aktif,1,1,,,perintah,YK,125,14
2512,YK-W73-OOC,Wesel W73 tidak Gangguan Deteksi,Wesel W73 Gangguan Deteksi,1,1,1,0>1,wesel,YK,125,15
2513,YK-A10-RRLSPB-CTRL,Kombinasi Tombol Hapus Rute Sinyal Tujuan A10 tidak Aktif,Kombinasi Tombol Hapus Rute Sinyal Tujuan A10 Aktif,1,1,,,perintah,YK,126,0
2514,YK-A10-AA,Kereta datang dari Blok A10 Telah Diberi Izin Masuk,Alarm Kedatangan Kereta dari Blok A10 Berbunyi,1,1,1,0>1,,YK,126,1
2515,YK-A10-BZ-TE,,Alarm Kedatangan Kereta dari Blok A10 Telah Berhenti Berbunyi,1,1,,,,YK,126,2
2516,YK-J10-RRLSPB-CTRL,Kombinasi Tombol Hapus Rute Sinyal Tujuan J10 tidak Aktif,Kombinasi Tombol Hapus Rute Sinyal Tujuan J10 Aktif,1,1,,,perintah,YK,126,3
2517,YK-A10-CF-TBMS-CTRL,Kombinasi Tombol TBMS dan A10 tidak Aktif,Kombinasi Tombol TBMS dan A10 Aktif,1,1,,,perintah,YK,126,4
2518,YK-A10-CF-TBMS,TBMS ke Arah A10 tidak Aktif,TBMS ke Arah A10 Aktif,1,1,,,blok,YK,126,5
2519,YK-A20-RRLSPB-CTRL,Kombinasi Tombol Hapus Rute Sinyal Tujuan A20 tidak Aktif,Kombinasi Tombol Hapus Rute Sinyal Tujuan A20 Aktif,1,1,,,perintah,YK,126,6
2520,YK-A20-AA,Kereta datang dari Blok A20 Telah Diberi Izin Masuk,Alarm Kedatangan Kereta dari Blok A20 Berbunyi,1,1,1,0>1,,YK,126,7
2521,YK-A20-BZ-TE,,Alarm Kedatangan Kereta dari Blok A20 Telah Berhenti Berbunyi,1,1,,,,YK,126,8
2522,YK-J20-RRLSPB-CTRL,Kombinasi Tombol Hapus Rute Sinyal Tujuan J20 tidak Aktif,Kombinasi Tombol Hapus Rute Sinyal Tujuan J20 Aktif,1,1,,,perintah,YK,126,9
2523,YK-A20-TBMS-CTRL,Kombinasi Tombol TBMS dan A20 tidak Aktif,Kombinasi Tombol TBMS dan A20 Aktif,1,1,,,perintah,YK,126,10
2524,YK-A20-TBMS,TBMS ke Arah A20 tidak Aktif,TBMS ke Arah A20 Aktif,1,1,,,blok,YK,126,11
2525,YK-A14-RRLSPB-CTRL,Kombinasi Tombol Hapus Rute Sinyal Tujuan A14 tidak Aktif,Kombinasi Tombol Hapus Rute Sinyal Tujuan A14 Aktif,1,1,,,perintah,YK,126,12
2526,YK-A14-AA,Kereta datang dari Blok A14 Telah Diberi Izin Masuk,Alarm Kedatangan Kereta dari Blok A14 Berbunyi,1,1,1,0>1,,YK,126,13
2527,YK-A14-BZ-TE,,Alarm Kedatangan Kereta dari Blok A14 Telah Berhenti Berbunyi,1,1,,,,YK,126,14
2528,YK-J14-RRLSPB-CTRL,Kombinasi Tombol Hapus Rute Sinyal Tujuan J14 tidak Aktif,Kombinasi Tombol Hapus Rute Sinyal Tujuan J14 Aktif,1,1,,,perintah,YK,126,15
2529,YK-A14-TBMS-CTRL,Kombinasi Tombol TBMS dan A14 tidak Aktif,Kombinasi Tombol TBMS dan A14 Aktif,1,1,,,perintah,YK,127,0
2530,YK-A14-TBMS,TBMS ke Arah A14 tidak Aktif,TBMS ke Arah A14 Aktif,1,1,,,blok,YK,127,1
2531,YK-A54-RRLSPB-CTRL,Kombinasi Tombol Hapus Rute Sinyal Tujuan A54 tidak Aktif,Kombinasi Tombol Hapus Rute Sinyal Tujuan A54 Aktif,1,1,,,perintah,YK,127,2
2532,YK-A54-AA,Kereta datang dari Blok A54 Telah Diberi Izin Masuk,Alarm Kedatangan Kereta dari Blok A54 Berbunyi,1,1,1,0>1,,YK,127,3
2533,YK-A54-BZ-TE,,Alarm Kedatangan Kereta dari Blok A54 Telah Berhenti Berbunyi,1,1,,,,YK,127,4
2534,YK-J54-RRLSPB-CTRL,Kombinasi Tombol Hapus Rute Sinyal Tujuan J54 tidak Aktif,Kombinasi Tombol Hapus Rute Sinyal Tujuan J54 Aktif,1,1,,,perintah,YK,127,5
2535,YK-A54-TBMS-CTRL,Kombinasi Tombol TBMS dan A54 tidak Aktif,Kombinasi Tombol TBMS dan A54 Aktif,1,1,,,perintah,YK,127,6
2536,YK-A54-TBMS,TBMS ke Arah A54 tidak Aktif,TBMS ke Arah A54 Aktif,1,1,,,blok,YK,127,7
2537,YK-JPL736-PB-ERR,Tombol ACK JPL736 Normal Kembali,Gangguan Tombol ACK JPL736,1,1,1,0>1,lain-lain,YK,127,8
2538,YK-JPL737-PB-ERR,Tombol ACK JPL737 Normal Kembali,Gangguan Tombol ACK JPL737,1,1,1,0>1,lain-lain,YK,127,9
2539,YK-JPL739-PB-ERR,Tombol ACK JPL739 Normal Kembali,Gangguan Tombol ACK JPL739,1,1,1,0>1,lain-lain,YK,127,10
2540,YK-JPL3B-PB-ERR,Tombol ACK JPL3B Normal Kembali,Gangguan Tombol ACK JPL3B,1,1,1,0>1,lain-lain,YK,127,11
2541,YK-JPL3A-PB-ERR,Tombol ACK JPL3A Normal Kembali,Gangguan Tombol ACK JPL3A,1,1,1,0>1,lain-lain,YK,127,12
2542,YK-NV-OK,System NON VITAL mengalami Gangguan,System NON VITAL Normal,1,1,,,lain-lain,YK,127,13
2543,YK-NV-POW-OK,System NON VITAL Suplai Daya Gangguan,System NON VITAL Suplai Daya Normal,1,1,,,lain-lain,YK,127,14
2544,YK-NV-TEMP-OK,System NON VITAL Temperatur Gangguan,System NON VITAL Temperatur Normal,1,1,,,lain-lain,YK,127,15
2545,YK-NV-ACTIVE-ERR,System NON VITAL tidak terdapat ERROR,System NON VITAL terdapat ERROR,1,1,,,lain-lain,YK,128,0
2546,YK-NV-ACTIVE-WARN,System NON VITAL tidak terdapat WARNING,System NON VITAL terdapat WARNING,1,1,,,lain-lain,YK,128,1
2547,YK-NV-FORCING-PREPARED,System NON VITAL tidak sedang dipersiapkan untuk Forcing,System NON VITAL sedang dipersiapkan untuk Forcing,1,1,,,lain-lain,YK,128,2
2548,YK-NV-FORCING-ACTIVE,System NON VITAL tidak terdapat variable terforcing,System NON VITAL terdapat variable terforcing,1,1,,,lain-lain,YK,128,3
2549,YK-NV-DI-OK,System NON VITAL Modul DI mengalami Gangguan,System NON VITAL Modul DI Normal,1,1,,,lain-lain,YK,128,4
2550,YK-NV-DO-OK,System NON VITAL Modul DO mengalami Gangguan,System NON VITAL Modul DO Normal,1,1,,,lain-lain,YK,128,5
2551,YK-NV-RELOAD,System NON VITAL selesai melakukan RELOAD,System NON VITAL mulai melakukan RELOAD,1,1,,,lain-lain,YK,128,6
2552,YK-NV-NS/RIO-COMM-OK,Komunikasi NON VITAL ke NS Gangguan,Komunikasi NON VITAL ke NS Normal,1,1,,,lain-lain,YK,128,7
2553,YK-NV-NS/RIO-OK,NS Remote IO mengalami Gangguan,NS Remote IO Normal,1,1,,,lain-lain,YK,128,8
2554,YK-CTC-OK,System CTS/CTC mengalami Gangguan,System CTS/CTC Normal,1,1,,,lain-lain,YK,128,9
2555,YK-CTC-POW-OK,System CTS/CTC Suplai Daya Gangguan,System CTS/CTC Suplai Daya Normal,1,1,,,lain-lain,YK,128,10
2556,YK-CTC-TEMP-OK,System CTS/CTC Temperatur Gangguan,System CTS/CTC Temperatur Normal,1,1,,,lain-lain,YK,128,11
2557,YK-CTC-ACTIVE-ERR,System CTS/CTC tidak terdapat ERROR,System CTS/CTC terdapat ERROR,1,1,,,lain-lain,YK,128,12
2558,YK-CTC-ACTIVE-WARN,System CTS/CTC tidak terdapat WARNING,System CTS/CTC terdapat WARNING,1,1,,,lain-lain,YK,128,13
2559,YK-CTC-FORCING-PREPARED,System CTS/CTC tidak sedang dipersiapkan untuk Forcing,System CTS/CTC sedang dipersiapkan untuk Forcing,1,1,,,lain-lain,YK,128,14
2560,YK-CTC-FORCING-ACTIVE,System CTS/CTC tidak terdapat variable terforcing,System CTS/CTC terdapat variable terforcing,1,1,,,lain-lain,YK,128,15
2561,YK-CTC-DI-OK,System CTS/CTC Modul DI mengalami Gangguan,System CTS/CTC Modul DI Normal,1,1,,,lain-lain,YK,129,0
2562,YK-CTC-DO-OK,System CTS/CTC Modul DO mengalami Gangguan,System CTS/CTC Modul DO Normal,1,1,,,lain-lain,YK,129,1
2563,YK-CTC-RELOAD,System CTS/CTC selesai melakukan RELOAD,System CTS/CTC mulai melakukan RELOAD,1,1,,,lain-lain,YK,129,2
2564,YK-VDU-ALIVE-IN1,,,,,,,,YK,129,3
2565,YK-VDU-ALIVE-OUT1,,,,,,,,YK,129,4
2566,YK-VDU-LOG-IN1,,,,,,,,YK,129,5
2567,YK-VDU-LOG-OUT1,,,,,,,,YK,129,6
2568,YK-IN1-COMM-OK,Komunikasi Sistem NON VITAL dengan VDU1 Gangguan,Komunikasi Sistem NON VITAL dengan VDU1 Normal,1,1,1,1>0,lain-lain,YK,129,7
2569,YK-VDU-ALIVE-IN2,,,,,,,,YK,129,8
2570,YK-VDU-ALIVE-OUT2,,,,,,,,YK,129,9
2571,YK-VDU-LOG-IN2,,,,,,,,YK,129,10
2572,YK-VDU-LOG-OUT2,,,,,,,,YK,129,11
2573,YK-IN2-COMM-OK,Komunikasi Sistem NON VITAL dengan VDU2 Gangguan,Komunikasi Sistem NON VITAL dengan VDU2 Normal,1,1,1,1>0,lain-lain,YK,129,12
2574,YK-A14-SFLZR-DI,Menerima Info Ada Kereta Sedang langsir di sinyal masuk stasiun Arah A14,Menerima Info tidak Ada Kereta Sedang langsir di sinyal masuk stasiun Arah A14,1,1,,,blok,YK,129,13
2575,YK-A54-SFLZR-DI,Menerima Info Ada Kereta Sedang langsir di sinyal masuk stasiun Arah A14,Menerima Info tidak Ada Kereta Sedang langsir di sinyal masuk stasiun Arah A14,1,1,,,blok,YK,129,14
2576,,,,,,,,,YK,129,15
2577,YK-VDR-DO,,,,,,,,YK,130,0
2578,YK-VDR-DI,Kontak Relay VDR Putus,Kontak Relay VDR Terhubung,1,1,1,1>0,lain-lain,YK,130,1
2579,YK-CPR-PSU1-OK,PSU1 CPR Gangguan Suplai Daya,PSU1 CPR Normal,1,1,1,1>0,lain-lain,YK,130,2
2580,YK-CPR-PSU2-OK,PSU2 CPR Gangguan Suplai Daya,PSU2 CPR Normal,1,1,1,1>0,lain-lain,YK,130,3
2581,YK-WARNING-OK,,,,,,,,YK,130,4
2582,YK-NV-V-OK,Gangguan Komunikasi Sistem Vital dan Sistem Nonvital,Komunikasi Sistem Vital dan Sistem Nonvital Normal Kembali,1,1,1,1>0,lain-lain,YK,130,5
2583,YK-V-LOGGER-CHK,,,,,,,,YK,130,6
2584,YK-LOGGER-V-OK,Gangguan Komunikasi Data Logger dan Sistem Vital,Komunikasi Data Logger dan Sistem Vital Normal Kembali,1,1,1,1>0,lain-lain,YK,130,7
2585,YK-J10-12B-E,,Rute Darurat dari J10 ke JL12B Terbentuk,1,1,,,rute,YK,130,8
2586,YK-J10-12B-H,,Rute Normal dari J10 ke JL12B Terbentuk,1,1,,,rute,YK,130,9
2587,YK-J10-12B-D,,Rute Normal dari J10 ke JL12B Terbentuk,1,1,,,rute,YK,130,10
2588,YK-J10-22B-E,,Rute Darurat dari J10 ke JL22B Terbentuk,1,1,,,rute,YK,130,11
2589,YK-J10-22B-H,,Rute Normal dari J10 ke JL22B Terbentuk,1,1,,,rute,YK,130,12
2590,YK-J10-42B-E,,Rute Darurat dari J10 ke JL42B Terbentuk,1,1,,,rute,YK,130,13
2591,YK-J10-42B-H,,Rute Normal dari J10 ke JL42B Terbentuk,1,1,,,rute,YK,130,14
2592,YK-J10-52B-E,,Rute Darurat dari J10 ke JL52B Terbentuk,1,1,,,rute,YK,130,15
2593,YK-J10-52B-H,,Rute Normal dari J10 ke JL52B Terbentuk,1,1,,,rute,YK,131,0
2594,YK-J10-52B-D,,Rute Normal dari J10 ke JL52B Terbentuk,1,1,,,rute,YK,131,1
2595,YK-J10-62B-E,,Rute Darurat dari J10 ke JL62B Terbentuk,1,1,,,rute,YK,131,2
2596,YK-J10-62B-H,,Rute Normal dari J10 ke JL62B Terbentuk,1,1,,,rute,YK,131,3
2597,YK-J10-72B-E,,Rute Darurat dari J10 ke JL72B Terbentuk,1,1,,,rute,YK,131,4
2598,YK-J10-72B-H,,Rute Normal dari J10 ke JL72B Terbentuk,1,1,,,rute,YK,131,5
2599,YK-J10-82B-E,,Rute Darurat dari J10 ke JL82B Terbentuk,1,1,,,rute,YK,131,6
2600,YK-J10-82B-H,,Rute Normal dari J10 ke JL82B Terbentuk,1,1,,,rute,YK,131,7
2601,YK-J10-92B-E,,Rute Darurat dari J10 ke JL92B Terbentuk,1,1,,,rute,YK,131,8
2602,YK-J10-92B-H,,Rute Normal dari J10 ke JL92B Terbentuk,1,1,,,rute,YK,131,9
2603,YK-J20-12B-CF-E,,Rute Contraflow dari J20 ke JL12B Terbentuk,1,1,,,rute,YK,131,10
2604,YK-J20-22B-CF-E,,Rute Contraflow dari J20 ke JL22B Terbentuk,1,1,,,rute,YK,131,11
2605,YK-J20-42B-CF-E,,Rute Contraflow dari J20 ke JL42B Terbentuk,1,1,,,rute,YK,131,12
2606,YK-J20-52B-CF-E,,Rute Contraflow dari J20 ke JL52B Terbentuk,1,1,,,rute,YK,131,13
2607,YK-J20-62B-CF-E,,Rute Contraflow dari J20 ke JL62B Terbentuk,1,1,,,rute,YK,131,14
2608,YK-J20-72B-CF-E,,Rute Contraflow dari J20 ke JL72B Terbentuk,1,1,,,rute,YK,131,15
2609,YK-J20-82B-CF-E,,Rute Contraflow dari J20 ke JL82B Terbentuk,1,1,,,rute,YK,132,0
2610,YK-J20-92B-CF-E,,Rute Contraflow dari J20 ke JL92B Terbentuk,1,1,,,rute,YK,132,1
2611,YK-L20-11-S,,Rute Langsir dari L20 ke L11 Terbentuk,1,1,,,rute,YK,132,2
2612,YK-L20-21B-S,,Rute Langsir dari L20 ke L21B Terbentuk,1,1,,,rute,YK,132,3
2613,YK-L20-51B-S,,Rute Langsir dari L20 ke L51B Terbentuk,1,1,,,rute,YK,132,4
2614,YK-L11-12B-S,,Rute Langsir dari L11 ke JL12B Terbentuk,1,1,,,rute,YK,132,5
2615,YK-L11-22B-S,,Rute Langsir dari L11 ke JL22B Terbentuk,1,1,,,rute,YK,132,6
2616,YK-L11-X32-S,,Rute Langsir dari L11 ke X32 Terbentuk,1,1,,,rute,YK,132,7
2617,YK-L11-42B-S,,Rute Langsir dari L11 ke JL42B Terbentuk,1,1,,,rute,YK,132,8
2618,YK-L11-62B-S,,Rute Langsir dari L11 ke JL62B Terbentuk,1,1,,,rute,YK,132,9
2619,YK-L11-82B-S,,Rute Langsir dari L11 ke JL82B Terbentuk,1,1,,,rute,YK,132,10
2620,YK-L21B-22B-S,,Rute Langsir dari L21B ke JL22B Terbentuk,1,1,,,rute,YK,132,11
2621,YK-L21B-42B-S,,Rute Langsir dari L21B ke JL42B Terbentuk,1,1,,,rute,YK,132,12
2622,YK-L21B-62B-S,,Rute Langsir dari L21B ke JL62B Terbentuk,1,1,,,rute,YK,132,13
2623,YK-L21B-82B-S,,Rute Langsir dari L21B ke JL82B Terbentuk,1,1,,,rute,YK,132,14
2624,YK-L30-X32-S,,Rute Langsir dari L30 ke X32 Terbentuk,1,1,,,rute,YK,132,15
2625,YK-L51B-52B-S,,Rute Langsir dari L51B ke JL52B Terbentuk,1,1,,,rute,YK,133,0
2626,YK-L51B-72B-S,,Rute Langsir dari L51B ke JL72B Terbentuk,1,1,,,rute,YK,133,1
2627,YK-L51B-92B-S,,Rute Langsir dari L51B ke JL92B Terbentuk,1,1,,,rute,YK,133,2
2628,YK-L40-42B-S,,Rute Langsir dari L40 ke JL42B Terbentuk,1,1,,,rute,YK,133,3
2629,YK-L40-62B-S,,Rute Langsir dari L40 ke JL62B Terbentuk,1,1,,,rute,YK,133,4
2630,YK-L40-82B-S,,Rute Langsir dari L40 ke JL82B Terbentuk,1,1,,,rute,YK,133,5
2631,YK-L80-82B-S,,Rute Langsir dari L80 ke JL82B Terbentuk,1,1,,,rute,YK,133,6
2632,YK-L100-82B-S,,Rute Langsir dari L100 ke JL82B Terbentuk,1,1,,,rute,YK,133,7
2633,YK-L100-X102-S,,Rute Langsir dari L100 ke X102 Terbentuk,1,1,,,rute,YK,133,8
2634,YK-JL12B-A14-E,,Rute Darurat dari JL12B ke A14 Terbentuk,1,1,,,rute,YK,133,9
2635,YK-JL12B-A14-H,,Rute Normal dari JL12B ke A14 Terbentuk,1,1,,,rute,YK,133,10
2636,YK-JL12B-A14-D,,Rute Normal dari JL12B ke A14 Terbentuk,1,1,,,rute,YK,133,11
2637,YK-JL22B-A14-E,,Rute Darurat dari JL22B ke A14 Terbentuk,1,1,,,rute,YK,133,12
2638,YK-JL22B-A14-H,,Rute Normal dari JL22B ke A14 Terbentuk,1,1,,,rute,YK,133,13
2639,YK-JL22B-A14-D,,Rute Normal dari JL22B ke A14 Terbentuk,1,1,,,rute,YK,133,14
2640,YK-JL42B-A14-E,,Rute Darurat dari JL42B ke A14 Terbentuk,1,1,,,rute,YK,133,15
2641,YK-JL42B-A14-H,,Rute Normal dari JL42B ke A14 Terbentuk,1,1,,,rute,YK,134,0
2642,YK-JL42B-A14-D,,Rute Normal dari JL42B ke A14 Terbentuk,1,1,,,rute,YK,134,1
2643,YK-JL52B-A14-E,,Rute Darurat dari JL52B ke A14 Terbentuk,1,1,,,rute,YK,134,2
2644,YK-JL52B-A14-H,,Rute Normal dari JL52B ke A14 Terbentuk,1,1,,,rute,YK,134,3
2645,YK-JL52B-A14-D,,Rute Normal dari JL52B ke A14 Terbentuk,1,1,,,rute,YK,134,4
2646,YK-JL62B-A14-E,,Rute Darurat dari JL62B ke A14 Terbentuk,1,1,,,rute,YK,134,5
2647,YK-JL62B-A14-H,,Rute Normal dari JL62B ke A14 Terbentuk,1,1,,,rute,YK,134,6
2648,YK-JL62B-A14-D,,Rute Normal dari JL62B ke A14 Terbentuk,1,1,,,rute,YK,134,7
2649,YK-JL72B-A14-E,,Rute Darurat dari JL72B ke A14 Terbentuk,1,1,,,rute,YK,134,8
2650,YK-JL72B-A14-H,,Rute Normal dari JL72B ke A14 Terbentuk,1,1,,,rute,YK,134,9
2651,YK-JL72B-A14-D,,Rute Normal dari JL72B ke A14 Terbentuk,1,1,,,rute,YK,134,10
2652,YK-JL82B-A14-E,,Rute Darurat dari JL82B ke A14 Terbentuk,1,1,,,rute,YK,134,11
2653,YK-JL82B-A14-H,,Rute Normal dari JL82B ke A14 Terbentuk,1,1,,,rute,YK,134,12
2654,YK-JL82B-A14-D,,Rute Normal dari JL82B ke A14 Terbentuk,1,1,,,rute,YK,134,13
2655,YK-JL92B-A14-E,,Rute Darurat dari JL92B ke A14 Terbentuk,1,1,,,rute,YK,134,14
2656,YK-JL92B-A14-H,,Rute Normal dari JL92B ke A14 Terbentuk,1,1,,,rute,YK,134,15
2657,YK-JL92B-A14-D,,Rute Normal dari JL92B ke A14 Terbentuk,1,1,,,rute,YK,135,0
2658,YK-JL12B-A54-E,,Rute Darurat dari JL12B ke A54 Terbentuk,1,1,,,rute,YK,135,1
2659,YK-JL12B-A54-H,,Rute Normal dari JL12B ke A54 Terbentuk,1,1,,,rute,YK,135,2
2660,YK-JL12B-A54-D,,Rute Normal dari JL12B ke A54 Terbentuk,1,1,,,rute,YK,135,3
2661,YK-JL22B-A54-E,,Rute Darurat dari JL22B ke A54 Terbentuk,1,1,,,rute,YK,135,4
2662,YK-JL22B-A54-H,,Rute Normal dari JL22B ke A54 Terbentuk,1,1,,,rute,YK,135,5
2663,YK-JL22B-A54-D,,Rute Normal dari JL22B ke A54 Terbentuk,1,1,,,rute,YK,135,6
2664,YK-JL42B-A54-E,,Rute Darurat dari JL42B ke A54 Terbentuk,1,1,,,rute,YK,135,7
2665,YK-JL42B-A54-H,,Rute Normal dari JL42B ke A54 Terbentuk,1,1,,,rute,YK,135,8
2666,YK-JL42B-A54-D,,Rute Normal dari JL42B ke A54 Terbentuk,1,1,,,rute,YK,135,9
2667,YK-JL52B-A54-E,,Rute Darurat dari JL52B ke A54 Terbentuk,1,1,,,rute,YK,135,10
2668,YK-JL52B-A54-H,,Rute Normal dari JL52B ke A54 Terbentuk,1,1,,,rute,YK,135,11
2669,YK-JL52B-A54-D,,Rute Normal dari JL52B ke A54 Terbentuk,1,1,,,rute,YK,135,12
2670,YK-JL62B-A54-E,,Rute Darurat dari JL62B ke A54 Terbentuk,1,1,,,rute,YK,135,13
2671,YK-JL62B-A54-H,,Rute Normal dari JL62B ke A54 Terbentuk,1,1,,,rute,YK,135,14
2672,YK-JL62B-A54-D,,Rute Normal dari JL62B ke A54 Terbentuk,1,1,,,rute,YK,135,15
2673,YK-JL72B-A54-E,,Rute Darurat dari JL72B ke A54 Terbentuk,1,1,,,rute,YK,136,0
2674,YK-JL72B-A54-H,,Rute Normal dari JL72B ke A54 Terbentuk,1,1,,,rute,YK,136,1
2675,YK-JL72B-A54-D,,Rute Normal dari JL72B ke A54 Terbentuk,1,1,,,rute,YK,136,2
2676,YK-JL82B-A54-E,,Rute Darurat dari JL82B ke A54 Terbentuk,1,1,,,rute,YK,136,3
2677,YK-JL82B-A54-H,,Rute Normal dari JL82B ke A54 Terbentuk,1,1,,,rute,YK,136,4
2678,YK-JL82B-A54-D,,Rute Normal dari JL82B ke A54 Terbentuk,1,1,,,rute,YK,136,5
2679,YK-JL92B-A54-E,,Rute Darurat dari JL92B ke A54 Terbentuk,1,1,,,rute,YK,136,6
2680,YK-JL92B-A54-H,,Rute Normal dari JL92B ke A54 Terbentuk,1,1,,,rute,YK,136,7
2681,YK-JL92B-A54-D,,Rute Normal dari JL92B ke A54 Terbentuk,1,1,,,rute,YK,136,8
2682,YK-JL12B-13B-S,,Rute Langsir dari JL12B ke L13B Terbentuk,1,1,,,rute,YK,136,9
2683,YK-JL22B-13B-S,,Rute Langsir dari JL22B ke L13B Terbentuk,1,1,,,rute,YK,136,10
2684,YK-JL42B-13B-S,,Rute Langsir dari JL42B ke L13B Terbentuk,1,1,,,rute,YK,136,11
2685,YK-JL62B-13B-S,,Rute Langsir dari JL62B ke L13B Terbentuk,1,1,,,rute,YK,136,12
2686,YK-JL82B-13B-S,,Rute Langsir dari JL82B ke L13B Terbentuk,1,1,,,rute,YK,136,13
2687,YK-JL52B-53B-S,,Rute Langsir dari JL52B ke L53B Terbentuk,1,1,,,rute,YK,136,14
2688,YK-JL72B-53B-S,,Rute Langsir dari JL72B ke L53B Terbentuk,1,1,,,rute,YK,136,15
2689,YK-JL92B-53B-S,,Rute Langsir dari JL92B ke L53B Terbentuk,1,1,,,rute,YK,137,0
2690,YK-L13B-X14-S,,Rute Langsir dari L13B ke X14 Terbentuk,1,1,,,rute,YK,137,1
2691,YK-L53B-X14-S,,Rute Langsir dari L53B ke X14 Terbentuk,1,1,,,rute,YK,137,2
2692,YK-L13B-X54-S,,Rute Langsir dari L13B ke X54 Terbentuk,1,1,,,rute,YK,137,3
2693,YK-L53B-X54-S,,Rute Langsir dari L53B ke X54 Terbentuk,1,1,,,rute,YK,137,4
2694,YK-JL22B-X24-S,,Rute Langsir dari JL22B ke X24 Terbentuk,1,1,,,rute,YK,137,5
2695,YK-JL42B-X24-S,,Rute Langsir dari JL42B ke X24 Terbentuk,1,1,,,rute,YK,137,6
2696,YK-JL62B-X24-S,,Rute Langsir dari JL62B ke X24 Terbentuk,1,1,,,rute,YK,137,7
2697,YK-JL82B-X24-S,,Rute Langsir dari JL82B ke X24 Terbentuk,1,1,,,rute,YK,137,8
2698,YK-JL42B-X44-S,,Rute Langsir dari JL42B ke X44 Terbentuk,1,1,,,rute,YK,137,9
2699,YK-JL62B-X44-S,,Rute Langsir dari JL62B ke X44 Terbentuk,1,1,,,rute,YK,137,10
2700,YK-JL82B-X44-S,,Rute Langsir dari JL82B ke X44 Terbentuk,1,1,,,rute,YK,137,11
2701,YK-JL62B-X64-S,,Rute Langsir dari JL62B ke X64 Terbentuk,1,1,,,rute,YK,137,12
2702,YK-JL82B-X64-S,,Rute Langsir dari JL82B ke X64 Terbentuk,1,1,,,rute,YK,137,13
2703,YK-JL82B-X84-S,,Rute Langsir dari JL82B ke X84 Terbentuk,1,1,,,rute,YK,137,14
2704,YK-J14-12A-E,,Rute Darurat dari J14 ke JL12A Terbentuk,1,1,,,rute,YK,137,15
2705,YK-J14-12A-H,,Rute Normal dari J14 ke JL12A Terbentuk,1,1,,,rute,YK,138,0
2706,YK-J14-22A-E,,Rute Darurat dari J14 ke JL22A Terbentuk,1,1,,,rute,YK,138,1
2707,YK-J14-22A-H,,Rute Normal dari J14 ke JL22A Terbentuk,1,1,,,rute,YK,138,2
2708,YK-J14-22A-D,,Rute Normal dari J14 ke JL22A Terbentuk,1,1,,,rute,YK,138,3
2709,YK-J14-42A-E,,Rute Darurat dari J14 ke JL42A Terbentuk,1,1,,,rute,YK,138,4
2710,YK-J14-42A-H,,Rute Normal dari J14 ke JL42A Terbentuk,1,1,,,rute,YK,138,5
2711,YK-J14-52A-E,,Rute Darurat dari J14 ke JL52A Terbentuk,1,1,,,rute,YK,138,6
2712,YK-J14-52A-H,,Rute Normal dari J14 ke JL52A Terbentuk,1,1,,,rute,YK,138,7
2713,YK-J14-62A-E,,Rute Darurat dari J14 ke JL62A Terbentuk,1,1,,,rute,YK,138,8
2714,YK-J14-62A-H,,Rute Normal dari J14 ke JL62A Terbentuk,1,1,,,rute,YK,138,9
2715,YK-J14-72A-E,,Rute Darurat dari J14 ke JL72A Terbentuk,1,1,,,rute,YK,138,10
2716,YK-J14-72A-H,,Rute Normal dari J14 ke JL72A Terbentuk,1,1,,,rute,YK,138,11
2717,YK-J14-82A-E,,Rute Darurat dari J14 ke JL82A Terbentuk,1,1,,,rute,YK,138,12
2718,YK-J14-82A-H,,Rute Normal dari J14 ke JL82A Terbentuk,1,1,,,rute,YK,138,13
2719,YK-J14-92A-E,,Rute Darurat dari J14 ke JL92A Terbentuk,1,1,,,rute,YK,138,14
2720,YK-J14-92A-H,,Rute Normal dari J14 ke JL92A Terbentuk,1,1,,,rute,YK,138,15
2721,YK-J54-12A-E,,Rute Darurat dari J54 ke JL12A Terbentuk,1,1,,,rute,YK,139,0
2722,YK-J54-12A-H,,Rute Normal dari J54 ke JL12A Terbentuk,1,1,,,rute,YK,139,1
2723,YK-J54-22A-E,,Rute Darurat dari J54 ke JL22A Terbentuk,1,1,,,rute,YK,139,2
2724,YK-J54-22A-H,,Rute Normal dari J54 ke JL22A Terbentuk,1,1,,,rute,YK,139,3
2725,YK-J54-22A-D,,Rute Normal dari J54 ke JL22A Terbentuk,1,1,,,rute,YK,139,4
2726,YK-J54-42A-E,,Rute Darurat dari J54 ke JL42A Terbentuk,1,1,,,rute,YK,139,5
2727,YK-J54-42A-H,,Rute Normal dari J54 ke JL42A Terbentuk,1,1,,,rute,YK,139,6
2728,YK-J54-52A-E,,Rute Darurat dari J54 ke JL52A Terbentuk,1,1,,,rute,YK,139,7
2729,YK-J54-52A-H,,Rute Normal dari J54 ke JL52A Terbentuk,1,1,,,rute,YK,139,8
2730,YK-J54-62A-E,,Rute Darurat dari J54 ke JL62A Terbentuk,1,1,,,rute,YK,139,9
2731,YK-J54-62A-H,,Rute Normal dari J54 ke JL62A Terbentuk,1,1,,,rute,YK,139,10
2732,YK-J54-72A-E,,Rute Darurat dari J54 ke JL72A Terbentuk,1,1,,,rute,YK,139,11
2733,YK-J54-72A-H,,Rute Normal dari J54 ke JL72A Terbentuk,1,1,,,rute,YK,139,12
2734,YK-J54-82A-E,,Rute Darurat dari J54 ke JL82A Terbentuk,1,1,,,rute,YK,139,13
2735,YK-J54-82A-H,,Rute Normal dari J54 ke JL82A Terbentuk,1,1,,,rute,YK,139,14
2736,YK-J54-92A-E,,Rute Darurat dari J54 ke JL92A Terbentuk,1,1,,,rute,YK,139,15
2737,YK-J54-92A-H,,Rute Normal dari J54 ke JL92A Terbentuk,1,1,,,rute,YK,140,0
2738,YK-L14-13A-S,,Rute Langsir dari L14 ke L13A Terbentuk,1,1,,,rute,YK,140,1
2739,YK-L14-53A-S,,Rute Langsir dari L14 ke L53A Terbentuk,1,1,,,rute,YK,140,2
2740,YK-L54-13A-S,,Rute Langsir dari L54 ke L13A Terbentuk,1,1,,,rute,YK,140,3
2741,YK-L54-53A-S,,Rute Langsir dari L54 ke L53A Terbentuk,1,1,,,rute,YK,140,4
2742,YK-L13A-12A-S,,Rute Langsir dari L13A ke JL12A Terbentuk,1,1,,,rute,YK,140,5
2743,YK-L13A-22A-S,,Rute Langsir dari L13A ke JL22A Terbentuk,1,1,,,rute,YK,140,6
2744,YK-L13A-42A-S,,Rute Langsir dari L13A ke JL42A Terbentuk,1,1,,,rute,YK,140,7
2745,YK-L13A-62A-S,,Rute Langsir dari L13A ke JL62A Terbentuk,1,1,,,rute,YK,140,8
2746,YK-L13A-82A-S,,Rute Langsir dari L13A ke JL82A Terbentuk,1,1,,,rute,YK,140,9
2747,YK-L53A-52A-S,,Rute Langsir dari L53A ke JL52A Terbentuk,1,1,,,rute,YK,140,10
2748,YK-L53A-72A-S,,Rute Langsir dari L53A ke JL72A Terbentuk,1,1,,,rute,YK,140,11
2749,YK-L53A-92A-S,,Rute Langsir dari L53A ke JL92A Terbentuk,1,1,,,rute,YK,140,12
2750,YK-L24-22A-S,,Rute Langsir dari L24 ke JL22A Terbentuk,1,1,,,rute,YK,140,13
2751,YK-L24-42A-S,,Rute Langsir dari L24 ke JL42A Terbentuk,1,1,,,rute,YK,140,14
2752,YK-L24-62A-S,,Rute Langsir dari L24 ke JL62A Terbentuk,1,1,,,rute,YK,140,15
2753,YK-L24-82A-S,,Rute Langsir dari L24 ke JL82A Terbentuk,1,1,,,rute,YK,141,0
2754,YK-L44-42A-S,,Rute Langsir dari L44 ke JL42A Terbentuk,1,1,,,rute,YK,141,1
2755,YK-L44-62A-S,,Rute Langsir dari L44 ke JL62A Terbentuk,1,1,,,rute,YK,141,2
2756,YK-L44-82A-S,,Rute Langsir dari L44 ke JL82A Terbentuk,1,1,,,rute,YK,141,3
2757,YK-L64-62A-S,,Rute Langsir dari L64 ke JL62A Terbentuk,1,1,,,rute,YK,141,4
2758,YK-L64-82A-S,,Rute Langsir dari L64 ke JL82A Terbentuk,1,1,,,rute,YK,141,5
2759,YK-L84-82A-S,,Rute Langsir dari L84 ke JL82A Terbentuk,1,1,,,rute,YK,141,6
2760,YK-JL12A-A20-E,,Rute Darurat dari JL12A ke A20 Terbentuk,1,1,,,rute,YK,141,7
2761,YK-JL12A-A20-D,,Rute Normal dari JL12A ke A20 Terbentuk,1,1,,,rute,YK,141,8
2762,YK-JL22A-A20-E,,Rute Darurat dari JL22A ke A20 Terbentuk,1,1,,,rute,YK,141,9
2763,YK-JL22A-A20-D,,Rute Normal dari JL22A ke A20 Terbentuk,1,1,,,rute,YK,141,10
2764,YK-JL42A-A20-E,,Rute Darurat dari JL42A ke A20 Terbentuk,1,1,,,rute,YK,141,11
2765,YK-JL42A-A20-D,,Rute Normal dari JL42A ke A20 Terbentuk,1,1,,,rute,YK,141,12
2766,YK-JL52A-A20-E,,Rute Darurat dari JL52A ke A20 Terbentuk,1,1,,,rute,YK,141,13
2767,YK-JL52A-A20-D,,Rute Normal dari JL52A ke A20 Terbentuk,1,1,,,rute,YK,141,14
2768,YK-JL62A-A20-E,,Rute Darurat dari JL62A ke A20 Terbentuk,1,1,,,rute,YK,141,15
2769,YK-JL62A-A20-D,,Rute Normal dari JL62A ke A20 Terbentuk,1,1,,,rute,YK,142,0
2770,YK-JL72A-A20-E,,Rute Darurat dari JL72A ke A20 Terbentuk,1,1,,,rute,YK,142,1
2771,YK-JL72A-A20-D,,Rute Normal dari JL72A ke A20 Terbentuk,1,1,,,rute,YK,142,2
2772,YK-JL82A-A20-E,,Rute Darurat dari JL82A ke A20 Terbentuk,1,1,,,rute,YK,142,3
2773,YK-JL82A-A20-D,,Rute Normal dari JL82A ke A20 Terbentuk,1,1,,,rute,YK,142,4
2774,YK-JL92A-A20-E,,Rute Darurat dari JL92A ke A20 Terbentuk,1,1,,,rute,YK,142,5
2775,YK-JL92A-A20-D,,Rute Normal dari JL92A ke A20 Terbentuk,1,1,,,rute,YK,142,6
2776,YK-JL12A-A10-CF-E,,Rute Contraflow dari JL12A ke A10 Terbentuk,1,1,,,rute,YK,142,7
2777,YK-JL22A-A10-CF-E,,Rute Contraflow dari JL22A ke A10 Terbentuk,1,1,,,rute,YK,142,8
2778,YK-JL52A-A10-CF-E,,Rute Contraflow dari JL52A ke A10 Terbentuk,1,1,,,rute,YK,142,9
2779,YK-JL12A-X20-S,,Rute Langsir dari JL12A ke X20 Terbentuk,1,1,,,rute,YK,142,10
2780,YK-JL22A-21A-S,,Rute Langsir dari JL22A ke L21A Terbentuk,1,1,,,rute,YK,142,11
2781,YK-JL42A-21A-S,,Rute Langsir dari JL42A ke L21A Terbentuk,1,1,,,rute,YK,142,12
2782,YK-JL62A-21A-S,,Rute Langsir dari JL62A ke L21A Terbentuk,1,1,,,rute,YK,142,13
2783,YK-JL82A-21A-S,,Rute Langsir dari JL82A ke L21A Terbentuk,1,1,,,rute,YK,142,14
2784,YK-JL52A-51A-S,,Rute Langsir dari JL52A ke L51A Terbentuk,1,1,,,rute,YK,142,15
2785,YK-JL72A-51A-S,,Rute Langsir dari JL72A ke L51A Terbentuk,1,1,,,rute,YK,143,0
2786,YK-JL92A-51A-S,,Rute Langsir dari JL92A ke L51A Terbentuk,1,1,,,rute,YK,143,1
2787,YK-L21A-X20-S,,Rute Langsir dari L21A ke X20 Terbentuk,1,1,,,rute,YK,143,2
2788,YK-L51A-X20-S,,Rute Langsir dari L51A ke X20 Terbentuk,1,1,,,rute,YK,143,3
2789,YK-JL42A-X40-S,,Rute Langsir dari JL42A ke X40 Terbentuk,1,1,,,rute,YK,143,4
2790,YK-JL62A-X40-S,,Rute Langsir dari JL62A ke X40 Terbentuk,1,1,,,rute,YK,143,5
2791,YK-JL82A-X40-S,,Rute Langsir dari JL82A ke X40 Terbentuk,1,1,,,rute,YK,143,6
2792,YK-JL82A-X80-S,,Rute Langsir dari JL82A ke X80 Terbentuk,1,1,,,rute,YK,143,7
2793,YK-JL82A-X100-S,,Rute Langsir dari JL82A ke X100 Terbentuk,1,1,,,rute,YK,143,8
2794,YK-L102-X100-S,,Rute Langsir dari L102 ke X100 Terbentuk,1,1,,,rute,YK,143,9
2795,YK-L32-X30-S,,Rute Langsir dari L32 ke X30 Terbentuk,1,1,,,rute,YK,143,10
2796,YK-L32-X20-S,,Rute Langsir dari L32 ke X20 Terbentuk,1,1,,,rute,YK,143,11
2797,YK-J10-HR-DO,Perintah  untuk Menyalakan Aspek Kuning Sinyal J10 tidak Aktif,Perintah  untuk Menyalakan Aspek Kuning Sinyal J10 Aktif,1,1,,,sinyal,YK,143,12
2798,YK-J10-DR-DO,Perintah  untuk Menyalakan Aspek Hijau Sinyal J10 tidak Aktif,Perintah  untuk Menyalakan Aspek Hijau Sinyal J10 Aktif,1,1,,,sinyal,YK,143,13
2799,YK-J10-ER-DO,Perintah  untuk Menyalakan Aspek Darurat Sinyal J10 tidak Aktif,Perintah  untuk Menyalakan Aspek Darurat Sinyal J10 Aktif,1,1,,,sinyal,YK,143,14
2800,YK-J10-SR-DO,Perintah  untuk Menyalakan Aspek Batas Kecepatan Sinyal J10 tidak Aktif,Perintah  untuk Menyalakan Aspek Batas Kecepatan Sinyal J10 Aktif,1,1,,,sinyal,YK,143,15
2801,YK-J10-ECR-DI,Lampu Sinyal J10 Padam / Gangguan,ECR Sinyal J10 Normal,1,1,,,sinyal,YK,144,0
2802,YK-J10-SECR-DI,,Lampu Indikator Kecepatan Sinyal J10 Normal,1,1,,,sinyal,YK,144,1
2803,YK-J20-ER-DO,Perintah  untuk Menyalakan Aspek Darurat Sinyal J20 tidak Aktif,Perintah  untuk Menyalakan Aspek Darurat Sinyal J20 Aktif,1,1,,,sinyal,YK,144,2
2804,YK-J14-HR-DO,Perintah  untuk Menyalakan Aspek Kuning Sinyal J14 tidak Aktif,Perintah  untuk Menyalakan Aspek Kuning Sinyal J14 Aktif,1,1,,,sinyal,YK,144,3
2805,YK-J14-DR-DO,Perintah  untuk Menyalakan Aspek Hijau Sinyal J14 tidak Aktif,Perintah  untuk Menyalakan Aspek Hijau Sinyal J14 Aktif,1,1,,,sinyal,YK,144,4
2806,YK-J14-ER-DO,Perintah  untuk Menyalakan Aspek Darurat Sinyal J14 tidak Aktif,Perintah  untuk Menyalakan Aspek Darurat Sinyal J14 Aktif,1,1,,,sinyal,YK,144,5
2807,YK-J14-SR-DO,Perintah  untuk Menyalakan Aspek Batas Kecepatan Sinyal J14 tidak Aktif,Perintah  untuk Menyalakan Aspek Batas Kecepatan Sinyal J14 Aktif,1,1,,,sinyal,YK,144,6
2808,YK-J14-ECR-DI,Lampu Sinyal J14 Padam / Gangguan,ECR Sinyal J14 Normal,1,1,,,sinyal,YK,144,7
2809,YK-J14-SECR-DI,,Lampu Indikator Kecepatan Sinyal J14 Normal,1,1,,,sinyal,YK,144,8
2810,YK-J54-HR-DO,Perintah  untuk Menyalakan Aspek Kuning Sinyal J54 tidak Aktif,Perintah  untuk Menyalakan Aspek Kuning Sinyal J54 Aktif,1,1,,,sinyal,YK,144,9
2811,YK-J54-DR-DO,Perintah  untuk Menyalakan Aspek Hijau Sinyal J54 tidak Aktif,Perintah  untuk Menyalakan Aspek Hijau Sinyal J54 Aktif,1,1,,,sinyal,YK,144,10
2812,YK-J54-ER-DO,Perintah  untuk Menyalakan Aspek Darurat Sinyal J54 tidak Aktif,Perintah  untuk Menyalakan Aspek Darurat Sinyal J54 Aktif,1,1,,,sinyal,YK,144,11
2813,YK-J54-SR-DO,Perintah  untuk Menyalakan Aspek Batas Kecepatan Sinyal J54 tidak Aktif,Perintah  untuk Menyalakan Aspek Batas Kecepatan Sinyal J54 Aktif,1,1,,,sinyal,YK,144,12
2814,YK-J54-ECR-DI,Lampu Sinyal J54 Padam / Gangguan,ECR Sinyal J54 Normal,1,1,,,sinyal,YK,144,13
2815,YK-J54-SECR-DI,,Lampu Indikator Kecepatan Sinyal J54 Normal,1,1,,,sinyal,YK,144,14
2816,YK-JL12B-HR-DO,Perintah  untuk Menyalakan Aspek Kuning Sinyal JL12B tidak Aktif,Perintah  untuk Menyalakan Aspek Kuning Sinyal JL12B Aktif,1,1,,,sinyal,YK,144,15
2817,YK-JL12B-DR-DO,Perintah  untuk Menyalakan Aspek Hijau Sinyal JL12B tidak Aktif,Perintah  untuk Menyalakan Aspek Hijau Sinyal JL12B Aktif,1,1,,,sinyal,YK,145,0
2818,YK-JL12B-ER-DO,Perintah  untuk Menyalakan Aspek Darurat Sinyal JL12B tidak Aktif,Perintah  untuk Menyalakan Aspek Darurat Sinyal JL12B Aktif,1,1,,,sinyal,YK,145,1
2819,YK-JL12B-SR-DO,Perintah  untuk Menyalakan Aspek Batas Kecepatan Sinyal JL12B tidak Aktif,Perintah  untuk Menyalakan Aspek Batas Kecepatan Sinyal JL12B Aktif,1,1,,,sinyal,YK,145,2
2820,YK-JL12B-GR-DO,Perintah  untuk Menyalakan Aspek Langsir Putih Sinyal JL12B tidak Aktif,Perintah  untuk Menyalakan Aspek Langsir Putih Sinyal JL12B Aktif,1,1,,,sinyal,YK,145,3
2821,YK-JL12B-ECR-DI,Lampu Sinyal JL12B Padam / Gangguan,ECR Sinyal JL12B Normal,1,1,,,sinyal,YK,145,4
2822,YK-JL12B-SECR-DI,,Lampu Indikator Kecepatan Sinyal JL12B Normal,1,1,,,sinyal,YK,145,5
2823,YK-JL12B-RRLS,Proses TPR Tujuan Sinyal JL12B Tidak Sedang Berlangsung,Proses TPR Tujuan Sinyal JL12B Sedang Berlangsung,1,1,,,sinyal,YK,145,6
2824,YK-JL12B-RRLS-TE,,Proses TPR Tujuan Sinyal JL12B telah Selesai,1,1,,,sinyal,YK,145,7
2825,YK-JL22B-HR-DO,Perintah  untuk Menyalakan Aspek Kuning Sinyal JL22B tidak Aktif,Perintah  untuk Menyalakan Aspek Kuning Sinyal JL22B Aktif,1,1,,,sinyal,YK,145,8
2826,YK-JL22B-DR-DO,Perintah  untuk Menyalakan Aspek Hijau Sinyal JL22B tidak Aktif,Perintah  untuk Menyalakan Aspek Hijau Sinyal JL22B Aktif,1,1,,,sinyal,YK,145,9
2827,YK-JL22B-ER-DO,Perintah  untuk Menyalakan Aspek Darurat Sinyal JL22B tidak Aktif,Perintah  untuk Menyalakan Aspek Darurat Sinyal JL22B Aktif,1,1,,,sinyal,YK,145,10
2828,YK-JL22B-GR-DO,Perintah  untuk Menyalakan Aspek Langsir Putih Sinyal JL22B tidak Aktif,Perintah  untuk Menyalakan Aspek Langsir Putih Sinyal JL22B Aktif,1,1,,,sinyal,YK,145,11
2829,YK-JL22B-ECR-DI,Lampu Sinyal JL22B Padam / Gangguan,ECR Sinyal JL22B Normal,1,1,,,sinyal,YK,145,12
2830,YK-JL22B-RRLS,Proses TPR Tujuan Sinyal JL22B Tidak Sedang Berlangsung,Proses TPR Tujuan Sinyal JL22B Sedang Berlangsung,1,1,,,sinyal,YK,145,13
2831,YK-JL22B-RRLS-TE,,Proses TPR Tujuan Sinyal JL22B telah Selesai,1,1,,,sinyal,YK,145,14
2832,YK-JL42B-HR-DO,Perintah  untuk Menyalakan Aspek Kuning Sinyal JL42B tidak Aktif,Perintah  untuk Menyalakan Aspek Kuning Sinyal JL42B Aktif,1,1,,,sinyal,YK,145,15
2833,YK-JL42B-DR-DO,Perintah  untuk Menyalakan Aspek Hijau Sinyal JL42B tidak Aktif,Perintah  untuk Menyalakan Aspek Hijau Sinyal JL42B Aktif,1,1,,,sinyal,YK,146,0
2834,YK-JL42B-ER-DO,Perintah  untuk Menyalakan Aspek Darurat Sinyal JL42B tidak Aktif,Perintah  untuk Menyalakan Aspek Darurat Sinyal JL42B Aktif,1,1,,,sinyal,YK,146,1
2835,YK-JL42B-GR-DO,Perintah  untuk Menyalakan Aspek Langsir Putih Sinyal JL42B tidak Aktif,Perintah  untuk Menyalakan Aspek Langsir Putih Sinyal JL42B Aktif,1,1,,,sinyal,YK,146,2
2836,YK-JL42B-ECR-DI,Lampu Sinyal JL42B Padam / Gangguan,ECR Sinyal JL42B Normal,1,1,,,sinyal,YK,146,3
2837,YK-JL42B-RRLS,Proses TPR Tujuan Sinyal JL42B Tidak Sedang Berlangsung,Proses TPR Tujuan Sinyal JL42B Sedang Berlangsung,1,1,,,sinyal,YK,146,4
2838,YK-JL42B-RRLS-TE,,Proses TPR Tujuan Sinyal JL42B telah Selesai,1,1,,,sinyal,YK,146,5
2839,YK-JL52B-HR-DO,Perintah  untuk Menyalakan Aspek Kuning Sinyal JL52B tidak Aktif,Perintah  untuk Menyalakan Aspek Kuning Sinyal JL52B Aktif,1,1,,,sinyal,YK,146,6
2840,YK-JL52B-DR-DO,Perintah  untuk Menyalakan Aspek Hijau Sinyal JL52B tidak Aktif,Perintah  untuk Menyalakan Aspek Hijau Sinyal JL52B Aktif,1,1,,,sinyal,YK,146,7
2841,YK-JL52B-ER-DO,Perintah  untuk Menyalakan Aspek Darurat Sinyal JL52B tidak Aktif,Perintah  untuk Menyalakan Aspek Darurat Sinyal JL52B Aktif,1,1,,,sinyal,YK,146,8
2842,YK-JL52B-SR-DO,Perintah  untuk Menyalakan Aspek Batas Kecepatan Sinyal JL52B tidak Aktif,Perintah  untuk Menyalakan Aspek Batas Kecepatan Sinyal JL52B Aktif,1,1,,,sinyal,YK,146,9
2843,YK-JL52B-GR-DO,Perintah  untuk Menyalakan Aspek Langsir Putih Sinyal JL52B tidak Aktif,Perintah  untuk Menyalakan Aspek Langsir Putih Sinyal JL52B Aktif,1,1,,,sinyal,YK,146,10
2844,YK-JL52B-ECR-DI,Lampu Sinyal JL52B Padam / Gangguan,ECR Sinyal JL52B Normal,1,1,,,sinyal,YK,146,11
2845,YK-JL52B-SECR-DI,,Lampu Indikator Kecepatan Sinyal JL52B Normal,1,1,,,sinyal,YK,146,12
2846,YK-JL52B-RRLS,Proses TPR Tujuan Sinyal JL52B Tidak Sedang Berlangsung,Proses TPR Tujuan Sinyal JL52B Sedang Berlangsung,1,1,,,sinyal,YK,146,13
2847,YK-JL52B-RRLS-TE,,Proses TPR Tujuan Sinyal JL52B telah Selesai,1,1,,,sinyal,YK,146,14
2848,YK-JL62B-HR-DO,Perintah  untuk Menyalakan Aspek Kuning Sinyal JL62B tidak Aktif,Perintah  untuk Menyalakan Aspek Kuning Sinyal JL62B Aktif,1,1,,,sinyal,YK,146,15
2849,YK-JL62B-DR-DO,Perintah  untuk Menyalakan Aspek Hijau Sinyal JL62B tidak Aktif,Perintah  untuk Menyalakan Aspek Hijau Sinyal JL62B Aktif,1,1,,,sinyal,YK,147,0
2850,YK-JL62B-ER-DO,Perintah  untuk Menyalakan Aspek Darurat Sinyal JL62B tidak Aktif,Perintah  untuk Menyalakan Aspek Darurat Sinyal JL62B Aktif,1,1,,,sinyal,YK,147,1
2851,YK-JL62B-GR-DO,Perintah  untuk Menyalakan Aspek Langsir Putih Sinyal JL62B tidak Aktif,Perintah  untuk Menyalakan Aspek Langsir Putih Sinyal JL62B Aktif,1,1,,,sinyal,YK,147,2
2852,YK-JL62B-ECR-DI,Lampu Sinyal JL62B Padam / Gangguan,ECR Sinyal JL62B Normal,1,1,,,sinyal,YK,147,3
2853,YK-JL62B-RRLS,Proses TPR Tujuan Sinyal JL62B Tidak Sedang Berlangsung,Proses TPR Tujuan Sinyal JL62B Sedang Berlangsung,1,1,,,sinyal,YK,147,4
2854,YK-JL62B-RRLS-TE,,Proses TPR Tujuan Sinyal JL62B telah Selesai,1,1,,,sinyal,YK,147,5
2855,YK-JL72B-HR-DO,Perintah  untuk Menyalakan Aspek Kuning Sinyal JL72B tidak Aktif,Perintah  untuk Menyalakan Aspek Kuning Sinyal JL72B Aktif,1,1,,,sinyal,YK,147,6
2856,YK-JL72B-DR-DO,Perintah  untuk Menyalakan Aspek Hijau Sinyal JL72B tidak Aktif,Perintah  untuk Menyalakan Aspek Hijau Sinyal JL72B Aktif,1,1,,,sinyal,YK,147,7
2857,YK-JL72B-ER-DO,Perintah  untuk Menyalakan Aspek Darurat Sinyal JL72B tidak Aktif,Perintah  untuk Menyalakan Aspek Darurat Sinyal JL72B Aktif,1,1,,,sinyal,YK,147,8
2858,YK-JL72B-GR-DO,Perintah  untuk Menyalakan Aspek Langsir Putih Sinyal JL72B tidak Aktif,Perintah  untuk Menyalakan Aspek Langsir Putih Sinyal JL72B Aktif,1,1,,,sinyal,YK,147,9
2859,YK-JL72B-ECR-DI,Lampu Sinyal JL72B Padam / Gangguan,ECR Sinyal JL72B Normal,1,1,,,sinyal,YK,147,10
2860,YK-JL72B-RRLS,Proses TPR Tujuan Sinyal JL72B Tidak Sedang Berlangsung,Proses TPR Tujuan Sinyal JL72B Sedang Berlangsung,1,1,,,sinyal,YK,147,11
2861,YK-JL72B-RRLS-TE,,Proses TPR Tujuan Sinyal JL72B telah Selesai,1,1,,,sinyal,YK,147,12
2862,YK-JL82B-HR-DO,Perintah  untuk Menyalakan Aspek Kuning Sinyal JL82B tidak Aktif,Perintah  untuk Menyalakan Aspek Kuning Sinyal JL82B Aktif,1,1,,,sinyal,YK,147,13
2863,YK-JL82B-DR-DO,Perintah  untuk Menyalakan Aspek Hijau Sinyal JL82B tidak Aktif,Perintah  untuk Menyalakan Aspek Hijau Sinyal JL82B Aktif,1,1,,,sinyal,YK,147,14
2864,YK-JL82B-ER-DO,Perintah  untuk Menyalakan Aspek Darurat Sinyal JL82B tidak Aktif,Perintah  untuk Menyalakan Aspek Darurat Sinyal JL82B Aktif,1,1,,,sinyal,YK,147,15
2865,YK-JL82B-GR-DO,Perintah  untuk Menyalakan Aspek Langsir Putih Sinyal JL82B tidak Aktif,Perintah  untuk Menyalakan Aspek Langsir Putih Sinyal JL82B Aktif,1,1,,,sinyal,YK,148,0
2866,YK-JL82B-ECR-DI,Lampu Sinyal JL82B Padam / Gangguan,ECR Sinyal JL82B Normal,1,1,,,sinyal,YK,148,1
2867,YK-JL82B-RRLS,Proses TPR Tujuan Sinyal JL82B Tidak Sedang Berlangsung,Proses TPR Tujuan Sinyal JL82B Sedang Berlangsung,1,1,,,sinyal,YK,148,2
2868,YK-JL82B-RRLS-TE,,Proses TPR Tujuan Sinyal JL82B telah Selesai,1,1,,,sinyal,YK,148,3
2869,YK-JL92B-HR-DO,Perintah  untuk Menyalakan Aspek Kuning Sinyal JL92B tidak Aktif,Perintah  untuk Menyalakan Aspek Kuning Sinyal JL92B Aktif,1,1,,,sinyal,YK,148,4
2870,YK-JL92B-DR-DO,Perintah  untuk Menyalakan Aspek Hijau Sinyal JL92B tidak Aktif,Perintah  untuk Menyalakan Aspek Hijau Sinyal JL92B Aktif,1,1,,,sinyal,YK,148,5
2871,YK-JL92B-ER-DO,Perintah  untuk Menyalakan Aspek Darurat Sinyal JL92B tidak Aktif,Perintah  untuk Menyalakan Aspek Darurat Sinyal JL92B Aktif,1,1,,,sinyal,YK,148,6
2872,YK-JL92B-GR-DO,Perintah  untuk Menyalakan Aspek Langsir Putih Sinyal JL92B tidak Aktif,Perintah  untuk Menyalakan Aspek Langsir Putih Sinyal JL92B Aktif,1,1,,,sinyal,YK,148,7
2873,YK-JL92B-ECR-DI,Lampu Sinyal JL92B Padam / Gangguan,ECR Sinyal JL92B Normal,1,1,,,sinyal,YK,148,8
2874,YK-JL92B-RRLS,Proses TPR Tujuan Sinyal JL92B Tidak Sedang Berlangsung,Proses TPR Tujuan Sinyal JL92B Sedang Berlangsung,1,1,,,sinyal,YK,148,9
2875,YK-JL92B-RRLS-TE,,Proses TPR Tujuan Sinyal JL92B telah Selesai,1,1,,,sinyal,YK,148,10
2876,YK-JL12A-DR-DO,Perintah  untuk Menyalakan Aspek Hijau Sinyal JL12A tidak Aktif,Perintah  untuk Menyalakan Aspek Hijau Sinyal JL12A Aktif,1,1,,,sinyal,YK,148,11
2877,YK-JL12A-ER-DO,Perintah  untuk Menyalakan Aspek Darurat Sinyal JL12A tidak Aktif,Perintah  untuk Menyalakan Aspek Darurat Sinyal JL12A Aktif,1,1,,,sinyal,YK,148,12
2878,YK-JL12A-GR-DO,Perintah  untuk Menyalakan Aspek Langsir Putih Sinyal JL12A tidak Aktif,Perintah  untuk Menyalakan Aspek Langsir Putih Sinyal JL12A Aktif,1,1,,,sinyal,YK,148,13
2879,YK-JL12A-CFR-DO,Perintah  untuk Menyalakan Aspek Indikator Contraflow Sinyal JL12A tidak Aktif,Perintah  untuk Menyalakan Aspek Indikator Contraflow Sinyal JL12A Aktif,1,1,,,sinyal,YK,148,14
2880,YK-JL12A-ECR-DI,Lampu Sinyal JL12A Padam / Gangguan,ECR Sinyal JL12A Normal,1,1,,,sinyal,YK,148,15
2881,YK-JL12A-RRLS,Proses TPR Tujuan Sinyal JL12A Tidak Sedang Berlangsung,Proses TPR Tujuan Sinyal JL12A Sedang Berlangsung,1,1,,,sinyal,YK,149,0
2882,YK-JL12A-RRLS-TE,,Proses TPR Tujuan Sinyal JL12A telah Selesai,1,1,,,sinyal,YK,149,1
2883,YK-JL22A-DR-DO,Perintah  untuk Menyalakan Aspek Hijau Sinyal JL22A tidak Aktif,Perintah  untuk Menyalakan Aspek Hijau Sinyal JL22A Aktif,1,1,,,sinyal,YK,149,2
2884,YK-JL22A-ER-DO,Perintah  untuk Menyalakan Aspek Darurat Sinyal JL22A tidak Aktif,Perintah  untuk Menyalakan Aspek Darurat Sinyal JL22A Aktif,1,1,,,sinyal,YK,149,3
2885,YK-JL22A-GR-DO,Perintah  untuk Menyalakan Aspek Langsir Putih Sinyal JL22A tidak Aktif,Perintah  untuk Menyalakan Aspek Langsir Putih Sinyal JL22A Aktif,1,1,,,sinyal,YK,149,4
2886,YK-JL22A-CFR-DO,Perintah  untuk Menyalakan Aspek Indikator Contraflow Sinyal JL22A tidak Aktif,Perintah  untuk Menyalakan Aspek Indikator Contraflow Sinyal JL22A Aktif,1,1,,,sinyal,YK,149,5
2887,YK-JL22A-ECR-DI,Lampu Sinyal JL22A Padam / Gangguan,ECR Sinyal JL22A Normal,1,1,,,sinyal,YK,149,6
2888,YK-JL22A-RRLS,Proses TPR Tujuan Sinyal JL22A Tidak Sedang Berlangsung,Proses TPR Tujuan Sinyal JL22A Sedang Berlangsung,1,1,,,sinyal,YK,149,7
2889,YK-JL22A-RRLS-TE,,Proses TPR Tujuan Sinyal JL22A telah Selesai,1,1,,,sinyal,YK,149,8
2890,YK-JL42A-DR-DO,Perintah  untuk Menyalakan Aspek Hijau Sinyal JL42A tidak Aktif,Perintah  untuk Menyalakan Aspek Hijau Sinyal JL42A Aktif,1,1,,,sinyal,YK,149,9
2891,YK-JL42A-ER-DO,Perintah  untuk Menyalakan Aspek Darurat Sinyal JL42A tidak Aktif,Perintah  untuk Menyalakan Aspek Darurat Sinyal JL42A Aktif,1,1,,,sinyal,YK,149,10
2892,YK-JL42A-GR-DO,Perintah  untuk Menyalakan Aspek Langsir Putih Sinyal JL42A tidak Aktif,Perintah  untuk Menyalakan Aspek Langsir Putih Sinyal JL42A Aktif,1,1,,,sinyal,YK,149,11
2893,YK-JL42A-ECR-DI,Lampu Sinyal JL42A Padam / Gangguan,ECR Sinyal JL42A Normal,1,1,,,sinyal,YK,149,12
2894,YK-JL42A-RRLS,Proses TPR Tujuan Sinyal JL42A Tidak Sedang Berlangsung,Proses TPR Tujuan Sinyal JL42A Sedang Berlangsung,1,1,,,sinyal,YK,149,13
2895,YK-JL42A-RRLS-TE,,Proses TPR Tujuan Sinyal JL42A telah Selesai,1,1,,,sinyal,YK,149,14
2896,YK-JL52A-DR-DO,Perintah  untuk Menyalakan Aspek Hijau Sinyal JL52A tidak Aktif,Perintah  untuk Menyalakan Aspek Hijau Sinyal JL52A Aktif,1,1,,,sinyal,YK,149,15
2897,YK-JL52A-ER-DO,Perintah  untuk Menyalakan Aspek Darurat Sinyal JL52A tidak Aktif,Perintah  untuk Menyalakan Aspek Darurat Sinyal JL52A Aktif,1,1,,,sinyal,YK,150,0
2898,YK-JL52A-GR-DO,Perintah  untuk Menyalakan Aspek Langsir Putih Sinyal JL52A tidak Aktif,Perintah  untuk Menyalakan Aspek Langsir Putih Sinyal JL52A Aktif,1,1,,,sinyal,YK,150,1
2899,YK-JL52A-CFR-DO,Perintah  untuk Menyalakan Aspek Indikator Contraflow Sinyal JL52A tidak Aktif,Perintah  untuk Menyalakan Aspek Indikator Contraflow Sinyal JL52A Aktif,1,1,,,sinyal,YK,150,2
2900,YK-JL52A-ECR-DI,Lampu Sinyal JL52A Padam / Gangguan,ECR Sinyal JL52A Normal,1,1,,,sinyal,YK,150,3
2901,YK-JL52A-RRLS,Proses TPR Tujuan Sinyal JL52A Tidak Sedang Berlangsung,Proses TPR Tujuan Sinyal JL52A Sedang Berlangsung,1,1,,,sinyal,YK,150,4
2902,YK-JL52A-RRLS-TE,,Proses TPR Tujuan Sinyal JL52A telah Selesai,1,1,,,sinyal,YK,150,5
2903,YK-JL62A-DR-DO,Perintah  untuk Menyalakan Aspek Hijau Sinyal JL62A tidak Aktif,Perintah  untuk Menyalakan Aspek Hijau Sinyal JL62A Aktif,1,1,,,sinyal,YK,150,6
2904,YK-JL62A-ER-DO,Perintah  untuk Menyalakan Aspek Darurat Sinyal JL62A tidak Aktif,Perintah  untuk Menyalakan Aspek Darurat Sinyal JL62A Aktif,1,1,,,sinyal,YK,150,7
2905,YK-JL62A-GR-DO,Perintah  untuk Menyalakan Aspek Langsir Putih Sinyal JL62A tidak Aktif,Perintah  untuk Menyalakan Aspek Langsir Putih Sinyal JL62A Aktif,1,1,,,sinyal,YK,150,8
2906,YK-JL62A-ECR-DI,Lampu Sinyal JL62A Padam / Gangguan,ECR Sinyal JL62A Normal,1,1,,,sinyal,YK,150,9
2907,YK-JL62A-RRLS,Proses TPR Tujuan Sinyal JL62A Tidak Sedang Berlangsung,Proses TPR Tujuan Sinyal JL62A Sedang Berlangsung,1,1,,,sinyal,YK,150,10
2908,YK-JL62A-RRLS-TE,,Proses TPR Tujuan Sinyal JL62A telah Selesai,1,1,,,sinyal,YK,150,11
2909,YK-JL72A-DR-DO,Perintah  untuk Menyalakan Aspek Hijau Sinyal JL72A tidak Aktif,Perintah  untuk Menyalakan Aspek Hijau Sinyal JL72A Aktif,1,1,,,sinyal,YK,150,12
2910,YK-JL72A-ER-DO,Perintah  untuk Menyalakan Aspek Darurat Sinyal JL72A tidak Aktif,Perintah  untuk Menyalakan Aspek Darurat Sinyal JL72A Aktif,1,1,,,sinyal,YK,150,13
2911,YK-JL72A-GR-DO,Perintah  untuk Menyalakan Aspek Langsir Putih Sinyal JL72A tidak Aktif,Perintah  untuk Menyalakan Aspek Langsir Putih Sinyal JL72A Aktif,1,1,,,sinyal,YK,150,14
2912,YK-JL72A-ECR-DI,Lampu Sinyal JL72A Padam / Gangguan,ECR Sinyal JL72A Normal,1,1,,,sinyal,YK,150,15
2913,YK-JL72A-RRLS,Proses TPR Tujuan Sinyal JL72A Tidak Sedang Berlangsung,Proses TPR Tujuan Sinyal JL72A Sedang Berlangsung,1,1,,,sinyal,YK,151,0
2914,YK-JL72A-RRLS-TE,,Proses TPR Tujuan Sinyal JL72A telah Selesai,1,1,,,sinyal,YK,151,1
2915,YK-JL82A-DR-DO,Perintah  untuk Menyalakan Aspek Hijau Sinyal JL82A tidak Aktif,Perintah  untuk Menyalakan Aspek Hijau Sinyal JL82A Aktif,1,1,,,sinyal,YK,151,2
2916,YK-JL82A-ER-DO,Perintah  untuk Menyalakan Aspek Darurat Sinyal JL82A tidak Aktif,Perintah  untuk Menyalakan Aspek Darurat Sinyal JL82A Aktif,1,1,,,sinyal,YK,151,3
2917,YK-JL82A-GR-DO,Perintah  untuk Menyalakan Aspek Langsir Putih Sinyal JL82A tidak Aktif,Perintah  untuk Menyalakan Aspek Langsir Putih Sinyal JL82A Aktif,1,1,,,sinyal,YK,151,4
2918,YK-JL82A-ECR-DI,Lampu Sinyal JL82A Padam / Gangguan,ECR Sinyal JL82A Normal,1,1,,,sinyal,YK,151,5
2919,YK-JL82A-RRLS,Proses TPR Tujuan Sinyal JL82A Tidak Sedang Berlangsung,Proses TPR Tujuan Sinyal JL82A Sedang Berlangsung,1,1,,,sinyal,YK,151,6
2920,YK-JL82A-RRLS-TE,,Proses TPR Tujuan Sinyal JL82A telah Selesai,1,1,,,sinyal,YK,151,7
2921,YK-JL92A-DR-DO,Perintah  untuk Menyalakan Aspek Hijau Sinyal JL92A tidak Aktif,Perintah  untuk Menyalakan Aspek Hijau Sinyal JL92A Aktif,1,1,,,sinyal,YK,151,8
2922,YK-JL92A-ER-DO,Perintah  untuk Menyalakan Aspek Darurat Sinyal JL92A tidak Aktif,Perintah  untuk Menyalakan Aspek Darurat Sinyal JL92A Aktif,1,1,,,sinyal,YK,151,9
2923,YK-JL92A-GR-DO,Perintah  untuk Menyalakan Aspek Langsir Putih Sinyal JL92A tidak Aktif,Perintah  untuk Menyalakan Aspek Langsir Putih Sinyal JL92A Aktif,1,1,,,sinyal,YK,151,10
2924,YK-JL92A-ECR-DI,Lampu Sinyal JL92A Padam / Gangguan,ECR Sinyal JL92A Normal,1,1,,,sinyal,YK,151,11
2925,YK-JL92A-RRLS,Proses TPR Tujuan Sinyal JL92A Tidak Sedang Berlangsung,Proses TPR Tujuan Sinyal JL92A Sedang Berlangsung,1,1,,,sinyal,YK,151,12
2926,YK-JL92A-RRLS-TE,,Proses TPR Tujuan Sinyal JL92A telah Selesai,1,1,,,sinyal,YK,151,13
2927,YK-L11-GR-DO,Perintah  untuk Menyalakan Aspek Langsir Putih Sinyal L11 tidak Aktif,Perintah  untuk Menyalakan Aspek Langsir Putih Sinyal L11 Aktif,1,1,,,sinyal,YK,151,14
2928,YK-L11-RRLS,Proses TPR Tujuan Sinyal L11 Tidak Sedang Berlangsung,Proses TPR Tujuan Sinyal L11 Sedang Berlangsung,1,1,,,sinyal,YK,151,15
2929,YK-L11-RRLS-TE,,Proses TPR Tujuan Sinyal L11 telah Selesai,1,1,,,sinyal,YK,152,0
2930,YK-L20-GR-DO,Perintah  untuk Menyalakan Aspek Langsir Putih Sinyal L20 tidak Aktif,Perintah  untuk Menyalakan Aspek Langsir Putih Sinyal L20 Aktif,1,1,,,sinyal,YK,152,1
2931,YK-L21A-GR-DO,Perintah  untuk Menyalakan Aspek Langsir Putih Sinyal L21A tidak Aktif,Perintah  untuk Menyalakan Aspek Langsir Putih Sinyal L21A Aktif,1,1,,,sinyal,YK,152,2
2932,YK-L21A-RRLS,Proses TPR Tujuan Sinyal L21A Tidak Sedang Berlangsung,Proses TPR Tujuan Sinyal L21A Sedang Berlangsung,1,1,,,sinyal,YK,152,3
2933,YK-L21A-RRLS-TE,,Proses TPR Tujuan Sinyal L21A telah Selesai,1,1,,,sinyal,YK,152,4
2934,YK-L21B-GR-DO,Perintah  untuk Menyalakan Aspek Langsir Putih Sinyal L21B tidak Aktif,Perintah  untuk Menyalakan Aspek Langsir Putih Sinyal L21B Aktif,1,1,,,sinyal,YK,152,5
2935,YK-L21B-RRLS,Proses TPR Tujuan Sinyal L21B Tidak Sedang Berlangsung,Proses TPR Tujuan Sinyal L21B Sedang Berlangsung,1,1,,,sinyal,YK,152,6
2936,YK-L21B-RRLS-TE,,Proses TPR Tujuan Sinyal L21B telah Selesai,1,1,,,sinyal,YK,152,7
2937,YK-L51A-GR-DO,Perintah  untuk Menyalakan Aspek Langsir Putih Sinyal L51A tidak Aktif,Perintah  untuk Menyalakan Aspek Langsir Putih Sinyal L51A Aktif,1,1,,,sinyal,YK,152,8
2938,YK-L51A-RRLS,Proses TPR Tujuan Sinyal L51A Tidak Sedang Berlangsung,Proses TPR Tujuan Sinyal L51A Sedang Berlangsung,1,1,,,sinyal,YK,152,9
2939,YK-L51A-RRLS-TE,,Proses TPR Tujuan Sinyal L51A telah Selesai,1,1,,,sinyal,YK,152,10
2940,YK-L51B-GR-DO,Perintah  untuk Menyalakan Aspek Langsir Putih Sinyal L51B tidak Aktif,Perintah  untuk Menyalakan Aspek Langsir Putih Sinyal L51B Aktif,1,1,,,sinyal,YK,152,11
2941,YK-L51B-RRLS,Proses TPR Tujuan Sinyal L51B Tidak Sedang Berlangsung,Proses TPR Tujuan Sinyal L51B Sedang Berlangsung,1,1,,,sinyal,YK,152,12
2942,YK-L51B-RRLS-TE,,Proses TPR Tujuan Sinyal L51B telah Selesai,1,1,,,sinyal,YK,152,13
2943,YK-L30-GR-DO,Perintah  untuk Menyalakan Aspek Langsir Putih Sinyal L30 tidak Aktif,Perintah  untuk Menyalakan Aspek Langsir Putih Sinyal L30 Aktif,1,1,,,sinyal,YK,152,14
2944,YK-L32-GR-DO,Perintah  untuk Menyalakan Aspek Langsir Putih Sinyal L32 tidak Aktif,Perintah  untuk Menyalakan Aspek Langsir Putih Sinyal L32 Aktif,1,1,,,sinyal,YK,152,15
2945,YK-L40-GR-DO,Perintah  untuk Menyalakan Aspek Langsir Putih Sinyal L40 tidak Aktif,Perintah  untuk Menyalakan Aspek Langsir Putih Sinyal L40 Aktif,1,1,,,sinyal,YK,153,0
2946,YK-L80-GR-DO,Perintah  untuk Menyalakan Aspek Langsir Putih Sinyal L80 tidak Aktif,Perintah  untuk Menyalakan Aspek Langsir Putih Sinyal L80 Aktif,1,1,,,sinyal,YK,153,1
2947,YK-L100-GR-DO,Perintah  untuk Menyalakan Aspek Langsir Putih Sinyal L100 tidak Aktif,Perintah  untuk Menyalakan Aspek Langsir Putih Sinyal L100 Aktif,1,1,,,sinyal,YK,153,2
2948,YK-L102-GR-DO,Perintah  untuk Menyalakan Aspek Langsir Putih Sinyal L102 tidak Aktif,Perintah  untuk Menyalakan Aspek Langsir Putih Sinyal L102 Aktif,1,1,,,sinyal,YK,153,3
2949,YK-L14-GR-DO,Perintah  untuk Menyalakan Aspek Langsir Putih Sinyal L14 tidak Aktif,Perintah  untuk Menyalakan Aspek Langsir Putih Sinyal L14 Aktif,1,1,,,sinyal,YK,153,4
2950,YK-L54-GR-DO,Perintah  untuk Menyalakan Aspek Langsir Putih Sinyal L54 tidak Aktif,Perintah  untuk Menyalakan Aspek Langsir Putih Sinyal L54 Aktif,1,1,,,sinyal,YK,153,5
2951,YK-L13A-GR-DO,Perintah  untuk Menyalakan Aspek Langsir Putih Sinyal L13A tidak Aktif,Perintah  untuk Menyalakan Aspek Langsir Putih Sinyal L13A Aktif,1,1,,,sinyal,YK,153,6
2952,YK-L13A-RRLS,Proses TPR Tujuan Sinyal L13A Tidak Sedang Berlangsung,Proses TPR Tujuan Sinyal L13A Sedang Berlangsung,1,1,,,sinyal,YK,153,7
2953,YK-L13A-RRLS-TE,,Proses TPR Tujuan Sinyal L13A telah Selesai,1,1,,,sinyal,YK,153,8
2954,YK-L13B-GR-DO,Perintah  untuk Menyalakan Aspek Langsir Putih Sinyal L13B tidak Aktif,Perintah  untuk Menyalakan Aspek Langsir Putih Sinyal L13B Aktif,1,1,,,sinyal,YK,153,9
2955,YK-L13B-RRLS,Proses TPR Tujuan Sinyal L13B Tidak Sedang Berlangsung,Proses TPR Tujuan Sinyal L13B Sedang Berlangsung,1,1,,,sinyal,YK,153,10
2956,YK-L13B-RRLS-TE,,Proses TPR Tujuan Sinyal L13B telah Selesai,1,1,,,sinyal,YK,153,11
2957,YK-L53A-GR-DO,Perintah  untuk Menyalakan Aspek Langsir Putih Sinyal L53A tidak Aktif,Perintah  untuk Menyalakan Aspek Langsir Putih Sinyal L53A Aktif,1,1,,,sinyal,YK,153,12
2958,YK-L53A-RRLS,Proses TPR Tujuan Sinyal L53A Tidak Sedang Berlangsung,Proses TPR Tujuan Sinyal L53A Sedang Berlangsung,1,1,,,sinyal,YK,153,13
2959,YK-L53A-RRLS-TE,,Proses TPR Tujuan Sinyal L53A telah Selesai,1,1,,,sinyal,YK,153,14
2960,YK-L53B-GR-DO,Perintah  untuk Menyalakan Aspek Langsir Putih Sinyal L53B tidak Aktif,Perintah  untuk Menyalakan Aspek Langsir Putih Sinyal L53B Aktif,1,1,,,sinyal,YK,153,15
2961,YK-L53B-RRLS,Proses TPR Tujuan Sinyal L53B Tidak Sedang Berlangsung,Proses TPR Tujuan Sinyal L53B Sedang Berlangsung,1,1,,,sinyal,YK,154,0
2962,YK-L53B-RRLS-TE,,Proses TPR Tujuan Sinyal L53B telah Selesai,1,1,,,sinyal,YK,154,1
2963,YK-L24-GR-DO,Perintah  untuk Menyalakan Aspek Langsir Putih Sinyal L24 tidak Aktif,Perintah  untuk Menyalakan Aspek Langsir Putih Sinyal L24 Aktif,1,1,,,sinyal,YK,154,2
2964,YK-L44-GR-DO,Perintah  untuk Menyalakan Aspek Langsir Putih Sinyal L44 tidak Aktif,Perintah  untuk Menyalakan Aspek Langsir Putih Sinyal L44 Aktif,1,1,,,sinyal,YK,154,3
2965,YK-L64-GR-DO,Perintah  untuk Menyalakan Aspek Langsir Putih Sinyal L64 tidak Aktif,Perintah  untuk Menyalakan Aspek Langsir Putih Sinyal L64 Aktif,1,1,,,sinyal,YK,154,4
2966,YK-L84-GR-DO,Perintah  untuk Menyalakan Aspek Langsir Putih Sinyal L84 tidak Aktif,Perintah  untuk Menyalakan Aspek Langsir Putih Sinyal L84 Aktif,1,1,,,sinyal,YK,154,5
2967,YK-X20-RRLS,Proses TPR Tujuan Sinyal X20 Tidak Sedang Berlangsung,Proses TPR Tujuan Sinyal X20 Sedang Berlangsung,1,1,,,sinyal,YK,154,6
2968,YK-X20-RRLS-TE,,Proses TPR Tujuan Sinyal X20 telah Selesai,1,1,,,sinyal,YK,154,7
2969,YK-X30-RRLS,Proses TPR Tujuan Sinyal X30 Tidak Sedang Berlangsung,Proses TPR Tujuan Sinyal X30 Sedang Berlangsung,1,1,,,sinyal,YK,154,8
2970,YK-X30-RRLS-TE,,Proses TPR Tujuan Sinyal X30 telah Selesai,1,1,,,sinyal,YK,154,9
2971,YK-X32-RRLS,Proses TPR Tujuan Sinyal X32 Tidak Sedang Berlangsung,Proses TPR Tujuan Sinyal X32 Sedang Berlangsung,1,1,,,sinyal,YK,154,10
2972,YK-X32-RRLS-TE,,Proses TPR Tujuan Sinyal X32 telah Selesai,1,1,,,sinyal,YK,154,11
2973,YK-X40-RRLS,Proses TPR Tujuan Sinyal X40 Tidak Sedang Berlangsung,Proses TPR Tujuan Sinyal X40 Sedang Berlangsung,1,1,,,sinyal,YK,154,12
2974,YK-X40-RRLS-TE,,Proses TPR Tujuan Sinyal X40 telah Selesai,1,1,,,sinyal,YK,154,13
2975,YK-X80-RRLS,Proses TPR Tujuan Sinyal X80 Tidak Sedang Berlangsung,Proses TPR Tujuan Sinyal X80 Sedang Berlangsung,1,1,,,sinyal,YK,154,14
2976,YK-X80-RRLS-TE,,Proses TPR Tujuan Sinyal X80 telah Selesai,1,1,,,sinyal,YK,154,15
2977,YK-X100-RRLS,Proses TPR Tujuan Sinyal X100 Tidak Sedang Berlangsung,Proses TPR Tujuan Sinyal X100 Sedang Berlangsung,1,1,,,sinyal,YK,155,0
2978,YK-X100-RRLS-TE,,Proses TPR Tujuan Sinyal X100 telah Selesai,1,1,,,sinyal,YK,155,1
2979,YK-X102-RRLS,Proses TPR Tujuan Sinyal X102 Tidak Sedang Berlangsung,Proses TPR Tujuan Sinyal X102 Sedang Berlangsung,1,1,,,sinyal,YK,155,2
2980,YK-X102-RRLS-TE,,Proses TPR Tujuan Sinyal X102 telah Selesai,1,1,,,sinyal,YK,155,3
2981,YK-X14-RRLS,Proses TPR Tujuan Sinyal X14 Tidak Sedang Berlangsung,Proses TPR Tujuan Sinyal X14 Sedang Berlangsung,1,1,,,sinyal,YK,155,4
2982,YK-X14-RRLS-TE,,Proses TPR Tujuan Sinyal X14 telah Selesai,1,1,,,sinyal,YK,155,5
2983,YK-X54-RRLS,Proses TPR Tujuan Sinyal X54 Tidak Sedang Berlangsung,Proses TPR Tujuan Sinyal X54 Sedang Berlangsung,1,1,,,sinyal,YK,155,6
2984,YK-X54-RRLS-TE,,Proses TPR Tujuan Sinyal X54 telah Selesai,1,1,,,sinyal,YK,155,7
2985,YK-X24-RRLS,Proses TPR Tujuan Sinyal X24 Tidak Sedang Berlangsung,Proses TPR Tujuan Sinyal X24 Sedang Berlangsung,1,1,,,sinyal,YK,155,8
2986,YK-X24-RRLS-TE,,Proses TPR Tujuan Sinyal X24 telah Selesai,1,1,,,sinyal,YK,155,9
2987,YK-X44-RRLS,Proses TPR Tujuan Sinyal X44 Tidak Sedang Berlangsung,Proses TPR Tujuan Sinyal X44 Sedang Berlangsung,1,1,,,sinyal,YK,155,10
2988,YK-X44-RRLS-TE,,Proses TPR Tujuan Sinyal X44 telah Selesai,1,1,,,sinyal,YK,155,11
2989,YK-X64-RRLS,Proses TPR Tujuan Sinyal X64 Tidak Sedang Berlangsung,Proses TPR Tujuan Sinyal X64 Sedang Berlangsung,1,1,,,sinyal,YK,155,12
2990,YK-X64-RRLS-TE,,Proses TPR Tujuan Sinyal X64 telah Selesai,1,1,,,sinyal,YK,155,13
2991,YK-X84-RRLS,Proses TPR Tujuan Sinyal X84 Tidak Sedang Berlangsung,Proses TPR Tujuan Sinyal X84 Sedang Berlangsung,1,1,,,sinyal,YK,155,14
2992,YK-X84-RRLS-TE,,Proses TPR Tujuan Sinyal X84 telah Selesai,1,1,,,sinyal,YK,155,15
2993,YK-MJ10-ECR-DI,Lampu Sinyal MJ10 Padam / Gangguan,ECR Sinyal MJ10 Normal,1,1,,,sinyal,YK,156,0
2994,YK-MJ10-ECR,Gangguan ECR Sinyal MJ10,ECR Sinyal MJ10 Normal,1,1,1,1>0,Perintah,YK,156,1
2995,YK-W11A/21A-L,Wesel W11A/21A Tersekat,Wesel W11A/21A tidak Tersekat,1,1,,,wesel,YK,156,2
2996,YK-W11A/21A-SWRLS,,Proses Membuka Sekat Wesel W11A/21A  Sedang Berlangsung,1,1,,,wesel,YK,156,3
2997,YK-W11A/21A-TPZ,Wesel W11A/21A  Terduduki tidak dapat berpindah Posisi,Wesel W11A/21A  Terduduki dapat berpindah Posisi,1,1,,,wesel,YK,156,4
2998,YK-W11A/21A-NWP-DI,Deteksi Wesel W11A/21A tidak pada Posisi Normal,Deteksi Wesel W11A/21A pada Posisi Normal,1,1,,,wesel,YK,156,5
2999,YK-W11A/21A-RWP-DI,Deteksi Wesel W11A/21A tidak pada Posisi Reverse,Deteksi Wesel W11A/21A pada Posisi Reverse,1,1,,,wesel,YK,156,6
3000,YK-W11A/21A-NWR-DO,Perintah ke Lapangan Wesel W11A/21A ke Arah Normal tidak Aktif,Perintah ke Lapangan Wesel W11A/21A ke Arah Normal Aktif,1,1,,,wesel,YK,156,7
3001,YK-W11A/21A-RWR-DO,Perintah ke Lapangan Wesel W11A/21A ke Arah Reverse tidak Aktif,Perintah ke Lapangan Wesel W11A/21A ke Arah Reverse Aktif,1,1,,,wesel,YK,156,8
3002,YK-W11A/21A-WLPR-DO,Perintah ke Lapangan Driving Common Wesel W11A/21A  tidak Aktif,Perintah Ke Lapangan Driving Common Wesel W11A/21A  Aktif,1,1,,,wesel,YK,156,9
3003,YK-W11B-L,Wesel W11B Tersekat,Wesel W11B tidak Tersekat,1,1,,,wesel,YK,156,10
3004,YK-W11B-SWRLS,,Proses Membuka Sekat Wesel W11B  Sedang Berlangsung,1,1,,,wesel,YK,156,11
3005,YK-W11B-TPZ,Wesel W11B  Terduduki tidak dapat berpindah Posisi,Wesel W11B  Terduduki dapat berpindah Posisi,1,1,,,wesel,YK,156,12
3006,YK-W11B-NWP-DI,Deteksi Wesel W11B tidak pada Posisi Normal,Deteksi Wesel W11B pada Posisi Normal,1,1,,,wesel,YK,156,13
3007,YK-W11B-RWP-DI,Deteksi Wesel W11B tidak pada Posisi Reverse,Deteksi Wesel W11B pada Posisi Reverse,1,1,,,wesel,YK,156,14
3008,YK-W11B-NWR-DO,Perintah ke Lapangan Wesel W11B ke Arah Normal tidak Aktif,Perintah ke Lapangan Wesel W11B ke Arah Normal Aktif,1,1,,,wesel,YK,156,15
3009,YK-W11B-RWR-DO,Perintah ke Lapangan Wesel W11B ke Arah Reverse tidak Aktif,Perintah ke Lapangan Wesel W11B ke Arah Reverse Aktif,1,1,,,wesel,YK,157,0
3010,YK-W11B-WLPR-DO,Perintah ke Lapangan Driving Common Wesel W11B  tidak Aktif,Perintah Ke Lapangan Driving Common Wesel W11B  Aktif,1,1,,,wesel,YK,157,1
3011,YK-W11C/21B-L,Wesel W11C/21B Tersekat,Wesel W11C/21B tidak Tersekat,1,1,,,wesel,YK,157,2
3012,YK-W11C/21B-SWRLS,,Proses Membuka Sekat Wesel W11C/21B  Sedang Berlangsung,1,1,,,wesel,YK,157,3
3013,YK-W11C/21B-TPZ,Wesel W11C/21B  Terduduki tidak dapat berpindah Posisi,Wesel W11C/21B  Terduduki dapat berpindah Posisi,1,1,,,wesel,YK,157,4
3014,YK-W11C/21B-NWP-DI,Deteksi Wesel W11C/21B tidak pada Posisi Normal,Deteksi Wesel W11C/21B pada Posisi Normal,1,1,,,wesel,YK,157,5
3015,YK-W11C/21B-RWP-DI,Deteksi Wesel W11C/21B tidak pada Posisi Reverse,Deteksi Wesel W11C/21B pada Posisi Reverse,1,1,,,wesel,YK,157,6
3016,YK-W11C/21B-NWR-DO,Perintah ke Lapangan Wesel W11C/21B ke Arah Normal tidak Aktif,Perintah ke Lapangan Wesel W11C/21B ke Arah Normal Aktif,1,1,,,wesel,YK,157,7
3017,YK-W11C/21B-RWR-DO,Perintah ke Lapangan Wesel W11C/21B ke Arah Reverse tidak Aktif,Perintah ke Lapangan Wesel W11C/21B ke Arah Reverse Aktif,1,1,,,wesel,YK,157,8
3018,YK-W11C/21B-WLPR-DO,Perintah ke Lapangan Driving Common Wesel W11C/21B  tidak Aktif,Perintah Ke Lapangan Driving Common Wesel W11C/21B  Aktif,1,1,,,wesel,YK,157,9
3019,YK-W11D/31-L,Wesel W11D/31 Tersekat,Wesel W11D/31 tidak Tersekat,1,1,,,wesel,YK,157,10
3020,YK-W11D/31-SWRLS,,Proses Membuka Sekat Wesel W11D/31  Sedang Berlangsung,1,1,,,wesel,YK,157,11
3021,YK-W11D/31-TPZ,Wesel W11D/31  Terduduki tidak dapat berpindah Posisi,Wesel W11D/31  Terduduki dapat berpindah Posisi,1,1,,,wesel,YK,157,12
3022,YK-W11D/31-NWP-DI,Deteksi Wesel W11D/31 tidak pada Posisi Normal,Deteksi Wesel W11D/31 pada Posisi Normal,1,1,,,wesel,YK,157,13
3023,YK-W11D/31-RWP-DI,Deteksi Wesel W11D/31 tidak pada Posisi Reverse,Deteksi Wesel W11D/31 pada Posisi Reverse,1,1,,,wesel,YK,157,14
3024,YK-W11D/31-NWR-DO,Perintah ke Lapangan Wesel W11D/31 ke Arah Normal tidak Aktif,Perintah ke Lapangan Wesel W11D/31 ke Arah Normal Aktif,1,1,,,wesel,YK,157,15
3025,YK-W11D/31-RWR-DO,Perintah ke Lapangan Wesel W11D/31 ke Arah Reverse tidak Aktif,Perintah ke Lapangan Wesel W11D/31 ke Arah Reverse Aktif,1,1,,,wesel,YK,158,0
3026,YK-W11D/31-WLPR-DO,Perintah ke Lapangan Driving Common Wesel W11D/31  tidak Aktif,Perintah Ke Lapangan Driving Common Wesel W11D/31  Aktif,1,1,,,wesel,YK,158,1
3027,YK-W11E/21C-L,Wesel W11E/21C Tersekat,Wesel W11E/21C tidak Tersekat,1,1,,,wesel,YK,158,2
3028,YK-W11E/21C-SWRLS,,Proses Membuka Sekat Wesel W11E/21C  Sedang Berlangsung,1,1,,,wesel,YK,158,3
3029,YK-W11E/21C-TPZ,Wesel W11E/21C  Terduduki tidak dapat berpindah Posisi,Wesel W11E/21C  Terduduki dapat berpindah Posisi,1,1,,,wesel,YK,158,4
3030,YK-W11E/21C-NWP-DI,Deteksi Wesel W11E/21C tidak pada Posisi Normal,Deteksi Wesel W11E/21C pada Posisi Normal,1,1,,,wesel,YK,158,5
3031,YK-W11E/21C-RWP-DI,Deteksi Wesel W11E/21C tidak pada Posisi Reverse,Deteksi Wesel W11E/21C pada Posisi Reverse,1,1,,,wesel,YK,158,6
3032,YK-W11E/21C-NWR-DO,Perintah ke Lapangan Wesel W11E/21C ke Arah Normal tidak Aktif,Perintah ke Lapangan Wesel W11E/21C ke Arah Normal Aktif,1,1,,,wesel,YK,158,7
3033,YK-W11E/21C-RWR-DO,Perintah ke Lapangan Wesel W11E/21C ke Arah Reverse tidak Aktif,Perintah ke Lapangan Wesel W11E/21C ke Arah Reverse Aktif,1,1,,,wesel,YK,158,8
3034,YK-W11E/21C-WLPR-DO,Perintah ke Lapangan Driving Common Wesel W11E/21C  tidak Aktif,Perintah Ke Lapangan Driving Common Wesel W11E/21C  Aktif,1,1,,,wesel,YK,158,9
3035,YK-W21D/41A-L,Wesel W21D/41A Tersekat,Wesel W21D/41A tidak Tersekat,1,1,,,wesel,YK,158,10
3036,YK-W21D/41A-SWRLS,,Proses Membuka Sekat Wesel W21D/41A  Sedang Berlangsung,1,1,,,wesel,YK,158,11
3037,YK-W21D/41A-TPZ,Wesel W21D/41A  Terduduki tidak dapat berpindah Posisi,Wesel W21D/41A  Terduduki dapat berpindah Posisi,1,1,,,wesel,YK,158,12
3038,YK-W21D/41A-NWP-DI,Deteksi Wesel W21D/41A tidak pada Posisi Normal,Deteksi Wesel W21D/41A pada Posisi Normal,1,1,,,wesel,YK,158,13
3039,YK-W21D/41A-RWP-DI,Deteksi Wesel W21D/41A tidak pada Posisi Reverse,Deteksi Wesel W21D/41A pada Posisi Reverse,1,1,,,wesel,YK,158,14
3040,YK-W21D/41A-NWR-DO,Perintah ke Lapangan Wesel W21D/41A ke Arah Normal tidak Aktif,Perintah ke Lapangan Wesel W21D/41A ke Arah Normal Aktif,1,1,,,wesel,YK,158,15
3041,YK-W21D/41A-RWR-DO,Perintah ke Lapangan Wesel W21D/41A ke Arah Reverse tidak Aktif,Perintah ke Lapangan Wesel W21D/41A ke Arah Reverse Aktif,1,1,,,wesel,YK,159,0
3042,YK-W21D/41A-WLPR-DO,Perintah ke Lapangan Driving Common Wesel W21D/41A  tidak Aktif,Perintah Ke Lapangan Driving Common Wesel W21D/41A  Aktif,1,1,,,wesel,YK,159,1
3043,YK-W41B-L,Wesel W41B Tersekat,Wesel W41B tidak Tersekat,1,1,,,wesel,YK,159,2
3044,YK-W41B-SWRLS,,Proses Membuka Sekat Wesel W41B  Sedang Berlangsung,1,1,,,wesel,YK,159,3
3045,YK-W41B-TPZ,Wesel W41B  Terduduki tidak dapat berpindah Posisi,Wesel W41B  Terduduki dapat berpindah Posisi,1,1,,,wesel,YK,159,4
3046,YK-W41B-NWP-DI,Deteksi Wesel W41B tidak pada Posisi Normal,Deteksi Wesel W41B pada Posisi Normal,1,1,,,wesel,YK,159,5
3047,YK-W41B-RWP-DI,Deteksi Wesel W41B tidak pada Posisi Reverse,Deteksi Wesel W41B pada Posisi Reverse,1,1,,,wesel,YK,159,6
3048,YK-W41B-NWR-DO,Perintah ke Lapangan Wesel W41B ke Arah Normal tidak Aktif,Perintah ke Lapangan Wesel W41B ke Arah Normal Aktif,1,1,,,wesel,YK,159,7
3049,YK-W41B-RWR-DO,Perintah ke Lapangan Wesel W41B ke Arah Reverse tidak Aktif,Perintah ke Lapangan Wesel W41B ke Arah Reverse Aktif,1,1,,,wesel,YK,159,8
3050,YK-W41B-WLPR-DO,Perintah ke Lapangan Driving Common Wesel W41B  tidak Aktif,Perintah Ke Lapangan Driving Common Wesel W41B  Aktif,1,1,,,wesel,YK,159,9
3051,YK-W51-L,Wesel W51 Tersekat,Wesel W51 tidak Tersekat,1,1,,,wesel,YK,159,10
3052,YK-W51-SWRLS,,Proses Membuka Sekat Wesel W51  Sedang Berlangsung,1,1,,,wesel,YK,159,11
3053,YK-W51-TPZ,Wesel W51  Terduduki tidak dapat berpindah Posisi,Wesel W51  Terduduki dapat berpindah Posisi,1,1,,,wesel,YK,159,12
3054,YK-W51-NWP-DI,Deteksi Wesel W51 tidak pada Posisi Normal,Deteksi Wesel W51 pada Posisi Normal,1,1,,,wesel,YK,159,13
3055,YK-W51-RWP-DI,Deteksi Wesel W51 tidak pada Posisi Reverse,Deteksi Wesel W51 pada Posisi Reverse,1,1,,,wesel,YK,159,14
3056,YK-W51-NWR-DO,Perintah ke Lapangan Wesel W51 ke Arah Normal tidak Aktif,Perintah ke Lapangan Wesel W51 ke Arah Normal Aktif,1,1,,,wesel,YK,159,15
3057,YK-W51-RWR-DO,Perintah ke Lapangan Wesel W51 ke Arah Reverse tidak Aktif,Perintah ke Lapangan Wesel W51 ke Arah Reverse Aktif,1,1,,,wesel,YK,160,0
3058,YK-W51-WLPR-DO,Perintah ke Lapangan Driving Common Wesel W51  tidak Aktif,Perintah Ke Lapangan Driving Common Wesel W51  Aktif,1,1,,,wesel,YK,160,1
3059,YK-W61/81A-L,Wesel W61/81A Tersekat,Wesel W61/81A tidak Tersekat,1,1,,,wesel,YK,160,2
3060,YK-W61/81A-SWRLS,,Proses Membuka Sekat Wesel W61/81A  Sedang Berlangsung,1,1,,,wesel,YK,160,3
3061,YK-W61/81A-TPZ,Wesel W61/81A  Terduduki tidak dapat berpindah Posisi,Wesel W61/81A  Terduduki dapat berpindah Posisi,1,1,,,wesel,YK,160,4
3062,YK-W61/81A-NWP-DI,Deteksi Wesel W61/81A tidak pada Posisi Normal,Deteksi Wesel W61/81A pada Posisi Normal,1,1,,,wesel,YK,160,5
3063,YK-W61/81A-RWP-DI,Deteksi Wesel W61/81A tidak pada Posisi Reverse,Deteksi Wesel W61/81A pada Posisi Reverse,1,1,,,wesel,YK,160,6
3064,YK-W61/81A-NWR-DO,Perintah ke Lapangan Wesel W61/81A ke Arah Normal tidak Aktif,Perintah ke Lapangan Wesel W61/81A ke Arah Normal Aktif,1,1,,,wesel,YK,160,7
3065,YK-W61/81A-RWR-DO,Perintah ke Lapangan Wesel W61/81A ke Arah Reverse tidak Aktif,Perintah ke Lapangan Wesel W61/81A ke Arah Reverse Aktif,1,1,,,wesel,YK,160,8
3066,YK-W61/81A-WLPR-DO,Perintah ke Lapangan Driving Common Wesel W61/81A  tidak Aktif,Perintah Ke Lapangan Driving Common Wesel W61/81A  Aktif,1,1,,,wesel,YK,160,9
3067,YK-W71-L,Wesel W71 Tersekat,Wesel W71 tidak Tersekat,1,1,,,wesel,YK,160,10
3068,YK-W71-SWRLS,,Proses Membuka Sekat Wesel W71  Sedang Berlangsung,1,1,,,wesel,YK,160,11
3069,YK-W71-TPZ,Wesel W71  Terduduki tidak dapat berpindah Posisi,Wesel W71  Terduduki dapat berpindah Posisi,1,1,,,wesel,YK,160,12
3070,YK-W71-NWP-DI,Deteksi Wesel W71 tidak pada Posisi Normal,Deteksi Wesel W71 pada Posisi Normal,1,1,,,wesel,YK,160,13
3071,YK-W71-RWP-DI,Deteksi Wesel W71 tidak pada Posisi Reverse,Deteksi Wesel W71 pada Posisi Reverse,1,1,,,wesel,YK,160,14
3072,YK-W71-NWR-DO,Perintah ke Lapangan Wesel W71 ke Arah Normal tidak Aktif,Perintah ke Lapangan Wesel W71 ke Arah Normal Aktif,1,1,,,wesel,YK,160,15
3073,YK-W71-RWR-DO,Perintah ke Lapangan Wesel W71 ke Arah Reverse tidak Aktif,Perintah ke Lapangan Wesel W71 ke Arah Reverse Aktif,1,1,,,wesel,YK,161,0
3074,YK-W71-WLPR-DO,Perintah ke Lapangan Driving Common Wesel W71  tidak Aktif,Perintah Ke Lapangan Driving Common Wesel W71  Aktif,1,1,,,wesel,YK,161,1
3075,YK-W81B/101-L,Wesel W81B/101 Tersekat,Wesel W81B/101 tidak Tersekat,1,1,,,wesel,YK,161,2
3076,YK-W81B/101-SWRLS,,Proses Membuka Sekat Wesel W81B/101  Sedang Berlangsung,1,1,,,wesel,YK,161,3
3077,YK-W81B/101-TPZ,Wesel W81B/101  Terduduki tidak dapat berpindah Posisi,Wesel W81B/101  Terduduki dapat berpindah Posisi,1,1,,,wesel,YK,161,4
3078,YK-W81B/101-NWP-DI,Deteksi Wesel W81B/101 tidak pada Posisi Normal,Deteksi Wesel W81B/101 pada Posisi Normal,1,1,,,wesel,YK,161,5
3079,YK-W81B/101-RWP-DI,Deteksi Wesel W81B/101 tidak pada Posisi Reverse,Deteksi Wesel W81B/101 pada Posisi Reverse,1,1,,,wesel,YK,161,6
3080,YK-W81B/101-NWR-DO,Perintah ke Lapangan Wesel W81B/101 ke Arah Normal tidak Aktif,Perintah ke Lapangan Wesel W81B/101 ke Arah Normal Aktif,1,1,,,wesel,YK,161,7
3081,YK-W81B/101-RWR-DO,Perintah ke Lapangan Wesel W81B/101 ke Arah Reverse tidak Aktif,Perintah ke Lapangan Wesel W81B/101 ke Arah Reverse Aktif,1,1,,,wesel,YK,161,8
3082,YK-W81B/101-WLPR-DO,Perintah ke Lapangan Driving Common Wesel W81B/101  tidak Aktif,Perintah Ke Lapangan Driving Common Wesel W81B/101  Aktif,1,1,,,wesel,YK,161,9
3083,YK-W13A/23B-L,Wesel W13A/23B Tersekat,Wesel W13A/23B tidak Tersekat,1,1,,,wesel,YK,161,10
3084,YK-W13A/23B-SWRLS,,Proses Membuka Sekat Wesel W13A/23B  Sedang Berlangsung,1,1,,,wesel,YK,161,11
3085,YK-W13A/23B-TPZ,Wesel W13A/23B  Terduduki tidak dapat berpindah Posisi,Wesel W13A/23B  Terduduki dapat berpindah Posisi,1,1,,,wesel,YK,161,12
3086,YK-W13A/23B-NWP-DI,Deteksi Wesel W13A/23B tidak pada Posisi Normal,Deteksi Wesel W13A/23B pada Posisi Normal,1,1,,,wesel,YK,161,13
3087,YK-W13A/23B-RWP-DI,Deteksi Wesel W13A/23B tidak pada Posisi Reverse,Deteksi Wesel W13A/23B pada Posisi Reverse,1,1,,,wesel,YK,161,14
3088,YK-W13A/23B-NWR-DO,Perintah ke Lapangan Wesel W13A/23B ke Arah Normal tidak Aktif,Perintah ke Lapangan Wesel W13A/23B ke Arah Normal Aktif,1,1,,,wesel,YK,161,15
3089,YK-W13A/23B-RWR-DO,Perintah ke Lapangan Wesel W13A/23B ke Arah Reverse tidak Aktif,Perintah ke Lapangan Wesel W13A/23B ke Arah Reverse Aktif,1,1,,,wesel,YK,162,0
3090,YK-W13A/23B-WLPR-DO,Perintah ke Lapangan Driving Common Wesel W13A/23B  tidak Aktif,Perintah Ke Lapangan Driving Common Wesel W13A/23B  Aktif,1,1,,,wesel,YK,162,1
3091,YK-W13B/53B-L,Wesel W13B/53B Tersekat,Wesel W13B/53B tidak Tersekat,1,1,,,wesel,YK,162,2
3092,YK-W13B/53B-SWRLS,,Proses Membuka Sekat Wesel W13B/53B  Sedang Berlangsung,1,1,,,wesel,YK,162,3
3093,YK-W13B/53B-TPZ,Wesel W13B/53B  Terduduki tidak dapat berpindah Posisi,Wesel W13B/53B  Terduduki dapat berpindah Posisi,1,1,,,wesel,YK,162,4
3094,YK-W13B/53B-NWP-DI,Deteksi Wesel W13B/53B tidak pada Posisi Normal,Deteksi Wesel W13B/53B pada Posisi Normal,1,1,,,wesel,YK,162,5
3095,YK-W13B/53B-RWP-DI,Deteksi Wesel W13B/53B tidak pada Posisi Reverse,Deteksi Wesel W13B/53B pada Posisi Reverse,1,1,,,wesel,YK,162,6
3096,YK-W13B/53B-NWR-DO,Perintah ke Lapangan Wesel W13B/53B ke Arah Normal tidak Aktif,Perintah ke Lapangan Wesel W13B/53B ke Arah Normal Aktif,1,1,,,wesel,YK,162,7
3097,YK-W13B/53B-RWR-DO,Perintah ke Lapangan Wesel W13B/53B ke Arah Reverse tidak Aktif,Perintah ke Lapangan Wesel W13B/53B ke Arah Reverse Aktif,1,1,,,wesel,YK,162,8
3098,YK-W13B/53B-WLPR-DO,Perintah ke Lapangan Driving Common Wesel W13B/53B  tidak Aktif,Perintah Ke Lapangan Driving Common Wesel W13B/53B  Aktif,1,1,,,wesel,YK,162,9
3099,YK-W13C/53C-L,Wesel W13C/53C Tersekat,Wesel W13C/53C tidak Tersekat,1,1,,,wesel,YK,162,10
3100,YK-W13C/53C-SWRLS,,Proses Membuka Sekat Wesel W13C/53C  Sedang Berlangsung,1,1,,,wesel,YK,162,11
3101,YK-W13C/53C-TPZ,Wesel W13C/53C  Terduduki tidak dapat berpindah Posisi,Wesel W13C/53C  Terduduki dapat berpindah Posisi,1,1,,,wesel,YK,162,12
3102,YK-W13C/53C-NWP-DI,Deteksi Wesel W13C/53C tidak pada Posisi Normal,Deteksi Wesel W13C/53C pada Posisi Normal,1,1,,,wesel,YK,162,13
3103,YK-W13C/53C-RWP-DI,Deteksi Wesel W13C/53C tidak pada Posisi Reverse,Deteksi Wesel W13C/53C pada Posisi Reverse,1,1,,,wesel,YK,162,14
3104,YK-W13C/53C-NWR-DO,Perintah ke Lapangan Wesel W13C/53C ke Arah Normal tidak Aktif,Perintah ke Lapangan Wesel W13C/53C ke Arah Normal Aktif,1,1,,,wesel,YK,162,15
3105,YK-W13C/53C-RWR-DO,Perintah ke Lapangan Wesel W13C/53C ke Arah Reverse tidak Aktif,Perintah ke Lapangan Wesel W13C/53C ke Arah Reverse Aktif,1,1,,,wesel,YK,163,0
3106,YK-W13C/53C-WLPR-DO,Perintah ke Lapangan Driving Common Wesel W13C/53C  tidak Aktif,Perintah Ke Lapangan Driving Common Wesel W13C/53C  Aktif,1,1,,,wesel,YK,163,1
3107,YK-W23A/43B-L,Wesel W23A/43B Tersekat,Wesel W23A/43B tidak Tersekat,1,1,,,wesel,YK,163,2
3108,YK-W23A/43B-SWRLS,,Proses Membuka Sekat Wesel W23A/43B  Sedang Berlangsung,1,1,,,wesel,YK,163,3
3109,YK-W23A/43B-TPZ,Wesel W23A/43B  Terduduki tidak dapat berpindah Posisi,Wesel W23A/43B  Terduduki dapat berpindah Posisi,1,1,,,wesel,YK,163,4
3110,YK-W23A/43B-NWP-DI,Deteksi Wesel W23A/43B tidak pada Posisi Normal,Deteksi Wesel W23A/43B pada Posisi Normal,1,1,,,wesel,YK,163,5
3111,YK-W23A/43B-RWP-DI,Deteksi Wesel W23A/43B tidak pada Posisi Reverse,Deteksi Wesel W23A/43B pada Posisi Reverse,1,1,,,wesel,YK,163,6
3112,YK-W23A/43B-NWR-DO,Perintah ke Lapangan Wesel W23A/43B ke Arah Normal tidak Aktif,Perintah ke Lapangan Wesel W23A/43B ke Arah Normal Aktif,1,1,,,wesel,YK,163,7
3113,YK-W23A/43B-RWR-DO,Perintah ke Lapangan Wesel W23A/43B ke Arah Reverse tidak Aktif,Perintah ke Lapangan Wesel W23A/43B ke Arah Reverse Aktif,1,1,,,wesel,YK,163,8
3114,YK-W23A/43B-WLPR-DO,Perintah ke Lapangan Driving Common Wesel W23A/43B  tidak Aktif,Perintah Ke Lapangan Driving Common Wesel W23A/43B  Aktif,1,1,,,wesel,YK,163,9
3115,YK-W43A/63B-L,Wesel W43A/63B Tersekat,Wesel W43A/63B tidak Tersekat,1,1,,,wesel,YK,163,10
3116,YK-W43A/63B-SWRLS,,Proses Membuka Sekat Wesel W43A/63B  Sedang Berlangsung,1,1,,,wesel,YK,163,11
3117,YK-W43A/63B-TPZ,Wesel W43A/63B  Terduduki tidak dapat berpindah Posisi,Wesel W43A/63B  Terduduki dapat berpindah Posisi,1,1,,,wesel,YK,163,12
3118,YK-W43A/63B-NWP-DI,Deteksi Wesel W43A/63B tidak pada Posisi Normal,Deteksi Wesel W43A/63B pada Posisi Normal,1,1,,,wesel,YK,163,13
3119,YK-W43A/63B-RWP-DI,Deteksi Wesel W43A/63B tidak pada Posisi Reverse,Deteksi Wesel W43A/63B pada Posisi Reverse,1,1,,,wesel,YK,163,14
3120,YK-W43A/63B-NWR-DO,Perintah ke Lapangan Wesel W43A/63B ke Arah Normal tidak Aktif,Perintah ke Lapangan Wesel W43A/63B ke Arah Normal Aktif,1,1,,,wesel,YK,163,15
3121,YK-W43A/63B-RWR-DO,Perintah ke Lapangan Wesel W43A/63B ke Arah Reverse tidak Aktif,Perintah ke Lapangan Wesel W43A/63B ke Arah Reverse Aktif,1,1,,,wesel,YK,164,0
3122,YK-W43A/63B-WLPR-DO,Perintah ke Lapangan Driving Common Wesel W43A/63B  tidak Aktif,Perintah Ke Lapangan Driving Common Wesel W43A/63B  Aktif,1,1,,,wesel,YK,164,1
3123,YK-W53A-L,Wesel W53A Tersekat,Wesel W53A tidak Tersekat,1,1,,,wesel,YK,164,2
3124,YK-W53A-SWRLS,,Proses Membuka Sekat Wesel W53A  Sedang Berlangsung,1,1,,,wesel,YK,164,3
3125,YK-W53A-TPZ,Wesel W53A  Terduduki tidak dapat berpindah Posisi,Wesel W53A  Terduduki dapat berpindah Posisi,1,1,,,wesel,YK,164,4
3126,YK-W53A-NWP-DI,Deteksi Wesel W53A tidak pada Posisi Normal,Deteksi Wesel W53A pada Posisi Normal,1,1,,,wesel,YK,164,5
3127,YK-W53A-RWP-DI,Deteksi Wesel W53A tidak pada Posisi Reverse,Deteksi Wesel W53A pada Posisi Reverse,1,1,,,wesel,YK,164,6
3128,YK-W53A-NWR-DO,Perintah ke Lapangan Wesel W53A ke Arah Normal tidak Aktif,Perintah ke Lapangan Wesel W53A ke Arah Normal Aktif,1,1,,,wesel,YK,164,7
3129,YK-W53A-RWR-DO,Perintah ke Lapangan Wesel W53A ke Arah Reverse tidak Aktif,Perintah ke Lapangan Wesel W53A ke Arah Reverse Aktif,1,1,,,wesel,YK,164,8
3130,YK-W53A-WLPR-DO,Perintah ke Lapangan Driving Common Wesel W53A  tidak Aktif,Perintah Ke Lapangan Driving Common Wesel W53A  Aktif,1,1,,,wesel,YK,164,9
3131,YK-W63A/83-L,Wesel W63A/83 Tersekat,Wesel W63A/83 tidak Tersekat,1,1,,,wesel,YK,164,10
3132,YK-W63A/83-SWRLS,,Proses Membuka Sekat Wesel W63A/83  Sedang Berlangsung,1,1,,,wesel,YK,164,11
3133,YK-W63A/83-TPZ,Wesel W63A/83  Terduduki tidak dapat berpindah Posisi,Wesel W63A/83  Terduduki dapat berpindah Posisi,1,1,,,wesel,YK,164,12
3134,YK-W63A/83-NWP-DI,Deteksi Wesel W63A/83 tidak pada Posisi Normal,Deteksi Wesel W63A/83 pada Posisi Normal,1,1,,,wesel,YK,164,13
3135,YK-W63A/83-RWP-DI,Deteksi Wesel W63A/83 tidak pada Posisi Reverse,Deteksi Wesel W63A/83 pada Posisi Reverse,1,1,,,wesel,YK,164,14
3136,YK-W63A/83-NWR-DO,Perintah ke Lapangan Wesel W63A/83 ke Arah Normal tidak Aktif,Perintah ke Lapangan Wesel W63A/83 ke Arah Normal Aktif,1,1,,,wesel,YK,164,15
3137,YK-W63A/83-RWR-DO,Perintah ke Lapangan Wesel W63A/83 ke Arah Reverse tidak Aktif,Perintah ke Lapangan Wesel W63A/83 ke Arah Reverse Aktif,1,1,,,wesel,YK,165,0
3138,YK-W63A/83-WLPR-DO,Perintah ke Lapangan Driving Common Wesel W63A/83  tidak Aktif,Perintah Ke Lapangan Driving Common Wesel W63A/83  Aktif,1,1,,,wesel,YK,165,1
3139,YK-W73-L,Wesel W73 Tersekat,Wesel W73 tidak Tersekat,1,1,,,wesel,YK,165,2
3140,YK-W73-SWRLS,,Proses Membuka Sekat Wesel W73  Sedang Berlangsung,1,1,,,wesel,YK,165,3
3141,YK-W73-TPZ,Wesel W73  Terduduki tidak dapat berpindah Posisi,Wesel W73  Terduduki dapat berpindah Posisi,1,1,,,wesel,YK,165,4
3142,YK-W73-NWP-DI,Deteksi Wesel W73 tidak pada Posisi Normal,Deteksi Wesel W73 pada Posisi Normal,1,1,,,wesel,YK,165,5
3143,YK-W73-RWP-DI,Deteksi Wesel W73 tidak pada Posisi Reverse,Deteksi Wesel W73 pada Posisi Reverse,1,1,,,wesel,YK,165,6
3144,YK-W73-NWR-DO,Perintah ke Lapangan Wesel W73 ke Arah Normal tidak Aktif,Perintah ke Lapangan Wesel W73 ke Arah Normal Aktif,1,1,,,wesel,YK,165,7
3145,YK-W73-RWR-DO,Perintah ke Lapangan Wesel W73 ke Arah Reverse tidak Aktif,Perintah ke Lapangan Wesel W73 ke Arah Reverse Aktif,1,1,,,wesel,YK,165,8
3146,YK-W73-WLPR-DO,Perintah ke Lapangan Driving Common Wesel W73  tidak Aktif,Perintah Ke Lapangan Driving Common Wesel W73  Aktif,1,1,,,wesel,YK,165,9
3147,YK-10A-TPR-DI,Track 10AT Terduduki,Track 10AT Kosong,1,1,,,track,YK,165,10
3148,YK-10A-E-WS,Sub-Route Track 10AT  Arah Barat Terbentuk,Sub-Route Track 10AT  Arah Barat Release,1,1,,,track,YK,165,11
3149,YK-10B-TPR-DI,Track 10BT Terduduki,Track 10BT Kosong,1,1,,,track,YK,165,12
3150,YK-10B-E-WS,Sub-Route Track 10BT  Arah Barat Terbentuk,Sub-Route Track 10BT  Arah Barat Release,1,1,,,track,YK,165,13
3151,YK-10C-TPR-DI,Track 10CT Terduduki,Track 10CT Kosong,1,1,,,track,YK,165,14
3152,YK-10C-E-WS,Sub-Route Track 10CT  Arah Barat Terbentuk,Sub-Route Track 10CT  Arah Barat Release,1,1,,,track,YK,165,15
3153,YK-10D-TPR-DI,Track 10DT Terduduki,Track 10DT Kosong,1,1,,,track,YK,166,0
3154,YK-10D-E-WS,Sub-Route Track 10DT  Arah Barat Terbentuk,Sub-Route Track 10DT  Arah Barat Release,1,1,,,track,YK,166,1
3155,YK-10E-TPR-DI,Track 10ET Terduduki,Track 10ET Kosong,1,1,,,track,YK,166,2
3156,YK-10E-E-WS,Sub-Route Track 10ET  Arah Barat Terbentuk,Sub-Route Track 10ET  Arah Barat Release,1,1,,,track,YK,166,3
3157,YK-10E-E-ES,Sub-Route Track 10ET  Arah Timur Terbentuk,Sub-Route Track 10ET  Arah Timur Release,1,1,,,track,YK,166,4
3158,YK-10F-TPR-DI,Track 10FT Terduduki,Track 10FT Kosong,1,1,,,track,YK,166,5
3159,YK-10F-E-WS,Sub-Route Track 10FT  Arah Barat Terbentuk,Sub-Route Track 10FT  Arah Barat Release,1,1,,,track,YK,166,6
3160,YK-10F-E-ES,Sub-Route Track 10FT  Arah Timur Terbentuk,Sub-Route Track 10FT  Arah Timur Release,1,1,,,track,YK,166,7
3161,YK-11A-TPR-DI,Track 11AT Terduduki,Track 11AT Kosong,1,1,,,track,YK,166,8
3162,YK-11A-E-WS,Sub-Route Track 11AT  Arah Barat Terbentuk,Sub-Route Track 11AT  Arah Barat Release,1,1,,,track,YK,166,9
3163,YK-11A-S-WS,Sub-Route Track 11AT  Arah Barat Terbentuk,Sub-Route Track 11AT  Arah Barat Release,1,1,,,track,YK,166,10
3164,YK-11A-E-ES,Sub-Route Track 11AT  Arah Timur Terbentuk,Sub-Route Track 11AT  Arah Timur Release,1,1,,,track,YK,166,11
3165,YK-11A-S-ES,Sub-Route Track 11AT  Arah Timur Terbentuk,Sub-Route Track 11AT  Arah Timur Release,1,1,,,track,YK,166,12
3166,YK-11B-TPR-DI,Track 11BT Terduduki,Track 11BT Kosong,1,1,,,track,YK,166,13
3167,YK-11B-E-WS,Sub-Route Track 11BT  Arah Barat Terbentuk,Sub-Route Track 11BT  Arah Barat Release,1,1,,,track,YK,166,14
3168,YK-11B-S-WS,Sub-Route Track 11BT  Arah Barat Terbentuk,Sub-Route Track 11BT  Arah Barat Release,1,1,,,track,YK,166,15
3169,YK-11B-E-ES,Sub-Route Track 11BT  Arah Timur Terbentuk,Sub-Route Track 11BT  Arah Timur Release,1,1,,,track,YK,167,0
3170,YK-11C-TPR-DI,Track 11CT Terduduki,Track 11CT Kosong,1,1,,,track,YK,167,1
3171,YK-11C-E-WS,Sub-Route Track 11CT  Arah Barat Terbentuk,Sub-Route Track 11CT  Arah Barat Release,1,1,,,track,YK,167,2
3172,YK-11C-S-WS,Sub-Route Track 11CT  Arah Barat Terbentuk,Sub-Route Track 11CT  Arah Barat Release,1,1,,,track,YK,167,3
3173,YK-11C-E-ES,Sub-Route Track 11CT  Arah Timur Terbentuk,Sub-Route Track 11CT  Arah Timur Release,1,1,,,track,YK,167,4
3174,YK-11C-S-ES,Sub-Route Track 11CT  Arah Timur Terbentuk,Sub-Route Track 11CT  Arah Timur Release,1,1,,,track,YK,167,5
3175,YK-11D-TPR-DI,Track 11DT Terduduki,Track 11DT Kosong,1,1,,,track,YK,167,6
3176,YK-11D-E-WS,Sub-Route Track 11DT  Arah Barat Terbentuk,Sub-Route Track 11DT  Arah Barat Release,1,1,,,track,YK,167,7
3177,YK-11D-S-WS,Sub-Route Track 11DT  Arah Barat Terbentuk,Sub-Route Track 11DT  Arah Barat Release,1,1,,,track,YK,167,8
3178,YK-11D-E-ES,Sub-Route Track 11DT  Arah Timur Terbentuk,Sub-Route Track 11DT  Arah Timur Release,1,1,,,track,YK,167,9
3179,YK-11D-S-ES,Sub-Route Track 11DT  Arah Timur Terbentuk,Sub-Route Track 11DT  Arah Timur Release,1,1,,,track,YK,167,10
3180,YK-12-TPR-DI,Track 12T Terduduki,Track 12T Kosong,1,1,,,track,YK,167,11
3181,YK-12-T-WLAS,Luncuran Emplasement 12T  Arah Barat Terbentuk,Luncuran Emplasement 12T  Arah Barat Release,1,1,,,track,YK,167,12
3182,YK-12-T-ELAS,Luncuran Emplasement 12T  Arah Timur Terbentuk,Luncuran Emplasement 12T  Arah Timur Release,1,1,,,track,YK,167,13
3183,YK-13A-TPR-DI,Track 13AT Terduduki,Track 13AT Kosong,1,1,,,track,YK,167,14
3184,YK-13A-E-WS,Sub-Route Track 13AT  Arah Barat Terbentuk,Sub-Route Track 13AT  Arah Barat Release,1,1,,,track,YK,167,15
3185,YK-13A-S-WS,Sub-Route Track 13AT  Arah Barat Terbentuk,Sub-Route Track 13AT  Arah Barat Release,1,1,,,track,YK,168,0
3186,YK-13A-E-ES,Sub-Route Track 13AT  Arah Timur Terbentuk,Sub-Route Track 13AT  Arah Timur Release,1,1,,,track,YK,168,1
3187,YK-13A-S-ES,Sub-Route Track 13AT  Arah Timur Terbentuk,Sub-Route Track 13AT  Arah Timur Release,1,1,,,track,YK,168,2
3188,YK-13B-TPR-DI,Track 13BT Terduduki,Track 13BT Kosong,1,1,,,track,YK,168,3
3189,YK-13B-E-WS,Sub-Route Track 13BT  Arah Barat Terbentuk,Sub-Route Track 13BT  Arah Barat Release,1,1,,,track,YK,168,4
3190,YK-13B-E-ES,Sub-Route Track 13BT  Arah Timur Terbentuk,Sub-Route Track 13BT  Arah Timur Release,1,1,,,track,YK,168,5
3191,YK-13C-TPR-DI,Track 13CT Terduduki,Track 13CT Kosong,1,1,,,track,YK,168,6
3192,YK-13C-E-WS,Sub-Route Track 13CT  Arah Barat Terbentuk,Sub-Route Track 13CT  Arah Barat Release,1,1,,,track,YK,168,7
3193,YK-13C-S-WS,Sub-Route Track 13CT  Arah Barat Terbentuk,Sub-Route Track 13CT  Arah Barat Release,1,1,,,track,YK,168,8
3194,YK-13C-E-ES,Sub-Route Track 13CT  Arah Timur Terbentuk,Sub-Route Track 13CT  Arah Timur Release,1,1,,,track,YK,168,9
3195,YK-13C-S-ES,Sub-Route Track 13CT  Arah Timur Terbentuk,Sub-Route Track 13CT  Arah Timur Release,1,1,,,track,YK,168,10
3196,YK-13D-TPR-DI,Track 13DT Terduduki,Track 13DT Kosong,1,1,,,track,YK,168,11
3197,YK-13D-E-WS,Sub-Route Track 13DT  Arah Barat Terbentuk,Sub-Route Track 13DT  Arah Barat Release,1,1,,,track,YK,168,12
3198,YK-13D-S-WS,Sub-Route Track 13DT  Arah Barat Terbentuk,Sub-Route Track 13DT  Arah Barat Release,1,1,,,track,YK,168,13
3199,YK-13D-E-ES,Sub-Route Track 13DT  Arah Timur Terbentuk,Sub-Route Track 13DT  Arah Timur Release,1,1,,,track,YK,168,14
3200,YK-13D-S-ES,Sub-Route Track 13DT  Arah Timur Terbentuk,Sub-Route Track 13DT  Arah Timur Release,1,1,,,track,YK,168,15
3201,YK-13E-TPR-DI,Track 13ET Terduduki,Track 13ET Kosong,1,1,,,track,YK,169,0
3202,YK-13E-E-WS,Sub-Route Track 13ET  Arah Barat Terbentuk,Sub-Route Track 13ET  Arah Barat Release,1,1,,,track,YK,169,1
3203,YK-13E-S-WS,Sub-Route Track 13ET  Arah Barat Terbentuk,Sub-Route Track 13ET  Arah Barat Release,1,1,,,track,YK,169,2
3204,YK-13E-E-ES,Sub-Route Track 13ET  Arah Timur Terbentuk,Sub-Route Track 13ET  Arah Timur Release,1,1,,,track,YK,169,3
3205,YK-13E-S-ES,Sub-Route Track 13ET  Arah Timur Terbentuk,Sub-Route Track 13ET  Arah Timur Release,1,1,,,track,YK,169,4
3206,YK-14A-TPR-DI,Track 14AT Terduduki,Track 14AT Kosong,1,1,,,track,YK,169,5
3207,YK-14A-E-WS,Sub-Route Track 14AT  Arah Barat Terbentuk,Sub-Route Track 14AT  Arah Barat Release,1,1,,,track,YK,169,6
3208,YK-14A-E-ES,Sub-Route Track 14AT  Arah Timur Terbentuk,Sub-Route Track 14AT  Arah Timur Release,1,1,,,track,YK,169,7
3209,YK-14B-TPR-DI,Track 14BT Terduduki,Track 14BT Kosong,1,1,,,track,YK,169,8
3210,,,,,,,,,YK,169,9
3211,YK-14B-E-ES,Sub-Route Track 14BT  Arah Timur Terbentuk,Sub-Route Track 14BT  Arah Timur Release,1,1,,,track,YK,169,10
3212,,,,,,,,,YK,169,11
3213,,,,,,,,,YK,169,12
3214,YK-20A-TPR-DI,Track 20AT Terduduki,Track 20AT Kosong,1,1,,,track,YK,169,13
3215,YK-20A-E-WS,Sub-Route Track 20AT  Arah Barat Terbentuk,Sub-Route Track 20AT  Arah Barat Release,1,1,,,track,YK,169,14
3216,YK-20B-TPR-DI,Track 20BT Terduduki,Track 20BT Kosong,1,1,,,track,YK,169,15
3217,YK-20B-E-WS,Sub-Route Track 20BT  Arah Barat Terbentuk,Sub-Route Track 20BT  Arah Barat Release,1,1,,,track,YK,170,0
3218,YK-20C-TPR-DI,Track 20CT Terduduki,Track 20CT Kosong,1,1,,,track,YK,170,1
3219,YK-20C-E-WS,Sub-Route Track 20CT  Arah Barat Terbentuk,Sub-Route Track 20CT  Arah Barat Release,1,1,,,track,YK,170,2
3220,YK-20D-TPR-DI,Track 20DT Terduduki,Track 20DT Kosong,1,1,,,track,YK,170,3
3221,YK-20D-E-WS,Sub-Route Track 20DT  Arah Barat Terbentuk,Sub-Route Track 20DT  Arah Barat Release,1,1,,,track,YK,170,4
3222,YK-20E-TPR-DI,Track 20ET Terduduki,Track 20ET Kosong,1,1,,,track,YK,170,5
3223,YK-20E-E-WS,Sub-Route Track 20ET  Arah Barat Terbentuk,Sub-Route Track 20ET  Arah Barat Release,1,1,,,track,YK,170,6
3224,YK-20E-E-ES,Sub-Route Track 20ET  Arah Timur Terbentuk,Sub-Route Track 20ET  Arah Timur Release,1,1,,,track,YK,170,7
3225,YK-20F-TPR-DI,Track 20FT Terduduki,Track 20FT Kosong,1,1,,,track,YK,170,8
3226,YK-20F-E-WS,Sub-Route Track 20FT  Arah Barat Terbentuk,Sub-Route Track 20FT  Arah Barat Release,1,1,,,track,YK,170,9
3227,YK-20F-E-ES,Sub-Route Track 20FT  Arah Timur Terbentuk,Sub-Route Track 20FT  Arah Timur Release,1,1,,,track,YK,170,10
3228,YK-21A-TPR-DI,Track 21AT Terduduki,Track 21AT Kosong,1,1,,,track,YK,170,11
3229,YK-21A-E-WS,Sub-Route Track 21AT  Arah Barat Terbentuk,Sub-Route Track 21AT  Arah Barat Release,1,1,,,track,YK,170,12
3230,YK-21A-S-WS,Sub-Route Track 21AT  Arah Barat Terbentuk,Sub-Route Track 21AT  Arah Barat Release,1,1,,,track,YK,170,13
3231,YK-21A-E-ES,Sub-Route Track 21AT  Arah Timur Terbentuk,Sub-Route Track 21AT  Arah Timur Release,1,1,,,track,YK,170,14
3232,YK-21A-S-ES,Sub-Route Track 21AT  Arah Timur Terbentuk,Sub-Route Track 21AT  Arah Timur Release,1,1,,,track,YK,170,15
3233,YK-21B-TPR-DI,Track 21BT Terduduki,Track 21BT Kosong,1,1,,,track,YK,171,0
3234,YK-21B-E-WS,Sub-Route Track 21BT  Arah Barat Terbentuk,Sub-Route Track 21BT  Arah Barat Release,1,1,,,track,YK,171,1
3235,YK-21B-E-ES,Sub-Route Track 21BT  Arah Timur Terbentuk,Sub-Route Track 21BT  Arah Timur Release,1,1,,,track,YK,171,2
3236,YK-21C-TPR-DI,Track 21CT Terduduki,Track 21CT Kosong,1,1,,,track,YK,171,3
3237,YK-21C-E-WS,Sub-Route Track 21CT  Arah Barat Terbentuk,Sub-Route Track 21CT  Arah Barat Release,1,1,,,track,YK,171,4
3238,YK-21C-S-WS,Sub-Route Track 21CT  Arah Barat Terbentuk,Sub-Route Track 21CT  Arah Barat Release,1,1,,,track,YK,171,5
3239,YK-21C-E-ES,Sub-Route Track 21CT  Arah Timur Terbentuk,Sub-Route Track 21CT  Arah Timur Release,1,1,,,track,YK,171,6
3240,YK-21C-S-ES,Sub-Route Track 21CT  Arah Timur Terbentuk,Sub-Route Track 21CT  Arah Timur Release,1,1,,,track,YK,171,7
3241,YK-22-TPR-DI,Track 22T Terduduki,Track 22T Kosong,1,1,,,track,YK,171,8
3242,YK-22-T-WLAS,Luncuran Emplasement 22T  Arah Barat Terbentuk,Luncuran Emplasement 22T  Arah Barat Release,1,1,,,track,YK,171,9
3243,YK-22-T-ELAS,Luncuran Emplasement 22T  Arah Timur Terbentuk,Luncuran Emplasement 22T  Arah Timur Release,1,1,,,track,YK,171,10
3244,YK-23-TPR-DI,Track 23T Terduduki,Track 23T Kosong,1,1,,,track,YK,171,11
3245,YK-23-E-WS,Sub-Route Track 23T  Arah Barat Terbentuk,Sub-Route Track 23T  Arah Barat Release,1,1,,,track,YK,171,12
3246,YK-23-S-WS,Sub-Route Track 23T  Arah Barat Terbentuk,Sub-Route Track 23T  Arah Barat Release,1,1,,,track,YK,171,13
3247,YK-23-E-ES,Sub-Route Track 23T  Arah Timur Terbentuk,Sub-Route Track 23T  Arah Timur Release,1,1,,,track,YK,171,14
3248,YK-23-S-ES,Sub-Route Track 23T  Arah Timur Terbentuk,Sub-Route Track 23T  Arah Timur Release,1,1,,,track,YK,171,15
3249,YK-24-TPR-DI,Track 24T Terduduki,Track 24T Kosong,1,1,,,track,YK,172,0
3250,YK-31-TPR-DI,Track 31T Terduduki,Track 31T Kosong,1,1,,,track,YK,172,1
3251,YK-31-S-WS,Sub-Route Track 31T  Arah Barat Terbentuk,Sub-Route Track 31T  Arah Barat Release,1,1,,,track,YK,172,2
3252,YK-31-S-ES,Sub-Route Track 31T  Arah Timur Terbentuk,Sub-Route Track 31T  Arah Timur Release,1,1,,,track,YK,172,3
3253,YK-41A-TPR-DI,Track 41AT Terduduki,Track 41AT Kosong,1,1,,,track,YK,172,4
3254,YK-41A-E-WS,Sub-Route Track 41AT  Arah Barat Terbentuk,Sub-Route Track 41AT  Arah Barat Release,1,1,,,track,YK,172,5
3255,YK-41A-S-WS,Sub-Route Track 41AT  Arah Barat Terbentuk,Sub-Route Track 41AT  Arah Barat Release,1,1,,,track,YK,172,6
3256,YK-41A-E-ES,Sub-Route Track 41AT  Arah Timur Terbentuk,Sub-Route Track 41AT  Arah Timur Release,1,1,,,track,YK,172,7
3257,YK-41A-S-ES,Sub-Route Track 41AT  Arah Timur Terbentuk,Sub-Route Track 41AT  Arah Timur Release,1,1,,,track,YK,172,8
3258,YK-41B-TPR-DI,Track 41BT Terduduki,Track 41BT Kosong,1,1,,,track,YK,172,9
3259,YK-41B-E-WS,Sub-Route Track 41BT  Arah Barat Terbentuk,Sub-Route Track 41BT  Arah Barat Release,1,1,,,track,YK,172,10
3260,YK-41B-S-WS,Sub-Route Track 41BT  Arah Barat Terbentuk,Sub-Route Track 41BT  Arah Barat Release,1,1,,,track,YK,172,11
3261,YK-41B-E-ES,Sub-Route Track 41BT  Arah Timur Terbentuk,Sub-Route Track 41BT  Arah Timur Release,1,1,,,track,YK,172,12
3262,YK-41B-S-ES,Sub-Route Track 41BT  Arah Timur Terbentuk,Sub-Route Track 41BT  Arah Timur Release,1,1,,,track,YK,172,13
3263,YK-42-TPR-DI,Track 42T Terduduki,Track 42T Kosong,1,1,,,track,YK,172,14
3264,YK-42-T-WLAS,Luncuran Emplasement 42T  Arah Barat Terbentuk,Luncuran Emplasement 42T  Arah Barat Release,1,1,,,track,YK,172,15
3265,YK-42-T-ELAS,Luncuran Emplasement 42T  Arah Timur Terbentuk,Luncuran Emplasement 42T  Arah Timur Release,1,1,,,track,YK,173,0
3266,YK-43-TPR-DI,Track 43T Terduduki,Track 43T Kosong,1,1,,,track,YK,173,1
3267,YK-43-E-WS,Sub-Route Track 43T  Arah Barat Terbentuk,Sub-Route Track 43T  Arah Barat Release,1,1,,,track,YK,173,2
3268,YK-43-S-WS,Sub-Route Track 43T  Arah Barat Terbentuk,Sub-Route Track 43T  Arah Barat Release,1,1,,,track,YK,173,3
3269,YK-43-E-ES,Sub-Route Track 43T  Arah Timur Terbentuk,Sub-Route Track 43T  Arah Timur Release,1,1,,,track,YK,173,4
3270,YK-43-S-ES,Sub-Route Track 43T  Arah Timur Terbentuk,Sub-Route Track 43T  Arah Timur Release,1,1,,,track,YK,173,5
3271,YK-44-TPR-DI,Track 44T Terduduki,Track 44T Kosong,1,1,,,track,YK,173,6
3272,YK-51A-TPR-DI,Track 51AT Terduduki,Track 51AT Kosong,1,1,,,track,YK,173,7
3273,YK-51A-E-WS,Sub-Route Track 51AT  Arah Barat Terbentuk,Sub-Route Track 51AT  Arah Barat Release,1,1,,,track,YK,173,8
3274,YK-51A-E-ES,Sub-Route Track 51AT  Arah Timur Terbentuk,Sub-Route Track 51AT  Arah Timur Release,1,1,,,track,YK,173,9
3275,YK-51B-TPR-DI,Track 51BT Terduduki,Track 51BT Kosong,1,1,,,track,YK,173,10
3276,YK-51B-E-WS,Sub-Route Track 51BT  Arah Barat Terbentuk,Sub-Route Track 51BT  Arah Barat Release,1,1,,,track,YK,173,11
3277,YK-51B-S-WS,Sub-Route Track 51BT  Arah Barat Terbentuk,Sub-Route Track 51BT  Arah Barat Release,1,1,,,track,YK,173,12
3278,YK-51B-E-ES,Sub-Route Track 51BT  Arah Timur Terbentuk,Sub-Route Track 51BT  Arah Timur Release,1,1,,,track,YK,173,13
3279,YK-51B-S-ES,Sub-Route Track 51BT  Arah Timur Terbentuk,Sub-Route Track 51BT  Arah Timur Release,1,1,,,track,YK,173,14
3280,YK-52-TPR-DI,Track 52T Terduduki,Track 52T Kosong,1,1,,,track,YK,173,15
3281,YK-52-T-WLAS,Luncuran Emplasement 52T  Arah Barat Terbentuk,Luncuran Emplasement 52T  Arah Barat Release,1,1,,,track,YK,174,0
3282,YK-52-T-ELAS,Luncuran Emplasement 52T  Arah Timur Terbentuk,Luncuran Emplasement 52T  Arah Timur Release,1,1,,,track,YK,174,1
3283,YK-53A-TPR-DI,Track 53AT Terduduki,Track 53AT Kosong,1,1,,,track,YK,174,2
3284,YK-53A-E-WS,Sub-Route Track 53AT  Arah Barat Terbentuk,Sub-Route Track 53AT  Arah Barat Release,1,1,,,track,YK,174,3
3285,YK-53A-S-WS,Sub-Route Track 53AT  Arah Barat Terbentuk,Sub-Route Track 53AT  Arah Barat Release,1,1,,,track,YK,174,4
3286,YK-53A-E-ES,Sub-Route Track 53AT  Arah Timur Terbentuk,Sub-Route Track 53AT  Arah Timur Release,1,1,,,track,YK,174,5
3287,YK-53A-S-ES,Sub-Route Track 53AT  Arah Timur Terbentuk,Sub-Route Track 53AT  Arah Timur Release,1,1,,,track,YK,174,6
3288,YK-53B-TPR-DI,Track 53BT Terduduki,Track 53BT Kosong,1,1,,,track,YK,174,7
3289,YK-53B-E-WS,Sub-Route Track 53BT  Arah Barat Terbentuk,Sub-Route Track 53BT  Arah Barat Release,1,1,,,track,YK,174,8
3290,YK-53B-E-ES,Sub-Route Track 53BT  Arah Timur Terbentuk,Sub-Route Track 53BT  Arah Timur Release,1,1,,,track,YK,174,9
3291,YK-53C-TPR-DI,Track 53CT Terduduki,Track 53CT Kosong,1,1,,,track,YK,174,10
3292,YK-53C-E-WS,Sub-Route Track 53CT  Arah Barat Terbentuk,Sub-Route Track 53CT  Arah Barat Release,1,1,,,track,YK,174,11
3293,YK-53C-S-WS,Sub-Route Track 53CT  Arah Barat Terbentuk,Sub-Route Track 53CT  Arah Barat Release,1,1,,,track,YK,174,12
3294,YK-53C-E-ES,Sub-Route Track 53CT  Arah Timur Terbentuk,Sub-Route Track 53CT  Arah Timur Release,1,1,,,track,YK,174,13
3295,YK-53C-S-ES,Sub-Route Track 53CT  Arah Timur Terbentuk,Sub-Route Track 53CT  Arah Timur Release,1,1,,,track,YK,174,14
3296,YK-53D-TPR-DI,Track 53DT Terduduki,Track 53DT Kosong,1,1,,,track,YK,174,15
3297,YK-53D-E-WS,Sub-Route Track 53DT  Arah Barat Terbentuk,Sub-Route Track 53DT  Arah Barat Release,1,1,,,track,YK,175,0
3298,YK-53D-S-WS,Sub-Route Track 53DT  Arah Barat Terbentuk,Sub-Route Track 53DT  Arah Barat Release,1,1,,,track,YK,175,1
3299,YK-53D-E-ES,Sub-Route Track 53DT  Arah Timur Terbentuk,Sub-Route Track 53DT  Arah Timur Release,1,1,,,track,YK,175,2
3300,YK-53D-S-ES,Sub-Route Track 53DT  Arah Timur Terbentuk,Sub-Route Track 53DT  Arah Timur Release,1,1,,,track,YK,175,3
3301,YK-54A-TPR-DI,Track 54AT Terduduki,Track 54AT Kosong,1,1,,,track,YK,175,4
3302,YK-54A-E-WS,Sub-Route Track 54AT  Arah Barat Terbentuk,Sub-Route Track 54AT  Arah Barat Release,1,1,,,track,YK,175,5
3303,YK-54A-E-ES,Sub-Route Track 54AT  Arah Timur Terbentuk,Sub-Route Track 54AT  Arah Timur Release,1,1,,,track,YK,175,6
3304,YK-54B-TPR-DI,Track 54BT Terduduki,Track 54BT Kosong,1,1,,,track,YK,175,7
3305,,,,,,,,,YK,175,8
3306,YK-54B-E-ES,Sub-Route Track 54BT  Arah Timur Terbentuk,Sub-Route Track 54BT  Arah Timur Release,1,1,,,track,YK,175,9
3307,,,,,,,,,YK,175,10
3308,,,,,,,,,YK,175,11
3309,YK-61-TPR-DI,Track 61T Terduduki,Track 61T Kosong,1,1,,,track,YK,175,12
3310,YK-61-E-WS,Sub-Route Track 61T  Arah Barat Terbentuk,Sub-Route Track 61T  Arah Barat Release,1,1,,,track,YK,175,13
3311,YK-61-S-WS,Sub-Route Track 61T  Arah Barat Terbentuk,Sub-Route Track 61T  Arah Barat Release,1,1,,,track,YK,175,14
3312,YK-61-E-ES,Sub-Route Track 61T  Arah Timur Terbentuk,Sub-Route Track 61T  Arah Timur Release,1,1,,,track,YK,175,15
3313,YK-61-S-ES,Sub-Route Track 61T  Arah Timur Terbentuk,Sub-Route Track 61T  Arah Timur Release,1,1,,,track,YK,176,0
3314,YK-62-TPR-DI,Track 62T Terduduki,Track 62T Kosong,1,1,,,track,YK,176,1
3315,YK-62-T-WLAS,Luncuran Emplasement 62T  Arah Barat Terbentuk,Luncuran Emplasement 62T  Arah Barat Release,1,1,,,track,YK,176,2
3316,YK-62-T-ELAS,Luncuran Emplasement 62T  Arah Timur Terbentuk,Luncuran Emplasement 62T  Arah Timur Release,1,1,,,track,YK,176,3
3317,YK-63-TPR-DI,Track 63T Terduduki,Track 63T Kosong,1,1,,,track,YK,176,4
3318,YK-63-E-WS,Sub-Route Track 63T  Arah Barat Terbentuk,Sub-Route Track 63T  Arah Barat Release,1,1,,,track,YK,176,5
3319,YK-63-S-WS,Sub-Route Track 63T  Arah Barat Terbentuk,Sub-Route Track 63T  Arah Barat Release,1,1,,,track,YK,176,6
3320,YK-63-E-ES,Sub-Route Track 63T  Arah Timur Terbentuk,Sub-Route Track 63T  Arah Timur Release,1,1,,,track,YK,176,7
3321,YK-63-S-ES,Sub-Route Track 63T  Arah Timur Terbentuk,Sub-Route Track 63T  Arah Timur Release,1,1,,,track,YK,176,8
3322,YK-72-TPR-DI,Track 72T Terduduki,Track 72T Kosong,1,1,,,track,YK,176,9
3323,YK-72-T-WLAS,Luncuran Emplasement 72T  Arah Barat Terbentuk,Luncuran Emplasement 72T  Arah Barat Release,1,1,,,track,YK,176,10
3324,YK-72-T-ELAS,Luncuran Emplasement 72T  Arah Timur Terbentuk,Luncuran Emplasement 72T  Arah Timur Release,1,1,,,track,YK,176,11
3325,YK-81-TPR-DI,Track 81T Terduduki,Track 81T Kosong,1,1,,,track,YK,176,12
3326,YK-81-E-WS,Sub-Route Track 81T  Arah Barat Terbentuk,Sub-Route Track 81T  Arah Barat Release,1,1,,,track,YK,176,13
3327,YK-81-S-WS,Sub-Route Track 81T  Arah Barat Terbentuk,Sub-Route Track 81T  Arah Barat Release,1,1,,,track,YK,176,14
3328,YK-81-E-ES,Sub-Route Track 81T  Arah Timur Terbentuk,Sub-Route Track 81T  Arah Timur Release,1,1,,,track,YK,176,15
3329,YK-81-S-ES,Sub-Route Track 81T  Arah Timur Terbentuk,Sub-Route Track 81T  Arah Timur Release,1,1,,,track,YK,177,0
3330,YK-82-TPR-DI,Track 82T Terduduki,Track 82T Kosong,1,1,,,track,YK,177,1
3331,YK-82-T-WLAS,Luncuran Emplasement 82T  Arah Barat Terbentuk,Luncuran Emplasement 82T  Arah Barat Release,1,1,,,track,YK,177,2
3332,YK-82-T-ELAS,Luncuran Emplasement 82T  Arah Timur Terbentuk,Luncuran Emplasement 82T  Arah Timur Release,1,1,,,track,YK,177,3
3333,YK-83-TPR-DI,Track 83T Terduduki,Track 83T Kosong,1,1,,,track,YK,177,4
3334,YK-83-E-WS,Sub-Route Track 83T  Arah Barat Terbentuk,Sub-Route Track 83T  Arah Barat Release,1,1,,,track,YK,177,5
3335,YK-83-S-WS,Sub-Route Track 83T  Arah Barat Terbentuk,Sub-Route Track 83T  Arah Barat Release,1,1,,,track,YK,177,6
3336,YK-83-E-ES,Sub-Route Track 83T  Arah Timur Terbentuk,Sub-Route Track 83T  Arah Timur Release,1,1,,,track,YK,177,7
3337,YK-83-S-ES,Sub-Route Track 83T  Arah Timur Terbentuk,Sub-Route Track 83T  Arah Timur Release,1,1,,,track,YK,177,8
3338,YK-92-TPR-DI,Track 92T Terduduki,Track 92T Kosong,1,1,,,track,YK,177,9
3339,YK-92-T-WLAS,Luncuran Emplasement 92T  Arah Barat Terbentuk,Luncuran Emplasement 92T  Arah Barat Release,1,1,,,track,YK,177,10
3340,YK-92-T-ELAS,Luncuran Emplasement 92T  Arah Timur Terbentuk,Luncuran Emplasement 92T  Arah Timur Release,1,1,,,track,YK,177,11
3341,YK-101-TPR-DI,Track 101T Terduduki,Track 101T Kosong,1,1,,,track,YK,177,12
3342,YK-101-S-WS,Sub-Route Track 101T  Arah Barat Terbentuk,Sub-Route Track 101T  Arah Barat Release,1,1,,,track,YK,177,13
3343,YK-101-S-ES,Sub-Route Track 101T  Arah Timur Terbentuk,Sub-Route Track 101T  Arah Timur Release,1,1,,,track,YK,177,14
3344,YK-A10-RRLS,,Proses TPR Tujuan A10 Sedang Berlangsung,1,1,,,sinyal,YK,177,15
3345,YK-A10-RRLS-TE,,Proses TPR Tujuan A10 telah Selesai,1,1,,,sinyal,YK,178,0
3346,YK-A10-BLOK-FAIL,Blok Arah A10 Normal,Gangguan Blok Arah A10,1,1,1,0>1,blok,YK,178,1
3347,YK-J10-RRLS,Proses TPR Tujuan Sinyal J10 Tidak Sedang Berlangsung,Proses TPR Tujuan Sinyal J10 Sedang Berlangsung,1,1,,,sinyal,YK,178,2
3348,YK-J10-RRLS-TE,,Proses TPR Tujuan Sinyal J10 telah Selesai,1,1,,,sinyal,YK,178,3
3349,YK-A10-APP-TPR-DI,Menerima Info Track Blok Terduduki dari Arah A10,Menerima Info Track Blok Kosong dari Arah A10,1,1,,,blok,YK,178,4
3350,YK-A10-APP-TPR-DO,Mengirim Info Ada Kereta di Petak Jalan Arah A10,Mengirim Info tidak Ada Kereta di Petak Jalan Arah A10,1,1,,,blok,YK,178,5
3351,YK-A10-WTP,Track Blok A10 Terduduki,Track Blok A10 Kosong,1,1,,,,YK,178,6
3352,YK-A10-EFLZR-DI,Menerima Info Ada Kereta Masuk dari Arah A10,Menerima Info tidak Ada Kereta Masuk dari Arah A10,1,1,,,blok,YK,178,7
3353,YK-A10-WFLR-DO,Mengirim Info Ada Kereta Berangkat ke Arah A10,Mengirim Info tidak Ada Kereta Berangkat ke Arah A10,1,1,,,blok,YK,178,8
3354,YK-A10-ECR-DO,Mengirim Info Gangguan Lampu (ECR) Sinyal Masuk ke Arah A10,Mengirim Info Lampu (ECR) Sinyal Masuk Normal ke Arah A10,1,1,,,blok,YK,178,9
3355,YK-A20-RRLS,,Proses TPR Tujuan A20 Sedang Berlangsung,1,1,,,sinyal,YK,178,10
3356,YK-A20-RRLS-TE,,Proses TPR Tujuan A20 telah Selesai,1,1,,,sinyal,YK,178,11
3357,YK-A20-BLOK-FAIL,Blok Arah A20 Normal,Gangguan Blok Arah A20,1,1,1,0>1,blok,YK,178,12
3358,YK-J20-RRLS,Proses TPR Tujuan Sinyal J20 Tidak Sedang Berlangsung,Proses TPR Tujuan Sinyal J20 Sedang Berlangsung,1,1,,,sinyal,YK,178,13
3359,YK-J20-RRLS-TE,,Proses TPR Tujuan Sinyal J20 telah Selesai,1,1,,,sinyal,YK,178,14
3360,YK-A20-APP-TPR-DI,Menerima Info Track Blok Terduduki dari Arah A20,Menerima Info Track Blok Kosong dari Arah A20,1,1,,,blok,YK,178,15
3361,YK-A20-APP-TPR-DO,Mengirim Info Ada Kereta di Petak Jalan Arah A20,Mengirim Info tidak Ada Kereta di Petak Jalan Arah A20,1,1,,,blok,YK,179,0
3362,YK-A20-WTP,Track Blok A20 Terduduki,Track Blok A20 Kosong,1,1,,,,YK,179,1
3363,YK-A20-EFLZR-DI,Menerima Info Ada Kereta Masuk dari Arah A20,Menerima Info tidak Ada Kereta Masuk dari Arah A20,1,1,,,blok,YK,179,2
3364,YK-A20-WFLR-DO,Mengirim Info Ada Kereta Berangkat ke Arah A20,Mengirim Info tidak Ada Kereta Berangkat ke Arah A20,1,1,,,blok,YK,179,3
3365,YK-A20-ECR-DI,Menerima Info Gangguan Lampu (ECR) Sinyal Masuk dari Arah A20,Menerima Info Lampu (ECR) Sinyal Masuk Normal dari Arah A20,1,1,,,blok,YK,179,4
3366,YK-A14-RRLS,,Proses TPR Tujuan A14 Sedang Berlangsung,1,1,,,sinyal,YK,179,5
3367,YK-A14-RRLS-TE,,Proses TPR Tujuan A14 telah Selesai,1,1,,,sinyal,YK,179,6
3368,YK-A14-BLOK-FAIL,Blok Arah A14 Normal,Gangguan Blok Arah A14,1,1,1,0>1,blok,YK,179,7
3369,YK-J14-RRLS,Proses TPR Tujuan Sinyal J14 Tidak Sedang Berlangsung,Proses TPR Tujuan Sinyal J14 Sedang Berlangsung,1,1,,,sinyal,YK,179,8
3370,YK-J14-RRLS-TE,,Proses TPR Tujuan Sinyal J14 telah Selesai,1,1,,,sinyal,YK,179,9
3371,YK-A14-HR-DI,Sinyal Masuk Stasiun Tujuan dari Arah A14 Menyala Tidak Aman,Sinyal Masuk Stasiun Tujuan dari Arah A14 Menyala Aman,1,1,,,blok,YK,179,10
3372,YK-A14-APP-TPR-DI,Menerima Info Track Blok Terduduki dari Arah A14,Menerima Info Track Blok Kosong dari Arah A14,1,1,,,blok,YK,179,11
3373,YK-A14-APP-TPR-DO,Mengirim Info Ada Kereta di Petak Jalan Arah A14,Mengirim Info tidak Ada Kereta di Petak Jalan Arah A14,1,1,,,blok,YK,179,12
3374,YK-A14-ETP,Track Blok A14 Terduduki,Track Blok A14 Kosong,1,1,,,,YK,179,13
3375,YK-A14-WFLZR-DI,Menerima Info Ada Kereta Masuk dari Arah A14,Menerima Info tidak Ada Kereta Masuk dari Arah A14,1,1,,,blok,YK,179,14
3376,YK-A14-EFLR-DO,Mengirim Info Ada Kereta Berangkat ke Arah A14,Mengirim Info tidak Ada Kereta Berangkat ke Arah A14,1,1,,,blok,YK,179,15
3377,YK-A14-ECR-DI,Menerima Info Gangguan Lampu (ECR) Sinyal Masuk dari Arah A14,Menerima Info Lampu (ECR) Sinyal Masuk Normal dari Arah A14,1,1,,,blok,YK,180,0
3378,YK-A14-ECR-DO,Mengirim Info Gangguan Lampu (ECR) Sinyal Masuk ke Arah A14,Mengirim Info Lampu (ECR) Sinyal Masuk Normal ke Arah A14,1,1,,,blok,YK,180,1
3379,YK-A54-RRLS,,Proses TPR Tujuan A54 Sedang Berlangsung,1,1,,,sinyal,YK,180,2
3380,YK-A54-RRLS-TE,,Proses TPR Tujuan A54 telah Selesai,1,1,,,sinyal,YK,180,3
3381,YK-A54-BLOK-FAIL,Blok Arah A54 Normal,Gangguan Blok Arah A54,1,1,1,0>1,blok,YK,180,4
3382,YK-J54-RRLS,Proses TPR Tujuan Sinyal J54 Tidak Sedang Berlangsung,Proses TPR Tujuan Sinyal J54 Sedang Berlangsung,1,1,,,sinyal,YK,180,5
3383,YK-J54-RRLS-TE,,Proses TPR Tujuan Sinyal J54 telah Selesai,1,1,,,sinyal,YK,180,6
3384,YK-A54-HR-DI,Sinyal Masuk Stasiun Tujuan dari Arah A54 Menyala Tidak Aman,Sinyal Masuk Stasiun Tujuan dari Arah A54 Menyala Aman,1,1,,,blok,YK,180,7
3385,YK-A54-APP-TPR-DI,Menerima Info Track Blok Terduduki dari Arah A54,Menerima Info Track Blok Kosong dari Arah A54,1,1,,,blok,YK,180,8
3386,YK-A54-APP-TPR-DO,Mengirim Info Ada Kereta di Petak Jalan Arah A54,Mengirim Info tidak Ada Kereta di Petak Jalan Arah A54,1,1,,,blok,YK,180,9
3387,YK-A54-ETP,Track Blok A54 Terduduki,Track Blok A54 Kosong,1,1,,,,YK,180,10
3388,YK-A54-WFLZR-DI,Menerima Info Ada Kereta Masuk dari Arah A54,Menerima Info tidak Ada Kereta Masuk dari Arah A54,1,1,,,blok,YK,180,11
3389,YK-A54-EFLR-DO,Mengirim Info Ada Kereta Berangkat ke Arah A54,Mengirim Info tidak Ada Kereta Berangkat ke Arah A54,1,1,,,blok,YK,180,12
3390,YK-A54-ECR-DI,Menerima Info Gangguan Lampu (ECR) Sinyal Masuk dari Arah A54,Menerima Info Lampu (ECR) Sinyal Masuk Normal dari Arah A54,1,1,,,blok,YK,180,13
3391,YK-A54-ECR-DO,Mengirim Info Gangguan Lampu (ECR) Sinyal Masuk ke Arah A54,Mengirim Info Lampu (ECR) Sinyal Masuk Normal ke Arah A54,1,1,,,blok,YK,180,14
3392,YK-JPL736-ACK-DI,Tombol ACK JPL736 di Lapangan dilepas,Tombol ACK JPL736 di Lapangan ditekan,1,1,,,perintah,YK,180,15
3393,YK-JPL736-BUZZ-DO,Perintah ke Lapangan untuk Membunyikan Buzzer JPL736 tidak Aktif,Perintah ke Lapangan untuk Membunyikan Buzzer JPL736 Aktif,1,1,,,lain-lain,YK,181,0
3394,YK-JPL737-ACK-DI,Tombol ACK JPL737 di Lapangan dilepas,Tombol ACK JPL737 di Lapangan ditekan,1,1,,,perintah,YK,181,1
3395,YK-JPL737-BUZZ-DO,Perintah ke Lapangan untuk Membunyikan Buzzer JPL737 tidak Aktif,Perintah ke Lapangan untuk Membunyikan Buzzer JPL737 Aktif,1,1,,,lain-lain,YK,181,2
3396,YK-JPL739-ACK-DI,Tombol ACK JPL739 di Lapangan dilepas,Tombol ACK JPL739 di Lapangan ditekan,1,1,,,perintah,YK,181,3
3397,YK-JPL739-BUZZ-DO,Perintah ke Lapangan untuk Membunyikan Buzzer JPL739 tidak Aktif,Perintah ke Lapangan untuk Membunyikan Buzzer JPL739 Aktif,1,1,,,lain-lain,YK,181,4
3398,YK-JPL3B-ACK-DI,Tombol ACK JPL3B di Lapangan dilepas,Tombol ACK JPL3B di Lapangan ditekan,1,1,,,perintah,YK,181,5
3399,YK-JPL3B-BUZZ-DO,Perintah ke Lapangan untuk Membunyikan Buzzer JPL3B tidak Aktif,Perintah ke Lapangan untuk Membunyikan Buzzer JPL3B Aktif,1,1,,,lain-lain,YK,181,6
3400,YK-JPL3A-ACK-DI,Tombol ACK JPL3A di Lapangan dilepas,Tombol ACK JPL3A di Lapangan ditekan,1,1,,,perintah,YK,181,7
3401,YK-JPL3A-BUZZ-DO,Perintah ke Lapangan untuk Membunyikan Buzzer JPL3A tidak Aktif,Perintah ke Lapangan untuk Membunyikan Buzzer JPL3A Aktif,1,1,,,lain-lain,YK,181,8
3402,YK-V-OK,System VITAL mengalami Gangguan,System VITAL Normal,1,1,,,lain-lain,YK,181,9
3403,YK-V-ACTIVE-ERR,System VITAL tidak terdapat ERROR,System VITAL terdapat ERROR,1,1,,,lain-lain,YK,181,10
3404,YK-V-ACTIVE-WARN,System VITAL tidak terdapat WARNING,System VITAL terdapat WARNING,1,1,,,lain-lain,YK,181,11
3405,YK-V-FORCING-PREPARED,System VITAL tidak sedang dipersiapkan untuk Forcing,System VITAL sedang dipersiapkan untuk Forcing,1,1,,,lain-lain,YK,181,12
3406,YK-V-FORCING-ACTIVE,System VITAL tidak terdapat variable terforcing,System VITAL terdapat variable terforcing,1,1,,,lain-lain,YK,181,13
3407,YK-V-POW-OK,System VITAL Suplai Daya Gangguan,System VITAL Suplai Daya Normal,1,1,,,lain-lain,YK,181,14
3408,YK-V-TEMP-OK,System VITAL Temperatur Gangguan,System VITAL Temperatur Normal,1,1,,,lain-lain,YK,181,15
3409,YK-V-SB-L-OK,System VITAL Modul X-SB 01 Slot 1 Gangguan,System VITAL Modul X-SB 01 Slot 1 Normal,1,1,,,lain-lain,YK,182,0
3410,YK-V-SB-R-OK,System VITAL Modul X-SB 01 Slot 2 Gangguan,System VITAL Modul X-SB 01 Slot 2 Normal,1,1,,,lain-lain,YK,182,1
3411,YK-V-CPU-L-OK,System VITAL Modul X-CPU 01 Slot 3 Gangguan,System VITAL Modul X-CPU 01 Slot 3 Normal,1,1,,,lain-lain,YK,182,2
3412,YK-V-CPU-R-OK,System VITAL Modul X-CPU 01 Slot 4 Gangguan,System VITAL Modul X-CPU 01 Slot 4 Normal,1,1,,,lain-lain,YK,182,3
3413,YK-V-POW-CPU-L-OK,System VITAL Modul X-CPU 01 Slot 3 Gangguan Suplai Daya,System VITAL Suplai Daya Modul X-CPU 01 Slot 3 Normal,1,1,,,lain-lain,YK,182,4
3414,YK-V-POW-CPU-R-OK,System VITAL Modul X-CPU 01 Slot 4 Gangguan Suplai Daya,System VITAL Suplai Daya Modul X-CPU 01 Slot 4 Normal,1,1,,,lain-lain,YK,182,5
3415,YK-V-TEMP-CPU-L-OK,System VITAL Temperatur X-CPU 01 Slot 3 Melebihi Batas,System VITAL Temperatur X-CPU 01 Slot 3 Normal,1,1,,,lain-lain,YK,182,6
3416,YK-V-TEMP-CPU-R-OK,System VITAL Temperatur X-CPU 01 Slot 4 Melebihi Batas,System VITAL Temperatur X-CPU 01 Slot 4 Normal,1,1,,,lain-lain,YK,182,7
3417,YK-V-DI-OK,System VITAL Modul X-DI 32 01 Gangguan,System VITAL Modul X-DI 32 01 Normal,1,1,,,lain-lain,YK,182,8
3418,YK-V-POW-DI-OK,System VITAL Modul X-DI 32 01 Gangguan Suplai Daya,System VITAL Suplai Daya Modul X-DI 32 01 Normal,1,1,,,lain-lain,YK,182,9
3419,YK-V-TEMP-DI-OK,System VITAL Temperatur Modul X-DI 32 01 Melebihi Batas,System VITAL Temperatur Modul X-DI 32 01 Normal,1,1,,,lain-lain,YK,182,10
3420,YK-V-TEMP-DI-H,System VITAL Temperatur X-DI 32 01 Normal,System VITAL Temperatur X-DI 32 01 Melebihi Batas Pertama,1,1,,,lain-lain,YK,182,11
3421,YK-V-TEMP-DI-HH,System VITAL Temperatur X-DI 32 01 Normal,System VITAL Temperatur X-DI 32 01 Melebihi Batas Kedua,1,1,,,lain-lain,YK,182,12
3422,YK-V-DO-OK,System VITAL Modul X-DO 32 01 mengalami Gangguan,System VITAL Modul X-DO 32 01 Normal,1,1,,,lain-lain,YK,182,13
3423,YK-V-POW-DO-OK,System VITAL Modul X-DO 32 01 Gangguan Suplai Daya,System VITAL Suplai Daya Modul X-DO 32 01 Normal,1,1,,,lain-lain,YK,182,14
3424,YK-V-TEMP-DO-OK,System VITAL Temperatur Modul X-DO 32 01 Melebihi Batas,System VITAL Temperatur Modul X-DO 32 01 Normal,1,1,,,lain-lain,YK,182,15
3425,YK-V-POW-DO-H,System VITAL Suplai Daya Modul X-DO 32 01 Normal,System VITAL Suplai Daya Modul X-DO 32 01 Melebihi Batas,1,1,,,lain-lain,YK,183,0
3426,YK-V-POW-DO-L,System VITAL Suplai Daya X-DO 32 01 Normal,System VITAL Voltase Suplai Daya X-DO 32 01 Rendah,1,1,,,lain-lain,YK,183,1
3427,YK-V-TEMP-DO-H,System VITAL Temperatur X-DO 32 01 Normal,System VITAL Temperatur X-DO 32 01 Melebihi Batas Pertama,1,1,,,lain-lain,YK,183,2
3428,YK-V-TEMP-DO-HH,System VITAL Temperatur X-DO 32 01 Normal,System VITAL Temperatur X-DO 32 01 Melebihi Batas Kedua,1,1,,,lain-lain,YK,183,3
3429,YK-V-POW-RAIL1-DO-HH,System VITAL Modul X-DO 32 01 Power Rail1 Normal,System VITAL Modul X-DO 32 01 Power Rail1 Over Voltase,1,1,,,lain-lain,YK,183,4
3430,YK-V-POW-RAIL1-DO-LL,System VITAL Modul X-DO 32 01 Power Rail1 Normal,System VITAL Modul X-DO 32 01 Power Rail1 Under Voltase,1,1,,,lain-lain,YK,183,5
3431,YK-V-POW-RAIL2-DO-HH,System VITAL Modul X-DO 32 01 Power Rail2 Normal,System VITAL Modul X-DO 32 01 Power Rail2 Over Voltase,1,1,,,lain-lain,YK,183,6
3432,YK-V-POW-RAIL2-DO-LL,System VITAL Modul X-DO 32 01 Power Rail2 Normal,System VITAL Modul X-DO 32 01 Power Rail2 Under Voltase,1,1,,,lain-lain,YK,183,7
3433,YK-V-RELOAD,System VITAL selesai melakukan RELOAD,System VITAL mulai melakukan RELOAD,1,1,,,lain-lain,YK,183,8
3434,YK-V-REDUNDANT,System VITAL bekerja secara SINGLE,System VITAL bekerja secara REDUNDANT,1,1,,,lain-lain,YK,183,9
3435,YK-V-FAN-OK,System VITAL Kipas X-FAN 01 mengalami Gangguan,System VITAL Kipas X-FAN 01 Normal,1,1,,,lain-lain,YK,183,10
3436,,,,,,,,,YK,183,11
3437,,,,,,,,,YK,183,12
3438,,,,,,,,,YK,183,13
3439,,,,,,,,,YK,183,14
3440,,,,,,,,,YK,183,15
3441,,,,,,,,,YK,184,0
3442,,,,,,,,,YK,184,1
3443,,,,,,,,,YK,184,2
3444,,,,,,,,,YK,184,3
3445,,,,,,,,,YK,184,4
3446,,,,,,,,,YK,184,5
3447,,,,,,,,,YK,184,6
3448,,,,,,,,,YK,184,7
3449,,,,,,,,,YK,184,8
3450,,,,,,,,,YK,184,9
3451,,,,,,,,,YK,184,10
3452,,,,,,,,,YK,184,11
3453,,,,,,,,,YK,184,12
3454,,,,,,,,,YK,184,13
3455,,,,,,,,,YK,184,14
3456,,,,,,,,,YK,184,15
3457,,,,,,,,,YK,185,0
3458,,,,,,,,,YK,185,1
3459,,,,,,,,,YK,185,2
3460,,,,,,,,,YK,185,3
3461,,,,,,,,,YK,185,4
3462,,,,,,,,,YK,185,5
3463,,,,,,,,,YK,185,6
3464,,,,,,,,,YK,185,7
3465,,,,,,,,,YK,185,8
3466,,,,,,,,,YK,185,9
3467,,,,,,,,,YK,185,10
3468,,,,,,,,,YK,185,11
3469,,,,,,,,,YK,185,12
3470,,,,,,,,,YK,185,13
3471,,,,,,,,,YK,185,14
3472,,,,,,,,,YK,185,15
3473,,,,,,,,,YK,186,0
3474,,,,,,,,,YK,186,1
3475,,,,,,,,,YK,186,2
3476,,,,,,,,,YK,186,3
3477,,,,,,,,,YK,186,4
3478,,,,,,,,,YK,186,5
3479,,,,,,,,,YK,186,6
3480,,,,,,,,,YK,186,7
3481,,,,,,,,,YK,186,8
3482,,,,,,,,,YK,186,9
3483,,,,,,,,,YK,186,10
3484,,,,,,,,,YK,186,11
3485,,,,,,,,,YK,186,12
3486,,,,,,,,,YK,186,13
3487,,,,,,,,,YK,186,14
3488,,,,,,,,,YK,186,15
3489,,,,,,,,,YK,187,0
3490,,,,,,,,,YK,187,1
3491,,,,,,,,,YK,187,2
3492,,,,,,,,,YK,187,3
3493,,,,,,,,,YK,187,4
3494,,,,,,,,,YK,187,5
3495,,,,,,,,,YK,187,6
3496,YK-A14-SFLR-DO,Mengirim Info Ada Kereta Sedang langsir di sinyal masuk ke stasiun Arah A14,Mengirim Info tidak Ada Kereta Sedang langsir di sinyal masuk ke stasiun Arah A14,1,1,,,blok,YK,187,7
3497,YK-A54-SFLR-DO,Mengirim Info Ada Kereta Sedang langsir di sinyal masuk ke stasiun Arah A14,Mengirim Info tidak Ada Kereta Sedang langsir di sinyal masuk ke stasiun Arah A14,1,1,,,blok,YK,187,8
3498,YK-JPL736-OCCR-DO,Kereta sedang Melintas di JPL736,Kereta sudah Melewati JPL736,1,1,,,lain-lain,YK,187,9
3499,YK-JPL737-OCCR-DO,Kereta sedang Melintas di JPL737,Kereta sudah Melewati JPL737,1,1,,,lain-lain,YK,187,10
3500,YK-PTN-GBPKR-DI,Menerima Informasi Genta Berhenti Berbunyi dari Patukan,Menerima Informasi Genta Berbunyi dari Patukan,1,1,,,lain-lain,YK,187,11
3501,YK-PTN-GBPR-DO,Mengirim Permintaan Memberhentikan Genta ke Patukan,Mengirim Permintaan Membunyikan Genta ke Patukan,1,1,,,lain-lain,YK,187,12
3502,YK-JPLPTN-ALMR-DI,Menerima Status Peringatan JPL dari Patukan,Menerima Status Normal JPL dari Patukan,1,1,,,lain-lain,YK,187,13
3503,YK-JPLPTN-ALMR-DO,Mengirim Status Peringatan JPL ke Patukan,Mengirim Status Normal JPL ke Patukan,1,1,,,lain-lain,YK,187,14
3504,YK-64-TPR-DI,Track 64T Terduduki,Track 64T Kosong,1,1,,,track,YK,187,15
3505,YK-84-TPR-DI,Track 84T Terduduki,Track 84T Kosong,1,1,,,track,YK,188,0
3506,YK-102-TPR-DI,Track 102T Terduduki,Track 102T Kosong,1,1,,,track,YK,188,1
3507,YK-64-TE-DO,,,,,,,,YK,188,2
3508,YK-84-TE-DO,,,,,,,,YK,188,3
3509,YK-102-TE-DO,,,,,,,,YK,188,4
3510,YK-64-RE-DO,,,,,,,,YK,188,5
3511,YK-84-RE-DO,,,,,,,,YK,188,6
3512,YK-102-RE-DO,,,,,,,,YK,188,7
3513,YK-JL72A-A10-CF-CTRL,Kombinasi Tombol Rute Contra Flow dari JL72A ke A10 tidak Aktif,Kombinasi Tombol Rute Contra Flow dari JL72A ke A10 Aktif,1,1,,,perintah,YK,188,8
3514,YK-JL72A-A10-CF-RS,Route Stick dari JL72A ke A10 Bebas,Route Stick dari JL72A ke A10 Terbentuk,1,1,,,rute,YK,188,9
3515,YK-JL72A-A10-CF-E-REQ,Permintaan Rute Contraflow dari JL72A ke A10 tidak Aktif,Permintaan Rute Contraflow dari JL72A ke A10 Aktif,1,1,,,rute,YK,188,10
3516,YK-JL72A-A10-CF-E-RST-TE,,Rute Contraflow dari JL72A ke A10 Timeout,1,1,,,rute,YK,188,11
3517,YK-JL72A-A10-CF-E,,Rute Contraflow dari JL72A ke A10 Terbentuk,1,1,,,rute,YK,188,12
3518,YK-JL72A-CFGE-DO,,,,,,,,YK,188,13
3519,YK-JL72A-CFEK-DI,Intensitas Cahaya (EKR) Aspek Contra Flow Sinyal JL72A Berkurang,Intensitas Cahaya (EKR) Aspek Contra Flow Sinyal JL72A Normal,1,1,,,sinyal,YK,188,14
3520,YK-JL72A-CF-TE,EKR Aspek Contra Flow Sinyal JL72A Normal,Gangguan EKR Aspek Contra Flow Sinyal JL72A,1,1,1,0>1,sinyal,YK,188,15
3521,YK-JL72A-CFR-DO,Perintah  untuk Menyalakan Aspek Indikator Contraflow Sinyal JL72A tidak Aktif,Perintah  untuk Menyalakan Aspek Indikator Contraflow Sinyal JL72A Aktif,1,1,,,sinyal,YK,189,0
3522,YK-PTN-14C-TPR-DI,Track 14CT Stasiun Patukan Terduduki,Track 14CT Stasiun Patukan Kosong,1,1,,,track,YK,189,1
3523,YK-PTN-14D-TPR-DI,Track 14DT Stasiun Patukan Terduduki,Track 14CT Stasiun Patukan Kosong,1,1,,,track,YK,189,2
3524,YK-PTN-15-TPR-DI,Track 15T Stasiun Patukan Terduduki,Track 14CT Stasiun Patukan Kosong,1,1,,,track,YK,189,3
3525,YK-PTN-24D-TPR-DI,Track 24DT Stasiun Patukan Terduduki,Track 24DT Stasiun Patukan Kosong,1,1,,,track,YK,189,4
3526,YK-PTN-24E-TPR-DI,Track 24ET Stasiun Patukan Terduduki,Track 24ET Stasiun Patukan Kosong,1,1,,,track,YK,189,5
3527,YK-PTN-25-TPR-DI,Track 25T Stasiun Patukan Terduduki,Track 25T Stasiun Patukan Kosong,1,1,,,track,YK,189,6
3528,YK-JPLPTN-FAIL,,JPL ke Arah Patukan Dinormalkan,1,1,,,lain-lain,YK,189,7
3529,YK-JPLPTN-NORM,,JPL ke Arah Patukan Peringatan,1,1,,,lain-lain,YK,189,8
3530,YK-JPL734-OCCR-DO,Kereta sedang Melintas di JPL734,Kereta sudah Melewati JPL734,1,1,,,lain-lain,YK,189,9
3531,YK-SETEMPAT,,Pelayanan Setempat Telah Aktif,1,1,,,lain-lain,YK,189,10
3532,YK-SETEMPAT-F,,,,,,,,YK,189,11
3533,YK-TERPUSAT,,Pelayanan Terpusat Telah Aktif,1,1,,,lain-lain,YK,189,12
3534,YK-TERPUSAT-F,,,,,,,,YK,189,13
3535,YK-PTN-GPBSCR-DI,Menerima Status Genta Beroperasi dari Patukan,Menerima Status Genta Tidak Beroperasi dari Patukan,1,1,,,lain-lain,YK,189,14
3536,YK-PTN-GPBSCR-DO,Mengirim Status Genta Sedang Beroperasi ke Patukan,Mengirim Status Genta Sudah Tidak Beroperasi ke Patukan,1,1,,,lain-lain,YK,189,15
3537,YK-JPL737-UP1APPR-DO,Kereta Mendekat dari Arah Barat Jalur Normal JPL737,,1,1,,,lain-lain,YK,190,0
3538,YK-JPL737-UP2APPR-DO,Kereta Mendekat dari Arah Barat Jalur Contra Flow JPL737,,1,1,,,lain-lain,YK,190,1
3539,YK-JPL737-DN1APPR-DO,Kereta Mendekat dari Arah Timur Jalur Contra Flow JPL737,,1,1,,,lain-lain,YK,190,2
3540,YK-JPL737-DN2APPR-DO,Kereta Mendekat dari Arah Timur Jalur Normal JPL737,,1,1,,,lain-lain,YK,190,3
3541,YK-JPL736-UP1APPR-DO,Kereta Mendekat dari Arah Barat Jalur Normal JPL736,,1,1,,,lain-lain,YK,190,4
3542,YK-JPL736-UP2APPR-DO,Kereta Mendekat dari Arah Barat Jalur Contra Flow JPL736,,1,1,,,lain-lain,YK,190,5
3543,YK-JPL736-DN1APPR-DO,Kereta Mendekat dari Arah Timur Jalur Contra Flow JPL736,,1,1,,,lain-lain,YK,190,6
3544,YK-JPL736-DN2APPR-DO,Kereta Mendekat dari Arah Timur Jalur Normal JPL736,,1,1,,,lain-lain,YK,190,7
3545,,,,,,,,,YK,190,8
3546,,,,,,,,,YK,190,9
3547,,,,,,,,,YK,190,10
3548,YK-V-BCR/RIO1-OK,System VITAL Modul BCR/RIO1 Gangguan,System VITAL Modul BCR/RIO1 Normal,1,1,,,lain-lain,YK,190,11
3549,YK-V-BCR/RIO1-POW-OK,System VITAL Modul BCR/RIO1 Gangguan Suplai Daya,System VITAL Suplai Daya Modul BCR/RIO1 Normal,1,1,,,lain-lain,YK,190,12
3550,YK-V-BCR/RIO1-TEMP-OK,System VITAL Modul BCR/RIO1 Temperatur Melebihi Batas,System VITAL Temperatur Modul BCR/RIO1 Normal,1,1,,,lain-lain,YK,190,13
3551,YK-V-BCR/RIO1-COMM-OK,System VITAL Modul BCR/RIO1 Gangguan Komunikasi,System VITAL Komunikasi Modul BCR/RIO1 Normal,1,1,,,lain-lain,YK,190,14
3552,YK-V-BCR/RIO1-COMM-DO,,,,,,,lain-lain,YK,190,15
3553,YK-V-BCR/RIO2-WEST-OK,System VITAL Modul BCR/RIO2-WEST Gangguan,System VITAL Modul BCR/RIO2-WEST Normal,1,1,,,lain-lain,YK,191,0
3554,YK-V-BCR/RIO2-WEST-POW-OK,System VITAL Modul BCR/RIO2-WEST Gangguan Suplai Daya,System VITAL Suplai Daya Modul BCR/RIO2-WEST Normal,1,1,,,lain-lain,YK,191,1
3555,YK-V-BCR/RIO2-WEST-TEMP-OK,System VITAL Modul BCR/RIO2-WEST Temperatur Melebihi Batas,System VITAL Temperatur Modul BCR/RIO2-WEST Normal,1,1,,,lain-lain,YK,191,2
3556,YK-V-BCR/RIO2-WEST-COMM-OK,System VITAL Modul BCR/RIO2-WEST Gangguan Komunikasi,System VITAL Komunikasi Modul BCR/RIO2-WEST Normal,1,1,,,lain-lain,YK,191,3
3557,YK-V-BCR/RIO2-WEST-COMM-DO,,,,,,,lain-lain,YK,191,4
3558,YK-V-BCR/RIO3-WEST-OK,System VITAL Modul BCR/RIO3-WEST Gangguan,System VITAL Modul BCR/RIO3-WEST Normal,1,1,,,lain-lain,YK,191,5
3559,YK-V-BCR/RIO3-WEST-POW-OK,System VITAL Modul BCR/RIO3-WEST Gangguan Suplai Daya,System VITAL Suplai Daya Modul BCR/RIO3-WEST Normal,1,1,,,lain-lain,YK,191,6
3560,YK-V-BCR/RIO3-WEST-TEMP-OK,System VITAL Modul BCR/RIO3-WEST Temperatur Melebihi Batas,System VITAL Temperatur Modul BCR/RIO3-WEST Normal,1,1,,,lain-lain,YK,191,7
3561,YK-V-BCR/RIO3-WEST-COMM-OK,System VITAL Modul BCR/RIO3-WEST Gangguan Komunikasi,System VITAL Komunikasi Modul BCR/RIO3-WEST Normal,1,1,,,lain-lain,YK,191,8
3562,YK-V-BCR/RIO3-WEST-COMM-DO,,,,,,,lain-lain,YK,191,9
3563,YK-V-BCR/RIO4-WEST-OK,System VITAL Modul BCR/RIO4-WEST Gangguan,System VITAL Modul BCR/RIO4-WEST Normal,1,1,,,lain-lain,YK,191,10
3564,YK-V-BCR/RIO4-WEST-POW-OK,System VITAL Modul BCR/RIO4-WEST Gangguan Suplai Daya,System VITAL Suplai Daya Modul BCR/RIO4-WEST Normal,1,1,,,lain-lain,YK,191,11
3565,YK-V-BCR/RIO4-WEST-TEMP-OK,System VITAL Modul BCR/RIO4-WEST Temperatur Melebihi Batas,System VITAL Temperatur Modul BCR/RIO4-WEST Normal,1,1,,,lain-lain,YK,191,12
3566,YK-V-BCR/RIO4-WEST-COMM-OK,System VITAL Modul BCR/RIO4-WEST Gangguan Komunikasi,System VITAL Komunikasi Modul BCR/RIO4-WEST Normal,1,1,,,lain-lain,YK,191,13
3567,YK-V-BCR/RIO4-WEST-COMM-DO,,,,,,,lain-lain,YK,191,14
3568,YK-V-BCR/RIO5-EAST-OK,System VITAL Modul BCR/RIO5-EAST Gangguan,System VITAL Modul BCR/RIO5-EAST Normal,1,1,,,lain-lain,YK,191,15
3569,YK-V-BCR/RIO5-EAST-POW-OK,System VITAL Modul BCR/RIO5-EAST Gangguan Suplai Daya,System VITAL Suplai Daya Modul BCR/RIO5-EAST Normal,1,1,,,lain-lain,YK,192,0
3570,YK-V-BCR/RIO5-EAST-TEMP-OK,System VITAL Modul BCR/RIO5-EAST Temperatur Melebihi Batas,System VITAL Temperatur Modul BCR/RIO5-EAST Normal,1,1,,,lain-lain,YK,192,1
3571,YK-V-BCR/RIO5-EAST-COMM-OK,System VITAL Modul BCR/RIO5-EAST Gangguan Komunikasi,System VITAL Komunikasi Modul BCR/RIO5-EAST Normal,1,1,,,lain-lain,YK,192,2
3572,YK-V-BCR/RIO5-EAST-COMM-DO,,,,,,,lain-lain,YK,192,3
3573,YK-V-ACR1/RIO1-OK,System VITAL Modul ACR1/RIO1 Gangguan,System VITAL Modul ACR1/RIO1 Normal,1,1,,,lain-lain,YK,192,4
3574,YK-V-ACR1/RIO1-POW-OK,System VITAL Modul ACR1/RIO1 Gangguan Suplai Daya,System VITAL Suplai Daya Modul ACR1/RIO1 Normal,1,1,,,lain-lain,YK,192,5
3575,YK-V-ACR1/RIO1-TEMP-OK,System VITAL Modul ACR1/RIO1 Temperatur Melebihi Batas,System VITAL Temperatur Modul ACR1/RIO1 Normal,1,1,,,lain-lain,YK,192,6
3576,YK-V-ACR1/RIO1-COMM-OK,System VITAL Modul ACR1/RIO1 Gangguan Komunikasi,System VITAL Komunikasi Modul ACR1/RIO1 Normal,1,1,,,lain-lain,YK,192,7
3577,YK-V-ACR1/RIO1-COMM-DO,,,,,,,lain-lain,YK,192,8
3578,YK-V-ACR2/RIO1-OK,System VITAL Modul ACR2/RIO1 Gangguan,System VITAL Modul ACR2/RIO1 Normal,1,1,,,lain-lain,YK,192,9
3579,YK-V-ACR2/RIO1-POW-OK,System VITAL Modul ACR2/RIO1 Gangguan Suplai Daya,System VITAL Suplai Daya Modul ACR2/RIO1 Normal,1,1,,,lain-lain,YK,192,10
3580,YK-V-ACR2/RIO1-TEMP-OK,System VITAL Modul ACR2/RIO1 Temperatur Melebihi Batas,System VITAL Temperatur Modul ACR2/RIO1 Normal,1,1,,,lain-lain,YK,192,11
3581,YK-V-ACR2/RIO1-COMM-OK,System VITAL Modul ACR2/RIO1 Gangguan Komunikasi,System VITAL Komunikasi Modul ACR2/RIO1 Normal,1,1,,,lain-lain,YK,192,12
3582,YK-V-ACR2/RIO1-COMM-DO,,,,,,,lain-lain,YK,192,13
3583,YK-V-ACR3/RIO1-OK,System VITAL Modul ACR3/RIO1 Gangguan,System VITAL Modul ACR3/RIO1 Normal,1,1,,,lain-lain,YK,192,14
3584,YK-V-ACR3/RIO1-POW-OK,System VITAL Modul ACR3/RIO1 Gangguan Suplai Daya,System VITAL Suplai Daya Modul ACR3/RIO1 Normal,1,1,,,lain-lain,YK,192,15
3585,YK-V-ACR3/RIO1-TEMP-OK,System VITAL Modul ACR3/RIO1 Temperatur Melebihi Batas,System VITAL Temperatur Modul ACR3/RIO1 Normal,1,1,,,lain-lain,YK,193,0
3586,YK-V-ACR3/RIO1-COMM-OK,System VITAL Modul ACR3/RIO1 Gangguan Komunikasi,System VITAL Komunikasi Modul ACR3/RIO1 Normal,1,1,,,lain-lain,YK,193,1
3587,YK-V-ACR3/RIO1-COMM-DO,,,,,,,lain-lain,YK,193,2
3588,YK-V-ACR4/RIO1-OK,System VITAL Modul ACR4/RIO1 Gangguan,System VITAL Modul ACR4/RIO1 Normal,1,1,,,lain-lain,YK,193,3
3589,YK-V-ACR4/RIO1-POW-OK,System VITAL Modul ACR4/RIO1 Gangguan Suplai Daya,System VITAL Suplai Daya Modul ACR4/RIO1 Normal,1,1,,,lain-lain,YK,193,4
3590,YK-V-ACR4/RIO1-TEMP-OK,System VITAL Modul ACR4/RIO1 Temperatur Melebihi Batas,System VITAL Temperatur Modul ACR4/RIO1 Normal,1,1,,,lain-lain,YK,193,5
3591,YK-V-ACR4/RIO1-COMM-OK,System VITAL Modul ACR4/RIO1 Gangguan Komunikasi,System VITAL Komunikasi Modul ACR4/RIO1 Normal,1,1,,,lain-lain,YK,193,6
3592,YK-V-ACR4/RIO1-COMM-DO,,,,,,,lain-lain,YK,193,7
3593,YK-V-ACR5/RIO1-OK,System VITAL Modul ACR5/RIO1 Gangguan,System VITAL Modul ACR5/RIO1 Normal,1,1,,,lain-lain,YK,193,8
3594,YK-V-ACR5/RIO1-POW-OK,System VITAL Modul ACR5/RIO1 Gangguan Suplai Daya,System VITAL Suplai Daya Modul ACR5/RIO1 Normal,1,1,,,lain-lain,YK,193,9
3595,YK-V-ACR5/RIO1-TEMP-OK,System VITAL Modul ACR5/RIO1 Temperatur Melebihi Batas,System VITAL Temperatur Modul ACR5/RIO1 Normal,1,1,,,lain-lain,YK,193,10
3596,YK-V-ACR5/RIO1-COMM-OK,System VITAL Modul ACR5/RIO1 Gangguan Komunikasi,System VITAL Komunikasi Modul ACR5/RIO1 Normal,1,1,,,lain-lain,YK,193,11
3597,YK-V-ACR5/RIO1-COMM-DO,,,,,,,lain-lain,YK,193,12
3598,YK-V-ACR6/RIO1-OK,System VITAL Modul ACR6/RIO1 Gangguan,System VITAL Modul ACR6/RIO1 Normal,1,1,,,lain-lain,YK,193,13
3599,YK-V-ACR6/RIO1-POW-OK,System VITAL Modul ACR6/RIO1 Gangguan Suplai Daya,System VITAL Suplai Daya Modul ACR6/RIO1 Normal,1,1,,,lain-lain,YK,193,14
3600,YK-V-ACR6/RIO1-TEMP-OK,System VITAL Modul ACR6/RIO1 Temperatur Melebihi Batas,System VITAL Temperatur Modul ACR6/RIO1 Normal,1,1,,,lain-lain,YK,193,15
3601,YK-V-ACR6/RIO1-COMM-OK,System VITAL Modul ACR6/RIO1 Gangguan Komunikasi,System VITAL Komunikasi Modul ACR6/RIO1 Normal,1,1,,,lain-lain,YK,194,0
3602,YK-V-ACR6/RIO1-COMM-DO,,,,,,,lain-lain,YK,194,1
3603,YK-V-ACR7/RIO1-OK,System VITAL Modul ACR7/RIO1 Gangguan,System VITAL Modul ACR7/RIO1 Normal,1,1,,,lain-lain,YK,194,2
3604,YK-V-ACR7/RIO1-POW-OK,System VITAL Modul ACR7/RIO1 Gangguan Suplai Daya,System VITAL Suplai Daya Modul ACR7/RIO1 Normal,1,1,,,lain-lain,YK,194,3
3605,YK-V-ACR7/RIO1-TEMP-OK,System VITAL Modul ACR7/RIO1 Temperatur Melebihi Batas,System VITAL Temperatur Modul ACR7/RIO1 Normal,1,1,,,lain-lain,YK,194,4
3606,YK-V-ACR7/RIO1-COMM-OK,System VITAL Modul ACR7/RIO1 Gangguan Komunikasi,System VITAL Komunikasi Modul ACR7/RIO1 Normal,1,1,,,lain-lain,YK,194,5
3607,YK-V-ACR7/RIO1-COMM-DO,,,,,,,lain-lain,YK,194,6
3608,YK-V-MPR1/RIO1-OK,System VITAL Modul MPR1/RIO1 Gangguan,System VITAL Modul MPR1/RIO1 Normal,1,1,,,lain-lain,YK,194,7
3609,YK-V-MPR1/RIO1-POW-OK,System VITAL Modul MPR1/RIO1 Gangguan Suplai Daya,System VITAL Suplai Daya Modul MPR1/RIO1 Normal,1,1,,,lain-lain,YK,194,8
3610,YK-V-MPR1/RIO1-TEMP-OK,System VITAL Modul MPR1/RIO1 Temperatur Melebihi Batas,System VITAL Temperatur Modul MPR1/RIO1 Normal,1,1,,,lain-lain,YK,194,9
3611,YK-V-MPR1/RIO1-COMM-OK,System VITAL Modul MPR1/RIO1 Gangguan Komunikasi,System VITAL Komunikasi Modul MPR1/RIO1 Normal,1,1,,,lain-lain,YK,194,10
3612,YK-V-MPR1/RIO1-COMM-DO,,,,,,,lain-lain,YK,194,11
3613,YK-V-MPR1/RIO2-OK,System VITAL Modul MPR1/RIO2 Gangguan,System VITAL Modul MPR1/RIO2 Normal,1,1,,,lain-lain,YK,194,12
3614,YK-V-MPR1/RIO2-POW-OK,System VITAL Modul MPR1/RIO2 Gangguan Suplai Daya,System VITAL Suplai Daya Modul MPR1/RIO2 Normal,1,1,,,lain-lain,YK,194,13
3615,YK-V-MPR1/RIO2-TEMP-OK,System VITAL Modul MPR1/RIO2 Temperatur Melebihi Batas,System VITAL Temperatur Modul MPR1/RIO2 Normal,1,1,,,lain-lain,YK,194,14
3616,YK-V-MPR1/RIO2-COMM-OK,System VITAL Modul MPR1/RIO2 Gangguan Komunikasi,System VITAL Komunikasi Modul MPR1/RIO2 Normal,1,1,,,lain-lain,YK,194,15
3617,YK-V-MPR1/RIO2-COMM-DO,,,,,,,lain-lain,YK,195,0
3618,YK-V-MPR2/RIO1-OK,System VITAL Modul MPR2/RIO1 Gangguan,System VITAL Modul MPR2/RIO1 Normal,1,1,,,lain-lain,YK,195,1
3619,YK-V-MPR2/RIO1-POW-OK,System VITAL Modul MPR2/RIO1 Gangguan Suplai Daya,System VITAL Suplai Daya Modul MPR2/RIO1 Normal,1,1,,,lain-lain,YK,195,2
3620,YK-V-MPR2/RIO1-TEMP-OK,System VITAL Modul MPR2/RIO1 Temperatur Melebihi Batas,System VITAL Temperatur Modul MPR2/RIO1 Normal,1,1,,,lain-lain,YK,195,3
3621,YK-V-MPR2/RIO1-COMM-OK,System VITAL Modul MPR2/RIO1 Gangguan Komunikasi,System VITAL Komunikasi Modul MPR2/RIO1 Normal,1,1,,,lain-lain,YK,195,4
3622,YK-V-MPR2/RIO1-COMM-DO,,,,,,,lain-lain,YK,195,5
3623,YK-V-MPR2/RIO2-OK,System VITAL Modul MPR2/RIO2 Gangguan,System VITAL Modul MPR2/RIO2 Normal,1,1,,,lain-lain,YK,195,6
3624,YK-V-MPR2/RIO2-POW-OK,System VITAL Modul MPR2/RIO2 Gangguan Suplai Daya,System VITAL Suplai Daya Modul MPR2/RIO2 Normal,1,1,,,lain-lain,YK,195,7
3625,YK-V-MPR2/RIO2-TEMP-OK,System VITAL Modul MPR2/RIO2 Temperatur Melebihi Batas,System VITAL Temperatur Modul MPR2/RIO2 Normal,1,1,,,lain-lain,YK,195,8
3626,YK-V-MPR2/RIO2-COMM-OK,System VITAL Modul MPR2/RIO2 Gangguan Komunikasi,System VITAL Komunikasi Modul MPR2/RIO2 Normal,1,1,,,lain-lain,YK,195,9
3627,YK-V-MPR2/RIO2-COMM-DO,,,,,,,lain-lain,YK,195,10
3628,YK-V-MPR2/RIO3-OK,System VITAL Modul MPR2/RIO3 Gangguan,System VITAL Modul MPR2/RIO3 Normal,1,1,,,lain-lain,YK,195,11
3629,YK-V-MPR2/RIO3-POW-OK,System VITAL Modul MPR2/RIO3 Gangguan Suplai Daya,System VITAL Suplai Daya Modul MPR2/RIO3 Normal,1,1,,,lain-lain,YK,195,12
3630,YK-V-MPR2/RIO3-TEMP-OK,System VITAL Modul MPR2/RIO3 Temperatur Melebihi Batas,System VITAL Temperatur Modul MPR2/RIO3 Normal,1,1,,,lain-lain,YK,195,13
3631,YK-V-MPR2/RIO3-COMM-OK,System VITAL Modul MPR2/RIO3 Gangguan Komunikasi,System VITAL Komunikasi Modul MPR2/RIO3 Normal,1,1,,,lain-lain,YK,195,14
3632,YK-V-MPR2/RIO3-COMM-DO,,,,,,,lain-lain,YK,195,15
3633,YK-V-MPR3/RIO1-OK,System VITAL Modul MPR3/RIO1 Gangguan,System VITAL Modul MPR3/RIO1 Normal,1,1,,,lain-lain,YK,196,0
3634,YK-V-MPR3/RIO1-POW-OK,System VITAL Modul MPR3/RIO1 Gangguan Suplai Daya,System VITAL Suplai Daya Modul MPR3/RIO1 Normal,1,1,,,lain-lain,YK,196,1
3635,YK-V-MPR3/RIO1-TEMP-OK,System VITAL Modul MPR3/RIO1 Temperatur Melebihi Batas,System VITAL Temperatur Modul MPR3/RIO1 Normal,1,1,,,lain-lain,YK,196,2
3636,YK-V-MPR3/RIO1-COMM-OK,System VITAL Modul MPR3/RIO1 Gangguan Komunikasi,System VITAL Komunikasi Modul MPR3/RIO1 Normal,1,1,,,lain-lain,YK,196,3
3637,YK-V-MPR3/RIO1-COMM-DO,,,,,,,lain-lain,YK,196,4
3638,YK-V-MPR3/RIO2-OK,System VITAL Modul MPR3/RIO2 Gangguan,System VITAL Modul MPR3/RIO2 Normal,1,1,,,lain-lain,YK,196,5
3639,YK-V-MPR3/RIO2-POW-OK,System VITAL Modul MPR3/RIO2 Gangguan Suplai Daya,System VITAL Suplai Daya Modul MPR3/RIO2 Normal,1,1,,,lain-lain,YK,196,6
3640,YK-V-MPR3/RIO2-TEMP-OK,System VITAL Modul MPR3/RIO2 Temperatur Melebihi Batas,System VITAL Temperatur Modul MPR3/RIO2 Normal,1,1,,,lain-lain,YK,196,7
3641,YK-V-MPR3/RIO2-COMM-OK,System VITAL Modul MPR3/RIO2 Gangguan Komunikasi,System VITAL Komunikasi Modul MPR3/RIO2 Normal,1,1,,,lain-lain,YK,196,8
3642,YK-V-MPR3/RIO2-COMM-DO,,,,,,,lain-lain,YK,196,9
3643,YK-V-MPR3/RIO3-OK,System VITAL Modul MPR3/RIO3 Gangguan,System VITAL Modul MPR3/RIO3 Normal,1,1,,,lain-lain,YK,196,10
3644,YK-V-MPR3/RIO3-POW-OK,System VITAL Modul MPR3/RIO3 Gangguan Suplai Daya,System VITAL Suplai Daya Modul MPR3/RIO3 Normal,1,1,,,lain-lain,YK,196,11
3645,YK-V-MPR3/RIO3-TEMP-OK,System VITAL Modul MPR3/RIO3 Temperatur Melebihi Batas,System VITAL Temperatur Modul MPR3/RIO3 Normal,1,1,,,lain-lain,YK,196,12
3646,YK-V-MPR3/RIO3-COMM-OK,System VITAL Modul MPR3/RIO3 Gangguan Komunikasi,System VITAL Komunikasi Modul MPR3/RIO3 Normal,1,1,,,lain-lain,YK,196,13
3647,YK-V-MPR3/RIO3-COMM-DO,,,,,,,lain-lain,YK,196,14
3648,YK-V-MPR4/RIO1-OK,System VITAL Modul MPR4/RIO1 Gangguan,System VITAL Modul MPR4/RIO1 Normal,1,1,,,lain-lain,YK,196,15
3649,YK-V-MPR4/RIO1-POW-OK,System VITAL Modul MPR4/RIO1 Gangguan Suplai Daya,System VITAL Suplai Daya Modul MPR4/RIO1 Normal,1,1,,,lain-lain,YK,197,0
3650,YK-V-MPR4/RIO1-TEMP-OK,System VITAL Modul MPR4/RIO1 Temperatur Melebihi Batas,System VITAL Temperatur Modul MPR4/RIO1 Normal,1,1,,,lain-lain,YK,197,1
3651,YK-V-MPR4/RIO1-COMM-OK,System VITAL Modul MPR4/RIO1 Gangguan Komunikasi,System VITAL Komunikasi Modul MPR4/RIO1 Normal,1,1,,,lain-lain,YK,197,2
3652,YK-V-MPR4/RIO1-COMM-DO,,,,,,,lain-lain,YK,197,3
3653,YK-V-MPR4/RIO2-OK,System VITAL Modul MPR4/RIO2 Gangguan,System VITAL Modul MPR4/RIO2 Normal,1,1,,,lain-lain,YK,197,4
3654,YK-V-MPR4/RIO2-POW-OK,System VITAL Modul MPR4/RIO2 Gangguan Suplai Daya,System VITAL Suplai Daya Modul MPR4/RIO2 Normal,1,1,,,lain-lain,YK,197,5
3655,YK-V-MPR4/RIO2-TEMP-OK,System VITAL Modul MPR4/RIO2 Temperatur Melebihi Batas,System VITAL Temperatur Modul MPR4/RIO2 Normal,1,1,,,lain-lain,YK,197,6
3656,YK-V-MPR4/RIO2-COMM-OK,System VITAL Modul MPR4/RIO2 Gangguan Komunikasi,System VITAL Komunikasi Modul MPR4/RIO2 Normal,1,1,,,lain-lain,YK,197,7
3657,YK-V-MPR4/RIO2-COMM-DO,,,,,,,lain-lain,YK,197,8
3658,YK-V-MPR4/RIO3-OK,System VITAL Modul MPR4/RIO3 Gangguan,System VITAL Modul MPR4/RIO3 Normal,1,1,,,lain-lain,YK,197,9
3659,YK-V-MPR4/RIO3-POW-OK,System VITAL Modul MPR4/RIO3 Gangguan Suplai Daya,System VITAL Suplai Daya Modul MPR4/RIO3 Normal,1,1,,,lain-lain,YK,197,10
3660,YK-V-MPR4/RIO3-TEMP-OK,System VITAL Modul MPR4/RIO3 Temperatur Melebihi Batas,System VITAL Temperatur Modul MPR4/RIO3 Normal,1,1,,,lain-lain,YK,197,11
3661,YK-V-MPR4/RIO3-COMM-OK,System VITAL Modul MPR4/RIO3 Gangguan Komunikasi,System VITAL Komunikasi Modul MPR4/RIO3 Normal,1,1,,,lain-lain,YK,197,12
3662,YK-V-MPR4/RIO3-COMM-DO,,,,,,,lain-lain,YK,197,13
3663,YK-V-MPR5/RIO1-OK,System VITAL Modul MPR5/RIO1 Gangguan,System VITAL Modul MPR5/RIO1 Normal,1,1,,,lain-lain,YK,197,14
3664,YK-V-MPR5/RIO1-POW-OK,System VITAL Modul MPR5/RIO1 Gangguan Suplai Daya,System VITAL Suplai Daya Modul MPR5/RIO1 Normal,1,1,,,lain-lain,YK,197,15
3665,YK-V-MPR5/RIO1-TEMP-OK,System VITAL Modul MPR5/RIO1 Temperatur Melebihi Batas,System VITAL Temperatur Modul MPR5/RIO1 Normal,1,1,,,lain-lain,YK,198,0
3666,YK-V-MPR5/RIO1-COMM-OK,System VITAL Modul MPR5/RIO1 Gangguan Komunikasi,System VITAL Komunikasi Modul MPR5/RIO1 Normal,1,1,,,lain-lain,YK,198,1
3667,YK-V-MPR5/RIO1-COMM-DO,,,,,,,lain-lain,YK,198,2
3668,YK-V-MPR5/RIO2-OK,System VITAL Modul MPR5/RIO2 Gangguan,System VITAL Modul MPR5/RIO2 Normal,1,1,,,lain-lain,YK,198,3
3669,YK-V-MPR5/RIO2-POW-OK,System VITAL Modul MPR5/RIO2 Gangguan Suplai Daya,System VITAL Suplai Daya Modul MPR5/RIO2 Normal,1,1,,,lain-lain,YK,198,4
3670,YK-V-MPR5/RIO2-TEMP-OK,System VITAL Modul MPR5/RIO2 Temperatur Melebihi Batas,System VITAL Temperatur Modul MPR5/RIO2 Normal,1,1,,,lain-lain,YK,198,5
3671,YK-V-MPR5/RIO2-COMM-OK,System VITAL Modul MPR5/RIO2 Gangguan Komunikasi,System VITAL Komunikasi Modul MPR5/RIO2 Normal,1,1,,,lain-lain,YK,198,6
3672,YK-V-MPR5/RIO2-COMM-DO,,,,,,,lain-lain,YK,198,7
3673,YK-V-MPR6/RIO1-OK,System VITAL Modul MPR6/RIO1 Gangguan,System VITAL Modul MPR6/RIO1 Normal,1,1,,,lain-lain,YK,198,8
3674,YK-V-MPR6/RIO1-POW-OK,System VITAL Modul MPR6/RIO1 Gangguan Suplai Daya,System VITAL Suplai Daya Modul MPR6/RIO1 Normal,1,1,,,lain-lain,YK,198,9
3675,YK-V-MPR6/RIO1-TEMP-OK,System VITAL Modul MPR6/RIO1 Temperatur Melebihi Batas,System VITAL Temperatur Modul MPR6/RIO1 Normal,1,1,,,lain-lain,YK,198,10
3676,YK-V-MPR6/RIO1-COMM-OK,System VITAL Modul MPR6/RIO1 Gangguan Komunikasi,System VITAL Komunikasi Modul MPR6/RIO1 Normal,1,1,,,lain-lain,YK,198,11
3677,YK-V-MPR6/RIO1-COMM-DO,,,,,,,lain-lain,YK,198,12
3678,YK-V-MPR6/RIO2-OK,System VITAL Modul MPR6/RIO2 Gangguan,System VITAL Modul MPR6/RIO2 Normal,1,1,,,lain-lain,YK,198,13
3679,YK-V-MPR6/RIO2-POW-OK,System VITAL Modul MPR6/RIO2 Gangguan Suplai Daya,System VITAL Suplai Daya Modul MPR6/RIO2 Normal,1,1,,,lain-lain,YK,198,14
3680,YK-V-MPR6/RIO2-TEMP-OK,System VITAL Modul MPR6/RIO2 Temperatur Melebihi Batas,System VITAL Temperatur Modul MPR6/RIO2 Normal,1,1,,,lain-lain,YK,198,15
3681,YK-V-MPR6/RIO2-COMM-OK,System VITAL Modul MPR6/RIO2 Gangguan Komunikasi,System VITAL Komunikasi Modul MPR6/RIO2 Normal,1,1,,,lain-lain,YK,199,0
3682,YK-V-MPR6/RIO2-COMM-DO,,,,,,,lain-lain,YK,199,1
3683,YK-V-MPR7/RIO1-OK,System VITAL Modul MPR7/RIO1 Gangguan,System VITAL Modul MPR7/RIO1 Normal,1,1,,,lain-lain,YK,199,2
3684,YK-V-MPR7/RIO1-POW-OK,System VITAL Modul MPR7/RIO1 Gangguan Suplai Daya,System VITAL Suplai Daya Modul MPR7/RIO1 Normal,1,1,,,lain-lain,YK,199,3
3685,YK-V-MPR7/RIO1-TEMP-OK,System VITAL Modul MPR7/RIO1 Temperatur Melebihi Batas,System VITAL Temperatur Modul MPR7/RIO1 Normal,1,1,,,lain-lain,YK,199,4
3686,YK-V-MPR7/RIO1-COMM-OK,System VITAL Modul MPR7/RIO1 Gangguan Komunikasi,System VITAL Komunikasi Modul MPR7/RIO1 Normal,1,1,,,lain-lain,YK,199,5
3687,YK-V-MPR7/RIO1-COMM-DO,,,,,,,lain-lain,YK,199,6
3688,YK-V-MPR7/RIO2-OK,System VITAL Modul MPR7/RIO2 Gangguan,System VITAL Modul MPR7/RIO2 Normal,1,1,,,lain-lain,YK,199,7
3689,YK-V-MPR7/RIO2-POW-OK,System VITAL Modul MPR7/RIO2 Gangguan Suplai Daya,System VITAL Suplai Daya Modul MPR7/RIO2 Normal,1,1,,,lain-lain,YK,199,8
3690,YK-V-MPR7/RIO2-TEMP-OK,System VITAL Modul MPR7/RIO2 Temperatur Melebihi Batas,System VITAL Temperatur Modul MPR7/RIO2 Normal,1,1,,,lain-lain,YK,199,9
3691,YK-V-MPR7/RIO2-COMM-OK,System VITAL Modul MPR7/RIO2 Gangguan Komunikasi,System VITAL Komunikasi Modul MPR7/RIO2 Normal,1,1,,,lain-lain,YK,199,10
3692,YK-V-MPR7/RIO2-COMM-DO,,,,,,,lain-lain,YK,199,11
3693,YK-V-MPR7/RIO3-OK,System VITAL Modul MPR7/RIO3 Gangguan,System VITAL Modul MPR7/RIO3 Normal,1,1,,,lain-lain,YK,199,12
3694,YK-V-MPR7/RIO3-POW-OK,System VITAL Modul MPR7/RIO3 Gangguan Suplai Daya,System VITAL Suplai Daya Modul MPR7/RIO3 Normal,1,1,,,lain-lain,YK,199,13
3695,YK-V-MPR7/RIO3-TEMP-OK,System VITAL Modul MPR7/RIO3 Temperatur Melebihi Batas,System VITAL Temperatur Modul MPR7/RIO3 Normal,1,1,,,lain-lain,YK,199,14
3696,YK-V-MPR7/RIO3-COMM-OK,System VITAL Modul MPR7/RIO3 Gangguan Komunikasi,System VITAL Komunikasi Modul MPR7/RIO3 Normal,1,1,,,lain-lain,YK,199,15
3697,YK-V-MPR7/RIO3-COMM-DO,,,,,,,lain-lain,YK,200,0
3698,YK-JPL734-UP1APPR-DO,Kereta Mendekat dari Arah Barat Jalur Normal JPL734,,1,1,,,lain-lain,YK,200,1
3699,YK-JPL734-UP2APPR-DO,Kereta Mendekat dari Arah Barat Jalur Contra Flow JPL734,,1,1,,,lain-lain,YK,200,2
3700,YK-JPL734-DN1APPR-DO,Kereta Mendekat dari Arah Timur Jalur Contra Flow JPL734,,1,1,,,lain-lain,YK,200,3
3701,YK-JPL734-DN2APPR-DO,Kereta Mendekat dari Arah Timur Jalur Normal JPL734,,1,1,,,lain-lain,YK,200,4
3702,YK-JPL732-DN1APPR-DO,Kereta Mendekat dari Arah Timur Jalur Contra Flow JPL732,,1,1,,,lain-lain,YK,200,5
3703,YK-JPL732-DN2APPR-DO,Kereta Mendekat dari Arah Timur Jalur Normal JPL732,,1,1,,,lain-lain,YK,200,6
3704,YK-J10-TUR-DO,,,,,,,,YK,200,7
3705,YK-J14-TUR-DO,,,,,,,,YK,200,8
3706,YK-JL22A-TUR-DO,,,,,,,,YK,200,9
3707,YK-JL52B-TUR-DO,,,,,,,,YK,200,10
3708,,,,,,,,,YK,200,11
3709,,,,,,,,,YK,200,12
3710,,,,,,,,,YK,200,13
3711,,,,,,,,,YK,200,14
3712,,,,,,,,,YK,200,15
